approximant,fti_param,fti_value,TDIA_max_abs,TDIA_nonzero_bins,TDIA_max_abs_phase_diff_rad,TDIA_rms_phase_diff_rad,TDIA_max_abs_rel_amp_diff,TDIA_rms_rel_amp_diff,TDIE_max_abs,TDIE_nonzero_bins,TDIE_max_abs_phase_diff_rad,TDIE_rms_phase_diff_rad,TDIE_max_abs_rel_amp_diff,TDIE_rms_rel_amp_diff,TDIT_max_abs,TDIT_nonzero_bins,TDIT_max_abs_phase_diff_rad,TDIT_rms_phase_diff_rad,TDIT_max_abs_rel_amp_diff,TDIT_rms_rel_amp_diff
SEOBNRv5HMROM,fti_dchi2v,-0.5,1.789300929112876e-16,15951,119.95210488533621,118.6683754879861,0.6988098672728192,0.07280443161617295,1.7496487573558972e-16,15951,113.65851227099509,112.40017889024462,0.6937920497957856,0.07210310359333579,1.4652241921869036e-18,15951,119.94041225862873,118.66835314947424,0.7047616075532124,0.07249062719610114
SEOBNRv5HMROM,fti_dchi2v,-0.2,1.8256662186034868e-16,15951,69.45415623717797,68.79265631827468,0.7895986406824778,0.06384734285701711,1.7539926358340597e-16,15951,75.7381206306644,75.06674427888875,0.8040154574987155,0.06323497171312115,1.4652241921869036e-18,15951,69.45454931517814,68.7926788339768,0.8021348156384442,0.06340937540334299
SEOBNRv5HMROM,fti_dchi2v,-0.1,1.8063569771473807e-16,15951,63.13937401769604,62.64361949511,0.558712780259734,0.05317086264576175,1.748706141058965e-16,15951,63.13352088642913,62.643592902497765,0.5727862545418069,0.05261325076347011,1.4652241921869036e-18,15951,63.139704954535205,62.6435934442236,0.5829202084822728,0.05266623581927322
SEOBNRv5HMROM,fti_dchi2v,-0.05,1.8283219386045969e-16,15951,31.63981665498788,31.32196252189667,0.5102898415019713,0.04006126757064294,1.775650211512619e-16,15951,31.62991755652037,31.321929865520417,0.5319404096126638,0.03955256450862784,1.4652241921869036e-18,15951,31.634413659495156,31.321918256781178,0.5217730315915907,0.03954840120975279
SEOBNRv5HMROM,fti_dchi2v,0.0,1.8412724872353152e-16,15951,0.0,0.0,0.0,0.0,1.7592322848111545e-16,15951,0.0,0.0,0.0,0.0,1.4652241921869036e-18,15951,0.0,0.0,0.0,0.0
SEOBNRv5HMROM,fti_dchi2v,0.05,1.8527784480735678e-16,15951,31.637991673256295,31.321692138817024,0.5002109781307674,0.040526437660313046,1.792104691596611e-16,15951,31.63172174364918,31.32169269638817,0.4714172308962753,0.039926629080722635,1.4652241921869036e-18,15951,31.636906507701894,31.32172492415027,0.5456228600300528,0.04002126090566633
SEOBNRv5HMROM,fti_dchi2v,0.1,1.8642157607737235e-16,15951,63.14357834523561,62.643246375178634,0.7013974684657388,0.053014315944623865,1.7934367800888594e-16,15951,63.13615062002143,62.643284098498505,0.6209201682262318,0.05223372006455035,1.4652241921869036e-18,15951,63.143918242545475,62.643384162548514,0.6005801309078163,0.05234661193081452
SEOBNRv5HMROM,fti_dchi2v,0.2,1.8539380646782974e-16,15951,69.4250057178731,68.79256872752545,0.6526249435880328,0.06339455847081799,1.7704760903096738e-16,15951,75.70722020217046,75.0664674756684,0.6624582583869298,0.06283811555365423,1.4652241921869036e-18,15951,75.70128990437084,75.06675028199834,0.6668884491284459,0.06293458699846408
SEOBNRv5HMROM,fti_dchi2v,0.5,1.83375164301935e-16,15951,119.96709832634079,118.66828904801123,0.808599291122579,0.07209087437153583,1.7904350498011847e-16,15951,119.93633440234589,118.66832203573382,0.7939195103588162,0.07106850080822498,1.4652241921869036e-18,15951,126.24216685034996,124.93776789990528,0.7492879600684992,0.07135068678279853
