mass_label,M,q_label,q,case_id,d_omega,d_tau,fti_case,fti_value,parameter,Delta_theta_over_sigma,Delta_theta,sigma,is_active_fti_parameter
M1e6,1000000.0,q1,1.0,0,0.01,0.01,fti_dchiMinus2v,0.0,Mchirp,-4.179606931115671,-92.82073437891707,22.20800565907288,False
M1e6,1000000.0,q1,1.0,0,0.01,0.01,fti_dchiMinus2v,0.0,q,-0.7754719595037157,-0.0012412230788193728,0.0016006034307336232,False
M1e6,1000000.0,q1,1.0,0,0.01,0.01,fti_dchiMinus2v,0.0,chiPN,-5.326243632014516,-0.0010089799437200775,0.0001894355597358314,False
M1e6,1000000.0,q1,1.0,0,0.01,0.01,fti_dchiMinus2v,0.0,chim,4.4816143503702985,0.017401269034953613,0.003882812681889019,False
M1e6,1000000.0,q1,1.0,0,0.01,0.01,fti_dchiMinus2v,0.0,Deltat,-1.4654863148654051,-0.11290900767783686,0.07704541934818872,False
M1e6,1000000.0,q1,1.0,0,0.01,0.01,fti_dchiMinus2v,0.0,dist,4.448371247119638,228.1859578072732,51.2965184628027,False
M1e6,1000000.0,q1,1.0,0,0.01,0.01,fti_dchiMinus2v,0.0,inc,-4.637341818907081,-0.022869000376094198,0.004931489044619083,False
M1e6,1000000.0,q1,1.0,0,0.01,0.01,fti_dchiMinus2v,0.0,phi,-0.9996798369462682,-0.0038639921020558092,0.0038652296057697672,False
M1e6,1000000.0,q1,1.0,0,0.01,0.01,fti_dchiMinus2v,0.0,lambda,4.670993720813622,0.026146065474725574,0.005597538133742404,False
M1e6,1000000.0,q1,1.0,0,0.01,0.01,fti_dchiMinus2v,0.0,beta,1.422520220726351,0.004299558065233114,0.0030224934609630527,False
M1e6,1000000.0,q1,1.0,0,0.01,0.01,fti_dchiMinus2v,0.0,psi,4.529866168370187,0.031063998784193622,0.006857597471885185,False
M1e6,1000000.0,q1,1.0,0,0.01,0.01,fti_dchiMinus2v,0.0,fti_dchiMinus2v,3.553559605094853,4.526382000049641e-06,1.2737599767737177e-06,True
M1e6,1000000.0,q1,1.0,0,0.01,0.01,fti_dchi0v,0.0,Mchirp,-7.342963113209772,-934.4386995183022,127.2563521172093,False
M1e6,1000000.0,q1,1.0,0,0.01,0.01,fti_dchi0v,0.0,q,-0.7195340842563216,-0.0011515375803866697,0.0016003933734103058,False
M1e6,1000000.0,q1,1.0,0,0.01,0.01,fti_dchi0v,0.0,chiPN,-7.659704899106143,-0.0010169930068285732,0.00013277182609832034,False
M1e6,1000000.0,q1,1.0,0,0.01,0.01,fti_dchi0v,0.0,chim,3.450214585678873,0.013529342672319755,0.003921304700431462,False
M1e6,1000000.0,q1,1.0,0,0.01,0.01,fti_dchi0v,0.0,Deltat,3.6543644151751455,0.36848008077525707,0.10083287787203254,False
M1e6,1000000.0,q1,1.0,0,0.01,0.01,fti_dchi0v,0.0,dist,3.901744551874725,200.8386474897618,51.4740636706373,False
M1e6,1000000.0,q1,1.0,0,0.01,0.01,fti_dchi0v,0.0,inc,-4.280136591991189,-0.02113922636248622,0.004938913959437894,False
M1e6,1000000.0,q1,1.0,0,0.01,0.01,fti_dchi0v,0.0,phi,-4.4271621672927015,-0.020874619868166133,0.0047151242894116485,False
M1e6,1000000.0,q1,1.0,0,0.01,0.01,fti_dchi0v,0.0,lambda,4.312754808624508,0.024176777042514808,0.005605877940050491,False
M1e6,1000000.0,q1,1.0,0,0.01,0.01,fti_dchi0v,0.0,beta,1.3565918872368532,0.004097343444302911,0.0030203213529814794,False
M1e6,1000000.0,q1,1.0,0,0.01,0.01,fti_dchi0v,0.0,psi,4.199126372642471,0.028832424225923026,0.006866291144216993,False
M1e6,1000000.0,q1,1.0,0,0.01,0.01,fti_dchi0v,0.0,fti_dchi0v,7.222161363123627,0.0035432161084254787,0.0004906032876137535,True
M1e6,1000000.0,q1,1.0,0,0.01,0.01,fti_dchi1v,0.0,Mchirp,0.2448269792523769,6.5111388473206375,26.594858406551303,False
M1e6,1000000.0,q1,1.0,0,0.01,0.01,fti_dchi1v,0.0,q,-0.8446137058001961,-0.0013519478393542606,0.0016006700223665097,False
M1e6,1000000.0,q1,1.0,0,0.01,0.01,fti_dchi1v,0.0,chiPN,-2.924498853957425,-0.0006104737902464107,0.00020874475277031447,False
M1e6,1000000.0,q1,1.0,0,0.01,0.01,fti_dchi1v,0.0,chim,4.5446291678440565,0.017670074757570518,0.0038881224638957924,False
M1e6,1000000.0,q1,1.0,0,0.01,0.01,fti_dchi1v,0.0,Deltat,-1.5524247015611903,-0.12888106420509093,0.08301920478042005,False
M1e6,1000000.0,q1,1.0,0,0.01,0.01,fti_dchi1v,0.0,dist,4.558802097370795,233.75021783984585,51.274482385330344,False
M1e6,1000000.0,q1,1.0,0,0.01,0.01,fti_dchi1v,0.0,inc,-4.786741397571584,-0.023584850992809096,0.00492712035890934,False
M1e6,1000000.0,q1,1.0,0,0.01,0.01,fti_dchi1v,0.0,phi,0.08863419501094749,0.00032655035645219946,0.0036842480084787388,False
M1e6,1000000.0,q1,1.0,0,0.01,0.01,fti_dchi1v,0.0,lambda,4.82919251429117,0.02700479659867462,0.005591990072617429,False
M1e6,1000000.0,q1,1.0,0,0.01,0.01,fti_dchi1v,0.0,beta,1.3068246564071153,0.003948224224558526,0.0030212348727896472,False
M1e6,1000000.0,q1,1.0,0,0.01,0.01,fti_dchi1v,0.0,psi,4.591468470135927,0.03148331547906989,0.006856916405687056,False
M1e6,1000000.0,q1,1.0,0,0.01,0.01,fti_dchi1v,0.0,fti_dchi1v,-0.8698770850613594,-0.0007679690389918378,0.0008828477634143757,True
M1e6,1000000.0,q1,1.0,0,0.01,0.01,fti_dchi2v,0.0,Mchirp,0.553113724644249,6.827287784709284,12.343370776236751,False
M1e6,1000000.0,q1,1.0,0,0.01,0.01,fti_dchi2v,0.0,q,-0.7824838860567749,-0.001253103657350691,0.0016014434030910756,False
M1e6,1000000.0,q1,1.0,0,0.01,0.01,fti_dchi2v,0.0,chiPN,-3.5423507968423618,-0.0009800027276260655,0.00027665321246547243,False
M1e6,1000000.0,q1,1.0,0,0.01,0.01,fti_dchi2v,0.0,chim,4.590705257421827,0.017841464326453116,0.0038864321114078695,False
M1e6,1000000.0,q1,1.0,0,0.01,0.01,fti_dchi2v,0.0,Deltat,-1.9580518910049787,-0.16081704457278556,0.08213114540608293,False
M1e6,1000000.0,q1,1.0,0,0.01,0.01,fti_dchi2v,0.0,dist,4.53738413005957,232.65900317918124,51.276020832762676,False
M1e6,1000000.0,q1,1.0,0,0.01,0.01,fti_dchi2v,0.0,inc,-4.762199127860847,-0.023465828157112324,0.004927519309267742,False
M1e6,1000000.0,q1,1.0,0,0.01,0.01,fti_dchi2v,0.0,phi,-0.5669239382296728,-0.0022279584847716624,0.003929907231874675,False
M1e6,1000000.0,q1,1.0,0,0.01,0.01,fti_dchi2v,0.0,lambda,4.802546191695513,0.026858291921759772,0.005592510899364738,False
M1e6,1000000.0,q1,1.0,0,0.01,0.01,fti_dchi2v,0.0,beta,1.3390249631250561,0.0040455401314916034,0.003021258186292511,False
M1e6,1000000.0,q1,1.0,0,0.01,0.01,fti_dchi2v,0.0,psi,4.588373730754958,0.03146142542940909,0.006856770454099981,False
M1e6,1000000.0,q1,1.0,0,0.01,0.01,fti_dchi2v,0.0,fti_dchi2v,-2.0603229315234457,-0.0012312450900149301,0.0005975981100712799,True
M1e6,1000000.0,q1,1.0,0,0.01,0.01,fti_dchi3v,0.0,Mchirp,-0.723739562190039,-4.99414155761724,6.900467818154015,False
M1e6,1000000.0,q1,1.0,0,0.01,0.01,fti_dchi3v,0.0,q,-0.7312058028935349,-0.001171701794189402,0.0016024240912103432,False
M1e6,1000000.0,q1,1.0,0,0.01,0.01,fti_dchi3v,0.0,chiPN,-3.712268932827061,-0.0012719421096949535,0.00034263199480171066,False
M1e6,1000000.0,q1,1.0,0,0.01,0.01,fti_dchi3v,0.0,chim,4.608573195220642,0.017910292761658737,0.0038862988614855355,False
M1e6,1000000.0,q1,1.0,0,0.01,0.01,fti_dchi3v,0.0,Deltat,-2.1402184526122596,-0.17666293356275897,0.08254434651151228,False
M1e6,1000000.0,q1,1.0,0,0.01,0.01,fti_dchi3v,0.0,dist,4.51842079110133,231.702424171553,51.279514432978985,False
M1e6,1000000.0,q1,1.0,0,0.01,0.01,fti_dchi3v,0.0,inc,-4.7600683766741865,-0.02345470054716972,0.004927387316977428,False
M1e6,1000000.0,q1,1.0,0,0.01,0.01,fti_dchi3v,0.0,phi,-1.1000596327102714,-0.004675659084976573,0.004250368749062194,False
M1e6,1000000.0,q1,1.0,0,0.01,0.01,fti_dchi3v,0.0,lambda,4.800494872173742,0.026845894141719354,0.005592318053984942,False
M1e6,1000000.0,q1,1.0,0,0.01,0.01,fti_dchi3v,0.0,beta,1.3374551366605023,0.004040259952827453,0.003020856432549653,False
M1e6,1000000.0,q1,1.0,0,0.01,0.01,fti_dchi3v,0.0,psi,4.585882815098384,0.03144432101861429,0.006856765051886676,False
M1e6,1000000.0,q1,1.0,0,0.01,0.01,fti_dchi3v,0.0,fti_dchi3v,2.511718111526647,0.0011450677033292096,0.0004558902123906039,True
M1e6,1000000.0,q1,1.0,0,0.01,0.01,fti_dchi4v,0.0,Mchirp,-3.0817051892277503,-16.261389480351767,5.2767505266870565,False
M1e6,1000000.0,q1,1.0,0,0.01,0.01,fti_dchi4v,0.0,q,-0.7005742738113238,-0.001123394419940412,0.00160353364651663,False
M1e6,1000000.0,q1,1.0,0,0.01,0.01,fti_dchi4v,0.0,chiPN,-3.5690212071837313,-0.0014355786442930467,0.000402233150479328,False
M1e6,1000000.0,q1,1.0,0,0.01,0.01,fti_dchi4v,0.0,chim,4.609100566836264,0.017912253213904106,0.0038862795363563242,False
M1e6,1000000.0,q1,1.0,0,0.01,0.01,fti_dchi4v,0.0,Deltat,-2.172964976975242,-0.18035592414948898,0.08299992225394431,False
M1e6,1000000.0,q1,1.0,0,0.01,0.01,fti_dchi4v,0.0,dist,4.5094110683719135,231.25300121736677,51.28230664960398,False
M1e6,1000000.0,q1,1.0,0,0.01,0.01,fti_dchi4v,0.0,inc,-4.77649408477317,-0.023534076168185793,0.00492706067473407,False
M1e6,1000000.0,q1,1.0,0,0.01,0.01,fti_dchi4v,0.0,phi,-1.3703866294718927,-0.006321817953885436,0.004613163772855608,False
M1e6,1000000.0,q1,1.0,0,0.01,0.01,fti_dchi4v,0.0,lambda,4.818514909622285,0.026944517530166787,0.0055918717769992176,False
M1e6,1000000.0,q1,1.0,0,0.01,0.01,fti_dchi4v,0.0,beta,1.3121200853022965,0.003963067773175833,0.0030203544763685183,False
M1e6,1000000.0,q1,1.0,0,0.01,0.01,fti_dchi4v,0.0,psi,4.586269646484199,0.03144697397434497,0.006856765170458739,False
M1e6,1000000.0,q1,1.0,0,0.01,0.01,fti_dchi4v,0.0,fti_dchi4v,-2.530350515901742,-0.010464394475453997,0.004135551343456776,True
M1e6,1000000.0,q1,1.0,0,0.01,0.01,fti_dchi5lv,0.0,Mchirp,-3.7296199153946574,-23.09299397976872,6.19178213963529,False
M1e6,1000000.0,q1,1.0,0,0.01,0.01,fti_dchi5lv,0.0,q,-0.7107047763455359,-0.0011402047716626749,0.0016043296873923378,False
M1e6,1000000.0,q1,1.0,0,0.01,0.01,fti_dchi5lv,0.0,chiPN,-3.1145444197753953,-0.0013603572342802735,0.00043677567275742223,False
M1e6,1000000.0,q1,1.0,0,0.01,0.01,fti_dchi5lv,0.0,chim,4.587491273171767,0.01782641928816541,0.0038858753568462526,False
M1e6,1000000.0,q1,1.0,0,0.01,0.01,fti_dchi5lv,0.0,Deltat,-2.018182751091049,-0.16712883119142696,0.08281154474295033,False
M1e6,1000000.0,q1,1.0,0,0.01,0.01,fti_dchi5lv,0.0,dist,4.513862436771182,231.4861908526833,51.28339511787782,False
M1e6,1000000.0,q1,1.0,0,0.01,0.01,fti_dchi5lv,0.0,inc,-4.798586287821222,-0.023642389204307494,0.004926948852480096,False
M1e6,1000000.0,q1,1.0,0,0.01,0.01,fti_dchi5lv,0.0,phi,-1.2536161020696177,-0.0061346993762695645,0.004893602886993616,False
M1e6,1000000.0,q1,1.0,0,0.01,0.01,fti_dchi5lv,0.0,lambda,4.8426143668634465,0.027078525776422946,0.005591716317886708,False
M1e6,1000000.0,q1,1.0,0,0.01,0.01,fti_dchi5lv,0.0,beta,1.2796101197749281,0.0038646479252854174,0.0030201761189300176,False
M1e6,1000000.0,q1,1.0,0,0.01,0.01,fti_dchi5lv,0.0,psi,4.587684431277661,0.031456686617135576,0.006856767741624058,False
M1e6,1000000.0,q1,1.0,0,0.01,0.01,fti_dchi5lv,0.0,fti_dchi5lv,2.139030573764404,0.003678846700995657,0.0017198663479229216,True
M1e6,1000000.0,q1,1.0,0,0.01,0.01,fti_dchi6v,0.0,Mchirp,-3.2239151901440595,-23.886847076458025,7.409266580424732,False
M1e6,1000000.0,q1,1.0,0,0.01,0.01,fti_dchi6v,0.0,q,-0.7564661120566234,-0.001213735904955702,0.0016044815301188941,False
M1e6,1000000.0,q1,1.0,0,0.01,0.01,fti_dchi6v,0.0,chiPN,-2.477555742289898,-0.0010855898227717029,0.00043816968645409325,False
M1e6,1000000.0,q1,1.0,0,0.01,0.01,fti_dchi6v,0.0,chim,4.5543144926629315,0.01769402146069761,0.003885111906347913,False
M1e6,1000000.0,q1,1.0,0,0.01,0.01,fti_dchi6v,0.0,Deltat,-1.7508668405174184,-0.14342531046736362,0.08191674383700041,False
M1e6,1000000.0,q1,1.0,0,0.01,0.01,fti_dchi6v,0.0,dist,4.527515947144847,232.1830929566941,51.28266706671988,False
M1e6,1000000.0,q1,1.0,0,0.01,0.01,fti_dchi6v,0.0,inc,-4.810050711190704,-0.023700195270735504,0.004927223576998139,False
M1e6,1000000.0,q1,1.0,0,0.01,0.01,fti_dchi6v,0.0,phi,-0.842369053686273,-0.00420839479020986,0.004995903840239138,False
M1e6,1000000.0,q1,1.0,0,0.01,0.01,fti_dchi6v,0.0,lambda,4.855112062483018,0.027150174866816534,0.0055920799597221444,False
M1e6,1000000.0,q1,1.0,0,0.01,0.01,fti_dchi6v,0.0,beta,1.2620721317369425,0.0038120884515989656,0.0030204996653816697,False
M1e6,1000000.0,q1,1.0,0,0.01,0.01,fti_dchi6v,0.0,psi,4.588223520054579,0.031460413125876885,0.006856774302378069,False
M1e6,1000000.0,q1,1.0,0,0.01,0.01,fti_dchi6v,0.0,fti_dchi6v,-1.4849141828889711,-0.004660036813014967,0.0031382532854179117,True
M1e6,1000000.0,q1,1.0,0,0.01,0.01,fti_dchi6lv,0.0,Mchirp,-3.8105077823200584,-21.898050054118514,5.746753793738668,False
M1e6,1000000.0,q1,1.0,0,0.01,0.01,fti_dchi6lv,0.0,q,-0.6953744272151791,-0.001115229310798349,0.0016037824618667614,False
M1e6,1000000.0,q1,1.0,0,0.01,0.01,fti_dchi6lv,0.0,chiPN,-3.5314166269167866,-0.0014618048107807972,0.00041394289182386035,False
M1e6,1000000.0,q1,1.0,0,0.01,0.01,fti_dchi6lv,0.0,chim,4.605656290454581,0.017897907137034152,0.003886070954562616,False
M1e6,1000000.0,q1,1.0,0,0.01,0.01,fti_dchi6lv,0.0,Deltat,-2.1546810041621844,-0.17829646663129872,0.08274842832274684,False
M1e6,1000000.0,q1,1.0,0,0.01,0.01,fti_dchi6lv,0.0,dist,4.507567966302395,231.1618052552202,51.28304375737336,False
M1e6,1000000.0,q1,1.0,0,0.01,0.01,fti_dchi6lv,0.0,inc,-4.784762307896303,-0.02357440370840122,0.004926974882220656,False
M1e6,1000000.0,q1,1.0,0,0.01,0.01,fti_dchi6lv,0.0,phi,-1.4223286128433008,-0.006711124746605582,0.004718406622777371,False
M1e6,1000000.0,q1,1.0,0,0.01,0.01,fti_dchi6lv,0.0,lambda,4.8275806598036075,0.026994643880320843,0.005591754086076528,False
M1e6,1000000.0,q1,1.0,0,0.01,0.01,fti_dchi6lv,0.0,beta,1.2994252535371786,0.003924556320341867,0.0030202247567982783,False
M1e6,1000000.0,q1,1.0,0,0.01,0.01,fti_dchi6lv,0.0,psi,4.586554049603762,0.031448924941943665,0.006856765362802294,False
M1e6,1000000.0,q1,1.0,0,0.01,0.01,fti_dchi6lv,0.0,fti_dchi6lv,2.5191176563393856,0.04527864537027482,0.01797400977137,True
M1e6,1000000.0,q1,1.0,0,0.01,0.01,fti_dchi7v,0.0,Mchirp,-2.5923293438806634,-21.01546994149777,8.106790131086525,False
M1e6,1000000.0,q1,1.0,0,0.01,0.01,fti_dchi7v,0.0,q,-0.8104634036593634,-0.0013001193663282982,0.0016041678877270274,False
M1e6,1000000.0,q1,1.0,0,0.01,0.01,fti_dchi7v,0.0,chiPN,-1.8501805293227376,-0.0007732647900824206,0.00041794018358061295,False
M1e6,1000000.0,q1,1.0,0,0.01,0.01,fti_dchi7v,0.0,chim,4.525852922940213,0.017579905353098918,0.0038843297942784587,False
M1e6,1000000.0,q1,1.0,0,0.01,0.01,fti_dchi7v,0.0,Deltat,-1.50002303022911,-0.12120974719722466,0.0808052574890876,False
M1e6,1000000.0,q1,1.0,0,0.01,0.01,fti_dchi7v,0.0,dist,4.541752841153058,232.9061864680006,51.28112308481994,False
M1e6,1000000.0,q1,1.0,0,0.01,0.01,fti_dchi7v,0.0,inc,-4.8074409127702085,-0.023689598441319328,0.004927694145629881,False
M1e6,1000000.0,q1,1.0,0,0.01,0.01,fti_dchi7v,0.0,phi,-0.35691696412542623,-0.0017690003699744883,0.004956335920622797,False
M1e6,1000000.0,q1,1.0,0,0.01,0.01,fti_dchi7v,0.0,lambda,4.8522908702621095,0.027137441554976882,0.005592707090436848,False
M1e6,1000000.0,q1,1.0,0,0.01,0.01,fti_dchi7v,0.0,beta,1.2644752868024907,0.0038200759302452966,0.0030210759910580896,False
M1e6,1000000.0,q1,1.0,0,0.01,0.01,fti_dchi7v,0.0,psi,4.587535031670399,0.03145572792070225,0.0068567820634709556,False
M1e6,1000000.0,q1,1.0,0,0.01,0.01,fti_dchi7v,0.0,fti_dchi7v,0.7884138925254186,0.006584212888224694,0.008351213684394098,True
M1e6,1000000.0,q1,1.0,0,0.01,0.01,fti_dkappa_S,0.0,Mchirp,-2.6487032039397023,-13.914971893354242,5.253503628740662,False
M1e6,1000000.0,q1,1.0,0,0.01,0.01,fti_dkappa_S,0.0,q,-0.9152345617586479,-0.001464347077253146,0.0015999691646689602,False
M1e6,1000000.0,q1,1.0,0,0.01,0.01,fti_dkappa_S,0.0,chiPN,-4.037487923583779,-0.0004338917847939566,0.00010746577897100507,False
M1e6,1000000.0,q1,1.0,0,0.01,0.01,fti_dkappa_S,0.0,chim,3.8720998607694654,0.014868164834418607,0.003839819573109873,False
M1e6,1000000.0,q1,1.0,0,0.01,0.01,fti_dkappa_S,0.0,Deltat,-1.5631551617985524,-0.12017138072795802,0.0768774486786647,False
M1e6,1000000.0,q1,1.0,0,0.01,0.01,fti_dkappa_S,0.0,dist,-2.6485617240696255,-0.13385006143110337,0.050536885817951474,False
M1e6,1000000.0,q1,1.0,0,0.01,0.01,fti_dkappa_S,0.0,inc,-1.6521190652463726,-0.0038804256410386647,0.0023487566499694108,False
M1e6,1000000.0,q1,1.0,0,0.01,0.01,fti_dkappa_S,0.0,phi,-2.1896791665203805,-0.006979968480146127,0.003187667210278114,False
M1e6,1000000.0,q1,1.0,0,0.01,0.01,fti_dkappa_S,0.0,lambda,1.8355204253148267,0.005437816472824663,0.0029625475139520574,False
M1e6,1000000.0,q1,1.0,0,0.01,0.01,fti_dkappa_S,0.0,beta,-1.4853025284065848,-0.003736946707367853,0.002515949872768887,False
M1e6,1000000.0,q1,1.0,0,0.01,0.01,fti_dkappa_S,0.0,psi,0.5804870542450925,0.0007498452319567783,0.0012917518598789966,False
M1e6,1000000.0,q1,1.0,0,0.01,0.01,fti_dkappa_S,0.0,fti_dkappa_S,,0.0,0.0,True
M1e6,1000000.0,q1,1.0,0,0.01,0.01,fti_dxi0v,0.0,Mchirp,-7.359667883199363,-939.633667769498,127.67337910919758,False
M1e6,1000000.0,q1,1.0,0,0.01,0.01,fti_dxi0v,0.0,q,-0.7171077095660696,-0.001147661339783535,0.001600403014043732,False
M1e6,1000000.0,q1,1.0,0,0.01,0.01,fti_dxi0v,0.0,chiPN,-7.674820774258861,-0.0010201482625863598,0.00013292144436882606,False
M1e6,1000000.0,q1,1.0,0,0.01,0.01,fti_dxi0v,0.0,chim,3.4431268317212145,0.013502692859175611,0.003921636790947266,False
M1e6,1000000.0,q1,1.0,0,0.01,0.01,fti_dxi0v,0.0,Deltat,3.674828712965714,0.3710076371098561,0.1009591646546269,False
M1e6,1000000.0,q1,1.0,0,0.01,0.01,fti_dxi0v,0.0,dist,3.8721311625875527,199.377364586814,51.4903437448591,False
M1e6,1000000.0,q1,1.0,0,0.01,0.01,fti_dxi0v,0.0,inc,-4.269910617612645,-0.021090407733434326,0.004939308950974297,False
M1e6,1000000.0,q1,1.0,0,0.01,0.01,fti_dxi0v,0.0,phi,-4.464404276530892,-0.021130457550813782,0.0047330967900679035,False
M1e6,1000000.0,q1,1.0,0,0.01,0.01,fti_dxi0v,0.0,lambda,4.30411353197163,0.024129956073548786,0.005606254550282581,False
M1e6,1000000.0,q1,1.0,0,0.01,0.01,fti_dxi0v,0.0,beta,1.3183819531839007,0.003981729270290075,0.0030201636640081225,False
M1e6,1000000.0,q1,1.0,0,0.01,0.01,fti_dxi0v,0.0,psi,4.171608185170755,0.028648585175093333,0.006867515812470934,False
M1e6,1000000.0,q1,1.0,0,0.01,0.01,fti_dxi0v,0.0,fti_dxi0v,-1.6810259455333556,-3.4551030299678824e-05,2.0553537791301893e-05,True
M1e6,1000000.0,q2,2.0,1,0.01,0.01,fti_dchiMinus2v,0.0,Mchirp,-8.114084142333606,-190.0992599081422,23.428307689876842,False
M1e6,1000000.0,q2,2.0,1,0.01,0.01,fti_dchiMinus2v,0.0,q,-11.664883951134799,-0.04382819591456092,0.0037572766345692764,False
M1e6,1000000.0,q2,2.0,1,0.01,0.01,fti_dchiMinus2v,0.0,chiPN,-16.15952177195489,-0.008193681651214105,0.0005070497609300773,False
M1e6,1000000.0,q2,2.0,1,0.01,0.01,fti_dchiMinus2v,0.0,chim,6.682265533076317,0.028148470010103635,0.00421241416863375,False
M1e6,1000000.0,q2,2.0,1,0.01,0.01,fti_dchiMinus2v,0.0,Deltat,14.76160294383498,1.4783054218547467,0.10014531805789727,False
M1e6,1000000.0,q2,2.0,1,0.01,0.01,fti_dchiMinus2v,0.0,dist,-5.1640974054219155,-227.4488486034809,44.044259963934195,False
M1e6,1000000.0,q2,2.0,1,0.01,0.01,fti_dchiMinus2v,0.0,inc,5.95787221918206,0.027408798026740653,0.004600434017113501,False
M1e6,1000000.0,q2,2.0,1,0.01,0.01,fti_dchiMinus2v,0.0,phi,-12.6503291888476,-0.13944702607872353,0.011023193467697156,False
M1e6,1000000.0,q2,2.0,1,0.01,0.01,fti_dchiMinus2v,0.0,lambda,-5.790499322635301,-0.03101726257943084,0.005356578224296319,False
M1e6,1000000.0,q2,2.0,1,0.01,0.01,fti_dchiMinus2v,0.0,beta,0.867666242834616,0.0017320234340061271,0.0019961862620674346,False
M1e6,1000000.0,q2,2.0,1,0.01,0.01,fti_dchiMinus2v,0.0,psi,-4.926109674736955,-0.02946282521802926,0.005980951940458476,False
M1e6,1000000.0,q2,2.0,1,0.01,0.01,fti_dchiMinus2v,0.0,fti_dchiMinus2v,6.152602838752093,8.353505771013715e-06,1.3577189995751493e-06,True
M1e6,1000000.0,q2,2.0,1,0.01,0.01,fti_dchi0v,0.0,Mchirp,4.800780461356246,712.1257364444373,148.33540966446483,False
M1e6,1000000.0,q2,2.0,1,0.01,0.01,fti_dchi0v,0.0,q,-12.511178027402392,-0.04713577118999655,0.003767492644318404,False
M1e6,1000000.0,q2,2.0,1,0.01,0.01,fti_dchi0v,0.0,chiPN,-15.804190539538997,-0.0073526572763742545,0.000465234664058203,False
M1e6,1000000.0,q2,2.0,1,0.01,0.01,fti_dchi0v,0.0,chim,6.778816930516064,0.03525479489082303,0.00520072975154665,False
M1e6,1000000.0,q2,2.0,1,0.01,0.01,fti_dchi0v,0.0,Deltat,12.769933012583882,1.268298076870181,0.09931908613932128,False
M1e6,1000000.0,q2,2.0,1,0.01,0.01,fti_dchi0v,0.0,dist,-5.3656542817684745,-237.7477204508195,44.309176097804766,False
M1e6,1000000.0,q2,2.0,1,0.01,0.01,fti_dchi0v,0.0,inc,6.213627596493485,0.0288502792555012,0.004643065392554613,False
M1e6,1000000.0,q2,2.0,1,0.01,0.01,fti_dchi0v,0.0,phi,-10.603975528169531,-0.11977032663796636,0.011294851286651472,False
M1e6,1000000.0,q2,2.0,1,0.01,0.01,fti_dchi0v,0.0,lambda,-5.987477579090831,-0.03229541912774284,0.005393827150271642,False
M1e6,1000000.0,q2,2.0,1,0.01,0.01,fti_dchi0v,0.0,beta,0.09478310049640518,0.00018929130446210338,0.001997099730550412,False
M1e6,1000000.0,q2,2.0,1,0.01,0.01,fti_dchi0v,0.0,psi,-5.394609896130453,-0.03264140644805526,0.006050744553645833,False
M1e6,1000000.0,q2,2.0,1,0.01,0.01,fti_dchi0v,0.0,fti_dchi0v,-5.143889003766195,-0.0032121266310758123,0.0006244548878725792,True
M1e6,1000000.0,q2,2.0,1,0.01,0.01,fti_dchi1v,0.0,Mchirp,6.052926277042153,167.75372146447415,27.714482844560493,False
M1e6,1000000.0,q2,2.0,1,0.01,0.01,fti_dchi1v,0.0,q,-11.238449161409296,-0.042341899284455226,0.0037675927235449247,False
M1e6,1000000.0,q2,2.0,1,0.01,0.01,fti_dchi1v,0.0,chiPN,-16.830069516995078,-0.009491546783687903,0.0005639636113269346,False
M1e6,1000000.0,q2,2.0,1,0.01,0.01,fti_dchi1v,0.0,chim,8.65804640019983,0.04371512379480322,0.005049074788256421,False
M1e6,1000000.0,q2,2.0,1,0.01,0.01,fti_dchi1v,0.0,Deltat,14.31681284972957,1.4064268075544268,0.09823602657353957,False
M1e6,1000000.0,q2,2.0,1,0.01,0.01,fti_dchi1v,0.0,dist,-5.552196535003241,-245.26442263005478,44.174304905060715,False
M1e6,1000000.0,q2,2.0,1,0.01,0.01,fti_dchi1v,0.0,inc,6.328866561417794,0.02919714273052026,0.004613328855519354,False
M1e6,1000000.0,q2,2.0,1,0.01,0.01,fti_dchi1v,0.0,phi,-12.207524929333047,-0.13403441274811118,0.010979655050799399,False
M1e6,1000000.0,q2,2.0,1,0.01,0.01,fti_dchi1v,0.0,lambda,-6.109484721642921,-0.03279271387508381,0.005367508942106892,False
M1e6,1000000.0,q2,2.0,1,0.01,0.01,fti_dchi1v,0.0,beta,0.6861371529717337,0.0013672382458576556,0.0019926602719820665,False
M1e6,1000000.0,q2,2.0,1,0.01,0.01,fti_dchi1v,0.0,psi,-5.295297083734762,-0.03174650405011572,0.005995226244742623,False
M1e6,1000000.0,q2,2.0,1,0.01,0.01,fti_dchi1v,0.0,fti_dchi1v,-8.042362475630986,-0.008617953699330955,0.0010715699180985758,True
M1e6,1000000.0,q2,2.0,1,0.01,0.01,fti_dchi2v,0.0,Mchirp,2.8379396549019575,33.46721217148573,11.792784992336957,False
M1e6,1000000.0,q2,2.0,1,0.01,0.01,fti_dchi2v,0.0,q,-10.654166574627315,-0.040449233657851406,0.0037965647875433496,False
M1e6,1000000.0,q2,2.0,1,0.01,0.01,fti_dchi2v,0.0,chiPN,-16.606209484891263,-0.010046472594902493,0.0006049828893248047,False
M1e6,1000000.0,q2,2.0,1,0.01,0.01,fti_dchi2v,0.0,chim,8.721336163764247,0.04411843597274407,0.005058678526353461,False
M1e6,1000000.0,q2,2.0,1,0.01,0.01,fti_dchi2v,0.0,Deltat,14.097443261214785,1.382569460828666,0.09807235505124702,False
M1e6,1000000.0,q2,2.0,1,0.01,0.01,fti_dchi2v,0.0,dist,-5.471122977229311,-241.39929934213302,44.122440739649136,False
M1e6,1000000.0,q2,2.0,1,0.01,0.01,fti_dchi2v,0.0,inc,6.146898619376708,0.0282866571179416,0.004601777069947812,False
M1e6,1000000.0,q2,2.0,1,0.01,0.01,fti_dchi2v,0.0,phi,-12.512992639631879,-0.13753159539802481,0.010991103356236839,False
M1e6,1000000.0,q2,2.0,1,0.01,0.01,fti_dchi2v,0.0,lambda,-5.9277282030149765,-0.03174486487223198,0.005355317211758431,False
M1e6,1000000.0,q2,2.0,1,0.01,0.01,fti_dchi2v,0.0,beta,0.6784996032413423,0.0013519747219471944,0.0019925947126402327,False
M1e6,1000000.0,q2,2.0,1,0.01,0.01,fti_dchi2v,0.0,psi,-5.130743118123146,-0.030710345294755814,0.005985555033203422,False
M1e6,1000000.0,q2,2.0,1,0.01,0.01,fti_dchi2v,0.0,fti_dchi2v,-8.128120243241343,-0.006053849248072812,0.0007448031115320521,True
M1e6,1000000.0,q2,2.0,1,0.01,0.01,fti_dchi3v,0.0,Mchirp,-4.512646837577222,-28.810085047081397,6.384298635376735,False
M1e6,1000000.0,q2,2.0,1,0.01,0.01,fti_dchi3v,0.0,q,-10.243670248360862,-0.03925451997938116,0.0038320757138450897,False
M1e6,1000000.0,q2,2.0,1,0.01,0.01,fti_dchi3v,0.0,chiPN,-15.971870159482721,-0.01024908437271782,0.000641695948588262,False
M1e6,1000000.0,q2,2.0,1,0.01,0.01,fti_dchi3v,0.0,chim,8.367873771198589,0.04206427502792171,0.005026877338028553,False
M1e6,1000000.0,q2,2.0,1,0.01,0.01,fti_dchi3v,0.0,Deltat,13.498684437842181,1.3237383451988327,0.09806424850468151,False
M1e6,1000000.0,q2,2.0,1,0.01,0.01,fti_dchi3v,0.0,dist,-5.330654380772654,-234.9357950964789,44.07259940615884,False
M1e6,1000000.0,q2,2.0,1,0.01,0.01,fti_dchi3v,0.0,inc,5.889031487042118,0.02704277048507094,0.004592057377274052,False
M1e6,1000000.0,q2,2.0,1,0.01,0.01,fti_dchi3v,0.0,phi,-12.667472483904486,-0.1394422094609674,0.011007895192837017,False
M1e6,1000000.0,q2,2.0,1,0.01,0.01,fti_dchi3v,0.0,lambda,-5.668755411613647,-0.03030023296202822,0.00534512970871027,False
M1e6,1000000.0,q2,2.0,1,0.01,0.01,fti_dchi3v,0.0,beta,0.5264292585766049,0.0010486349630472094,0.001991976976892545,False
M1e6,1000000.0,q2,2.0,1,0.01,0.01,fti_dchi3v,0.0,psi,-4.952892384491932,-0.029615196298975886,0.0059793740707358035,False
M1e6,1000000.0,q2,2.0,1,0.01,0.01,fti_dchi3v,0.0,fti_dchi3v,7.622915279376183,0.004180783563432414,0.0005484494330854672,True
M1e6,1000000.0,q2,2.0,1,0.01,0.01,fti_dchi4v,0.0,Mchirp,-10.257260919967367,-61.60647990495221,6.006133643829371,False
M1e6,1000000.0,q2,2.0,1,0.01,0.01,fti_dchi4v,0.0,q,-10.24676160940497,-0.03955764776733066,0.0038605023982428506,False
M1e6,1000000.0,q2,2.0,1,0.01,0.01,fti_dchi4v,0.0,chiPN,-14.835791899440954,-0.00974202186941672,0.0006566566810487427,False
M1e6,1000000.0,q2,2.0,1,0.01,0.01,fti_dchi4v,0.0,chim,7.347669890012144,0.035335955033331826,0.004809137530983094,False
M1e6,1000000.0,q2,2.0,1,0.01,0.01,fti_dchi4v,0.0,Deltat,12.83218463018213,1.2689395831847858,0.09888726041239757,False
M1e6,1000000.0,q2,2.0,1,0.01,0.01,fti_dchi4v,0.0,dist,-5.109515217574028,-224.89233803316762,44.01441789617477,False
M1e6,1000000.0,q2,2.0,1,0.01,0.01,fti_dchi4v,0.0,inc,5.589164315275238,0.02563012746980265,0.004585681512306817,False
M1e6,1000000.0,q2,2.0,1,0.01,0.01,fti_dchi4v,0.0,phi,-12.681961005078355,-0.13985881779862652,0.011028169676804839,False
M1e6,1000000.0,q2,2.0,1,0.01,0.01,fti_dchi4v,0.0,lambda,-5.377175322311094,-0.028710433588434368,0.005339315136203279,False
M1e6,1000000.0,q2,2.0,1,0.01,0.01,fti_dchi4v,0.0,beta,0.3340668893931821,0.0006655829815780763,0.0019923644117711835,False
M1e6,1000000.0,q2,2.0,1,0.01,0.01,fti_dchi4v,0.0,psi,-4.761879447391219,-0.028453790434294222,0.005975327756330023,False
M1e6,1000000.0,q2,2.0,1,0.01,0.01,fti_dchi4v,0.0,fti_dchi4v,-6.227154014496517,-0.031230594383625146,0.005015227551931719,True
M1e6,1000000.0,q2,2.0,1,0.01,0.01,fti_dchi5lv,0.0,Mchirp,-9.499213014175073,-69.0933989344721,7.273591910337037,False
M1e6,1000000.0,q2,2.0,1,0.01,0.01,fti_dchi5lv,0.0,q,-10.700997133108824,-0.041356729710778695,0.0038647547697047042,False
M1e6,1000000.0,q2,2.0,1,0.01,0.01,fti_dchi5lv,0.0,chiPN,-13.549991953582996,-0.00866969162323181,0.0006398300200421375,False
M1e6,1000000.0,q2,2.0,1,0.01,0.01,fti_dchi5lv,0.0,chim,5.9955573136686775,0.02669283971567305,0.004452103168927881,False
M1e6,1000000.0,q2,2.0,1,0.01,0.01,fti_dchi5lv,0.0,Deltat,12.543586596788435,1.2596251592326126,0.10041985595691726,False
M1e6,1000000.0,q2,2.0,1,0.01,0.01,fti_dchi5lv,0.0,dist,-4.900789365125189,-215.4731841408416,43.96703634605961,False
M1e6,1000000.0,q2,2.0,1,0.01,0.01,fti_dchi5lv,0.0,inc,5.400645181699967,0.024764370602212017,0.004585446695540348,False
M1e6,1000000.0,q2,2.0,1,0.01,0.01,fti_dchi5lv,0.0,phi,-12.536867671972269,-0.1384857513831878,0.011046280060272948,False
M1e6,1000000.0,q2,2.0,1,0.01,0.01,fti_dchi5lv,0.0,lambda,-5.206105955989687,-0.02780369687409041,0.005340593739184644,False
M1e6,1000000.0,q2,2.0,1,0.01,0.01,fti_dchi5lv,0.0,beta,0.24818817424867956,0.0004950394200441844,0.001994613246754315,False
M1e6,1000000.0,q2,2.0,1,0.01,0.01,fti_dchi5lv,0.0,psi,-4.6393046466705785,-0.027715734276228407,0.005974113878492276,False
M1e6,1000000.0,q2,2.0,1,0.01,0.01,fti_dchi5lv,0.0,fti_dchi5lv,4.184652153593041,0.007856254358119562,0.0018773972291517699,True
M1e6,1000000.0,q2,2.0,1,0.01,0.01,fti_dchi6v,0.0,Mchirp,-7.764507148077653,-62.47526103331079,8.046262285788286,False
M1e6,1000000.0,q2,2.0,1,0.01,0.01,fti_dchi6v,0.0,q,-11.275452029949783,-0.043402069151980166,0.003849253141842639,False
M1e6,1000000.0,q2,2.0,1,0.01,0.01,fti_dchi6v,0.0,chiPN,-12.608549183894564,-0.00764110510296277,0.0006060257204471295,False
M1e6,1000000.0,q2,2.0,1,0.01,0.01,fti_dchi6v,0.0,chim,4.956568786327077,0.02048719030211697,0.004133341265964436,False
M1e6,1000000.0,q2,2.0,1,0.01,0.01,fti_dchi6v,0.0,Deltat,12.680023863679592,1.2916281221804014,0.10186322486979817,False
M1e6,1000000.0,q2,2.0,1,0.01,0.01,fti_dchi6v,0.0,dist,-4.782904532822647,-210.17201465338462,43.942339474074956,False
M1e6,1000000.0,q2,2.0,1,0.01,0.01,fti_dchi6v,0.0,inc,5.372996987185115,0.02465690279042415,0.004589040874065663,False
M1e6,1000000.0,q2,2.0,1,0.01,0.01,fti_dchi6v,0.0,phi,-12.320463330976848,-0.13624960634627853,0.011058805394413342,False
M1e6,1000000.0,q2,2.0,1,0.01,0.01,fti_dchi6v,0.0,lambda,-5.195753682367754,-0.02777489212809201,0.005345690697838226,False
M1e6,1000000.0,q2,2.0,1,0.01,0.01,fti_dchi6v,0.0,beta,0.3007588114056491,0.0006008436644644865,0.0019977591401440183,False
M1e6,1000000.0,q2,2.0,1,0.01,0.01,fti_dchi6v,0.0,psi,-4.6087618624582385,-0.02753562067030641,0.005974624311705999,False
M1e6,1000000.0,q2,2.0,1,0.01,0.01,fti_dchi6v,0.0,fti_dchi6v,-2.149322334091535,-0.007722251795284088,0.0035928774724932502,True
M1e6,1000000.0,q2,2.0,1,0.01,0.01,fti_dchi6lv,0.0,Mchirp,-10.265887061896096,-71.3865568974169,6.953764099196303,False
M1e6,1000000.0,q2,2.0,1,0.01,0.01,fti_dchi6lv,0.0,q,-10.398422490011386,-0.040216485623691345,0.003867556416593274,False
M1e6,1000000.0,q2,2.0,1,0.01,0.01,fti_dchi6lv,0.0,chiPN,-14.306758402727358,-0.009236103558812752,0.0006455762583543757,False
M1e6,1000000.0,q2,2.0,1,0.01,0.01,fti_dchi6lv,0.0,chim,6.726166136090695,0.031240729534721706,0.0046446562428918954,False
M1e6,1000000.0,q2,2.0,1,0.01,0.01,fti_dchi6lv,0.0,Deltat,12.675902808706011,1.26071574131947,0.09945766864460262,False
M1e6,1000000.0,q2,2.0,1,0.01,0.01,fti_dchi6lv,0.0,dist,-4.985300498337299,-219.26042887040072,43.98138666736912,False
M1e6,1000000.0,q2,2.0,1,0.01,0.01,fti_dchi6lv,0.0,inc,5.4683560406780005,0.025071476696187048,0.004584828879042509,False
M1e6,1000000.0,q2,2.0,1,0.01,0.01,fti_dchi6lv,0.0,phi,-12.59973938060768,-0.1389560810192734,0.011028488512479978,False
M1e6,1000000.0,q2,2.0,1,0.01,0.01,fti_dchi6lv,0.0,lambda,-5.264819105242746,-0.02810986603950525,0.005339189339195574,False
M1e6,1000000.0,q2,2.0,1,0.01,0.01,fti_dchi6lv,0.0,beta,0.2970367697651043,0.0005919692036569001,0.0019929155711093526,False
M1e6,1000000.0,q2,2.0,1,0.01,0.01,fti_dchi6lv,0.0,psi,-4.673952528817395,-0.027923384448552416,0.005974255039260658,False
M1e6,1000000.0,q2,2.0,1,0.01,0.01,fti_dchi6lv,0.0,fti_dchi6lv,5.338541467619706,0.10835924041741435,0.020297536522785212,True
M1e6,1000000.0,q2,2.0,1,0.01,0.01,fti_dchi7v,0.0,Mchirp,-6.449016656739787,-53.311951245576225,8.266679105233907,False
M1e6,1000000.0,q2,2.0,1,0.01,0.01,fti_dchi7v,0.0,q,-11.723224013610094,-0.04488259783904885,0.0038285200203410194,False
M1e6,1000000.0,q2,2.0,1,0.01,0.01,fti_dchi7v,0.0,chiPN,-12.125811934478108,-0.006948655388099254,0.0005730466071588733,False
M1e6,1000000.0,q2,2.0,1,0.01,0.01,fti_dchi7v,0.0,chim,4.449464913707975,0.017519708687943187,0.003937486647881685,False
M1e6,1000000.0,q2,2.0,1,0.01,0.01,fti_dchi7v,0.0,Deltat,12.990223200068696,1.3357730411620272,0.10282910621235232,False
M1e6,1000000.0,q2,2.0,1,0.01,0.01,fti_dchi7v,0.0,dist,-4.740446781298472,-208.26416869044584,43.93344726747454,False
M1e6,1000000.0,q2,2.0,1,0.01,0.01,fti_dchi7v,0.0,inc,5.430815211443079,0.024943161585926167,0.004592894549858613,False
M1e6,1000000.0,q2,2.0,1,0.01,0.01,fti_dchi7v,0.0,phi,-12.116835487385979,-0.13410437379794043,0.011067607044557753,False
M1e6,1000000.0,q2,2.0,1,0.01,0.01,fti_dchi7v,0.0,lambda,-5.26564245523442,-0.028173879131454922,0.005350511237892368,False
M1e6,1000000.0,q2,2.0,1,0.01,0.01,fti_dchi7v,0.0,beta,0.4176394319190676,0.0008355478139965285,0.0020006439769280344,False
M1e6,1000000.0,q2,2.0,1,0.01,0.01,fti_dchi7v,0.0,psi,-4.625964281718078,-0.02764190778983301,0.005975382883753446,False
M1e6,1000000.0,q2,2.0,1,0.01,0.01,fti_dchi7v,0.0,fti_dchi7v,0.5007689516730532,0.004379873668228007,0.008746296377990263,True
M1e6,1000000.0,q2,2.0,1,0.01,0.01,fti_dkappa_S,0.0,Mchirp,-8.772625548720235,-50.58506598050714,5.766240186541026,False
M1e6,1000000.0,q2,2.0,1,0.01,0.01,fti_dkappa_S,0.0,q,-12.01324585411912,-0.045165748745372665,0.0037596624004732383,False
M1e6,1000000.0,q2,2.0,1,0.01,0.01,fti_dkappa_S,0.0,chiPN,-14.969807657095169,-0.006763702955325947,0.0004518229699578128,False
M1e6,1000000.0,q2,2.0,1,0.01,0.01,fti_dkappa_S,0.0,chim,4.475746476884862,0.01702452976746009,0.003803729691881304,False
M1e6,1000000.0,q2,2.0,1,0.01,0.01,fti_dkappa_S,0.0,Deltat,13.24878145937745,1.3416120739594113,0.1012630541210884,False
M1e6,1000000.0,q2,2.0,1,0.01,0.01,fti_dkappa_S,0.0,dist,-4.725791027613908,-207.66128023736277,43.94212080558558,False
M1e6,1000000.0,q2,2.0,1,0.01,0.01,fti_dkappa_S,0.0,inc,5.45542951396956,0.025024472470299295,0.004587076490718074,False
M1e6,1000000.0,q2,2.0,1,0.01,0.01,fti_dkappa_S,0.0,phi,-12.093421300718983,-0.13310917106186182,0.011006742240423573,False
M1e6,1000000.0,q2,2.0,1,0.01,0.01,fti_dkappa_S,0.0,lambda,-5.294679957165578,-0.028283200582995736,0.00534181495610864,False
M1e6,1000000.0,q2,2.0,1,0.01,0.01,fti_dkappa_S,0.0,beta,0.4640963348897522,0.0009244571946328583,0.001991951078114992,False
M1e6,1000000.0,q2,2.0,1,0.01,0.01,fti_dkappa_S,0.0,psi,-4.625425729684366,-0.02764263935808646,0.005976236777662574,False
M1e6,1000000.0,q2,2.0,1,0.01,0.01,fti_dkappa_S,0.0,fti_dkappa_S,0.38260955064221347,7502.766059567148,19609.458381197463,True
M1e6,1000000.0,q2,2.0,1,0.01,0.01,fti_dxi0v,0.0,Mchirp,4.8254189486841454,720.5093508173469,149.31539799540602,False
M1e6,1000000.0,q2,2.0,1,0.01,0.01,fti_dxi0v,0.0,q,-12.512566701934658,-0.04714004999379151,0.003767416479506387,False
M1e6,1000000.0,q2,2.0,1,0.01,0.01,fti_dxi0v,0.0,chiPN,-15.810520322674181,-0.007356669732016883,0.0004653021900529445,False
M1e6,1000000.0,q2,2.0,1,0.01,0.01,fti_dxi0v,0.0,chim,6.796488799884492,0.035450371381543985,0.005215983197404294,False
M1e6,1000000.0,q2,2.0,1,0.01,0.01,fti_dxi0v,0.0,Deltat,12.753763694251973,1.267065307344998,0.09934834435705085,False
M1e6,1000000.0,q2,2.0,1,0.01,0.01,fti_dxi0v,0.0,dist,-5.3587447794954075,-237.37127428066395,44.29605888097836,False
M1e6,1000000.0,q2,2.0,1,0.01,0.01,fti_dxi0v,0.0,inc,6.215879472348073,0.028859092839497797,0.00464280122674196,False
M1e6,1000000.0,q2,2.0,1,0.01,0.01,fti_dxi0v,0.0,phi,-10.574169100046598,-0.1195271987509518,0.011303696547696128,False
M1e6,1000000.0,q2,2.0,1,0.01,0.01,fti_dxi0v,0.0,lambda,-5.989524974842223,-0.032305053265590786,0.005393591879369661,False
M1e6,1000000.0,q2,2.0,1,0.01,0.01,fti_dxi0v,0.0,beta,0.11537513857647465,0.0002303393698300497,0.0019964385106880957,False
M1e6,1000000.0,q2,2.0,1,0.01,0.01,fti_dxi0v,0.0,psi,-5.391160988928634,-0.03261156204558392,0.006049079616163475,False
M1e6,1000000.0,q2,2.0,1,0.01,0.01,fti_dxi0v,0.0,fti_dxi0v,-10.182494682740128,-0.0002865431688770747,2.8140762927456343e-05,True
M1e6,1000000.0,q3,3.0,2,0.01,0.01,fti_dchiMinus2v,0.0,Mchirp,-7.359556759711837,-163.25880574954834,22.183238893308125,False
M1e6,1000000.0,q3,3.0,2,0.01,0.01,fti_dchiMinus2v,0.0,q,-7.378851060080126,-0.03185251630986356,0.004316731161872467,False
M1e6,1000000.0,q3,3.0,2,0.01,0.01,fti_dchiMinus2v,0.0,chiPN,-11.371476131487826,-0.006786427959331292,0.0005967939325431593,False
M1e6,1000000.0,q3,3.0,2,0.01,0.01,fti_dchiMinus2v,0.0,chim,5.756383035529418,0.022608701567695413,0.003927588110129311,False
M1e6,1000000.0,q3,3.0,2,0.01,0.01,fti_dchiMinus2v,0.0,Deltat,10.4738012695142,1.2250537445916378,0.11696362314581693,False
M1e6,1000000.0,q3,3.0,2,0.01,0.01,fti_dchiMinus2v,0.0,dist,-0.9761617049408327,-33.62493364851621,34.44606920997202,False
M1e6,1000000.0,q3,3.0,2,0.01,0.01,fti_dchiMinus2v,0.0,inc,0.8690034690014451,0.003121751165844344,0.003592334527077881,False
M1e6,1000000.0,q3,3.0,2,0.01,0.01,fti_dchiMinus2v,0.0,phi,-8.559732125776822,-0.11079435464087845,0.012943670784653617,False
M1e6,1000000.0,q3,3.0,2,0.01,0.01,fti_dchiMinus2v,0.0,lambda,-0.7552503666976336,-0.0032905590064234644,0.004356911497854126,False
M1e6,1000000.0,q3,3.0,2,0.01,0.01,fti_dchiMinus2v,0.0,beta,-0.11708661577793934,-0.0002182991462602031,0.0018644244246858958,False
M1e6,1000000.0,q3,3.0,2,0.01,0.01,fti_dchiMinus2v,0.0,psi,-0.769157944187384,-0.003752301633832728,0.0048784539796920875,False
M1e6,1000000.0,q3,3.0,2,0.01,0.01,fti_dchiMinus2v,0.0,fti_dchiMinus2v,5.756468888059679,7.946851915855509e-06,1.3805080980007063e-06,True
M1e6,1000000.0,q3,3.0,2,0.01,0.01,fti_dchi0v,0.0,Mchirp,4.691615607394969,640.3895299137885,136.49658955529102,False
M1e6,1000000.0,q3,3.0,2,0.01,0.01,fti_dchi0v,0.0,q,-7.341590838971884,-0.03169265880552664,0.00431686530898593,False
M1e6,1000000.0,q3,3.0,2,0.01,0.01,fti_dchi0v,0.0,chiPN,-10.85249715907057,-0.005796893162593415,0.0005341529306688962,False
M1e6,1000000.0,q3,3.0,2,0.01,0.01,fti_dchi0v,0.0,chim,5.957434180186335,0.03173986886816138,0.005327774996444632,False
M1e6,1000000.0,q3,3.0,2,0.01,0.01,fti_dchi0v,0.0,Deltat,9.650394695677354,1.0395910197102958,0.10772523326698273,False
M1e6,1000000.0,q3,3.0,2,0.01,0.01,fti_dchi0v,0.0,dist,-0.9874093936439857,-34.068684758198174,34.50309970464163,False
M1e6,1000000.0,q3,3.0,2,0.01,0.01,fti_dchi0v,0.0,inc,0.9827843359488709,0.0035442079599659164,0.0036062926832711576,False
M1e6,1000000.0,q3,3.0,2,0.01,0.01,fti_dchi0v,0.0,phi,-5.921794140369176,-0.07939839962674708,0.013407828395364859,False
M1e6,1000000.0,q3,3.0,2,0.01,0.01,fti_dchi0v,0.0,lambda,-0.7940312185402635,-0.0034659776793690387,0.004365039558193753,False
M1e6,1000000.0,q3,3.0,2,0.01,0.01,fti_dchi0v,0.0,beta,-0.8085106226890852,-0.0015159464634531966,0.0018749864515214384,False
M1e6,1000000.0,q3,3.0,2,0.01,0.01,fti_dchi0v,0.0,psi,-1.099797302791241,-0.0054083357430289025,0.004917575019781159,False
M1e6,1000000.0,q3,3.0,2,0.01,0.01,fti_dchi0v,0.0,fti_dchi0v,-4.984558918205804,-0.0031902740699404353,0.0006400313693330316,True
M1e6,1000000.0,q3,3.0,2,0.01,0.01,fti_dchi1v,0.0,Mchirp,6.628302825801036,175.38795895652544,26.460462589883203,False
M1e6,1000000.0,q3,3.0,2,0.01,0.01,fti_dchi1v,0.0,q,-6.664608728390875,-0.028869624088571827,0.004331780793910493,False
M1e6,1000000.0,q3,3.0,2,0.01,0.01,fti_dchi1v,0.0,chiPN,-12.831042744088396,-0.008942234812365533,0.0006969219096776417,False
M1e6,1000000.0,q3,3.0,2,0.01,0.01,fti_dchi1v,0.0,chim,8.48329580158737,0.04475005299196347,0.0052750787003784496,False
M1e6,1000000.0,q3,3.0,2,0.01,0.01,fti_dchi1v,0.0,Deltat,11.742599546256027,1.4116669425674555,0.1202175835943879,False
M1e6,1000000.0,q3,3.0,2,0.01,0.01,fti_dchi1v,0.0,dist,-1.6726872543529272,-58.01281489723537,34.68240386615334,False
M1e6,1000000.0,q3,3.0,2,0.01,0.01,fti_dchi1v,0.0,inc,1.4830264053954958,0.00535607194156788,0.0036115823171331287,False
M1e6,1000000.0,q3,3.0,2,0.01,0.01,fti_dchi1v,0.0,phi,-8.08578617277707,-0.10350999062365361,0.012801475133258813,False
M1e6,1000000.0,q3,3.0,2,0.01,0.01,fti_dchi1v,0.0,lambda,-1.2723068056850158,-0.005564426945564263,0.004373494601067036,False
M1e6,1000000.0,q3,3.0,2,0.01,0.01,fti_dchi1v,0.0,beta,-0.4684104319544662,-0.0008732816791087222,0.0018643514736956441,False
M1e6,1000000.0,q3,3.0,2,0.01,0.01,fti_dchi1v,0.0,psi,-1.39950706142124,-0.0068635929829237025,0.004904293213035685,False
M1e6,1000000.0,q3,3.0,2,0.01,0.01,fti_dchi1v,0.0,fti_dchi1v,-8.295680743420247,-0.009840446996136919,0.0011862133199788225,True
M1e6,1000000.0,q3,3.0,2,0.01,0.01,fti_dchi2v,0.0,Mchirp,3.6425569711970054,38.89781267502366,10.67871085685207,False
M1e6,1000000.0,q3,3.0,2,0.01,0.01,fti_dchi2v,0.0,q,-6.124183505407699,-0.026695988175281765,0.004359109773851324,False
M1e6,1000000.0,q3,3.0,2,0.01,0.01,fti_dchi2v,0.0,chiPN,-12.906167000456206,-0.009751699043786883,0.0007555844460591732,False
M1e6,1000000.0,q3,3.0,2,0.01,0.01,fti_dchi2v,0.0,chim,8.681049141117091,0.04628168841046998,0.005331347358841742,False
M1e6,1000000.0,q3,3.0,2,0.01,0.01,fti_dchi2v,0.0,Deltat,11.830910418840737,1.4180045651534114,0.11985591260121771,False
M1e6,1000000.0,q3,3.0,2,0.01,0.01,fti_dchi2v,0.0,dist,-1.7859722882781999,-62.033401227023404,34.73368631426408,False
M1e6,1000000.0,q3,3.0,2,0.01,0.01,fti_dchi2v,0.0,inc,1.4703582433832023,0.0053067129200283294,0.0036091292335791005,False
M1e6,1000000.0,q3,3.0,2,0.01,0.01,fti_dchi2v,0.0,phi,-8.457504994977318,-0.10856862842376291,0.01283695705627592,False
M1e6,1000000.0,q3,3.0,2,0.01,0.01,fti_dchi2v,0.0,lambda,-1.259688065069271,-0.005506243188305154,0.004371116422383792,False
M1e6,1000000.0,q3,3.0,2,0.01,0.01,fti_dchi2v,0.0,beta,-0.4695196768018419,-0.0008753388657962333,0.001864328395688654,False
M1e6,1000000.0,q3,3.0,2,0.01,0.01,fti_dchi2v,0.0,psi,-1.38720379709732,-0.006799449700375,0.004901550669485359,False
M1e6,1000000.0,q3,3.0,2,0.01,0.01,fti_dchi2v,0.0,fti_dchi2v,-8.520550265503072,-0.007393847776082478,0.0008677664641000658,True
M1e6,1000000.0,q3,3.0,2,0.01,0.01,fti_dchi3v,0.0,Mchirp,-4.639785039621987,-26.31633192302902,5.671886024524331,False
M1e6,1000000.0,q3,3.0,2,0.01,0.01,fti_dchi3v,0.0,q,-5.651048640305737,-0.0248845432816838,0.004403526648876531,False
M1e6,1000000.0,q3,3.0,2,0.01,0.01,fti_dchi3v,0.0,chiPN,-12.441035755884062,-0.009902166231872256,0.0007959278010425271,False
M1e6,1000000.0,q3,3.0,2,0.01,0.01,fti_dchi3v,0.0,chim,8.28218234725836,0.04386959154504672,0.005296863761949025,False
M1e6,1000000.0,q3,3.0,2,0.01,0.01,fti_dchi3v,0.0,Deltat,11.377601360085267,1.319928200773386,0.11601111332692131,False
M1e6,1000000.0,q3,3.0,2,0.01,0.01,fti_dchi3v,0.0,dist,-1.744452960957349,-60.63732088049639,34.76007793710807,False
M1e6,1000000.0,q3,3.0,2,0.01,0.01,fti_dchi3v,0.0,inc,1.3118090646038725,0.0047275043377598205,0.003603805207114792,False
M1e6,1000000.0,q3,3.0,2,0.01,0.01,fti_dchi3v,0.0,phi,-8.521379240807905,-0.10953353459877742,0.01285396782650324,False
M1e6,1000000.0,q3,3.0,2,0.01,0.01,fti_dchi3v,0.0,lambda,-1.1102913742375586,-0.004847075707299088,0.0043655889073510945,False
M1e6,1000000.0,q3,3.0,2,0.01,0.01,fti_dchi3v,0.0,beta,-0.5667513631582097,-0.0010570525244164631,0.0018651080405454356,False
M1e6,1000000.0,q3,3.0,2,0.01,0.01,fti_dchi3v,0.0,psi,-1.2889674070092267,-0.006314274742951521,0.004898707840567083,False
M1e6,1000000.0,q3,3.0,2,0.01,0.01,fti_dchi3v,0.0,fti_dchi3v,8.020750808163058,0.004972541703691954,0.0006199596300425127,True
M1e6,1000000.0,q3,3.0,2,0.01,0.01,fti_dchi4v,0.0,Mchirp,-9.392841632237289,-57.432168255037546,6.114461470096961,False
M1e6,1000000.0,q3,3.0,2,0.01,0.01,fti_dchi4v,0.0,q,-5.650697496559665,-0.02511042630376207,0.004443774652430101,False
M1e6,1000000.0,q3,3.0,2,0.01,0.01,fti_dchi4v,0.0,chiPN,-11.231932659392342,-0.008827980966146549,0.0007859716785930366,False
M1e6,1000000.0,q3,3.0,2,0.01,0.01,fti_dchi4v,0.0,chim,6.92142114398061,0.034054352834386,0.004920138816289518,False
M1e6,1000000.0,q3,3.0,2,0.01,0.01,fti_dchi4v,0.0,Deltat,10.293664493998083,1.133284490347749,0.1100953398091158,False
M1e6,1000000.0,q3,3.0,2,0.01,0.01,fti_dchi4v,0.0,dist,-1.4164163208293186,-49.152319878563844,34.70188754234696,False
M1e6,1000000.0,q3,3.0,2,0.01,0.01,fti_dchi4v,0.0,inc,0.9617798165423499,0.003456847419429131,0.003594219134122281,False
M1e6,1000000.0,q3,3.0,2,0.01,0.01,fti_dchi4v,0.0,phi,-8.352204979629406,-0.10733989493724846,0.012851683501428054,False
M1e6,1000000.0,q3,3.0,2,0.01,0.01,fti_dchi4v,0.0,lambda,-0.7948947265146163,-0.003462754100961106,0.004356242387145128,False
M1e6,1000000.0,q3,3.0,2,0.01,0.01,fti_dchi4v,0.0,beta,-0.6212937568992316,-0.0011597547928218035,0.001866677042772708,False
M1e6,1000000.0,q3,3.0,2,0.01,0.01,fti_dchi4v,0.0,psi,-1.0193986026031943,-0.004986341679950232,0.004891454301797968,False
M1e6,1000000.0,q3,3.0,2,0.01,0.01,fti_dchi4v,0.0,fti_dchi4v,-6.400245990422502,-0.03754810133548887,0.005866665342500405,True
M1e6,1000000.0,q3,3.0,2,0.01,0.01,fti_dchi5lv,0.0,Mchirp,-8.169718807401404,-59.99907956127272,7.344081354050546,False
M1e6,1000000.0,q3,3.0,2,0.01,0.01,fti_dchi5lv,0.0,q,-6.130729308570608,-0.027305000845473777,0.004453793255445492,False
M1e6,1000000.0,q3,3.0,2,0.01,0.01,fti_dchi5lv,0.0,chiPN,-9.8233933484474,-0.007170428731862131,0.000729933993022424,False
M1e6,1000000.0,q3,3.0,2,0.01,0.01,fti_dchi5lv,0.0,chim,5.187328783576362,0.022539217446820317,0.0043450527983076555,False
M1e6,1000000.0,q3,3.0,2,0.01,0.01,fti_dchi5lv,0.0,Deltat,9.24254650409636,0.98263294454423,0.10631625646770837,False
M1e6,1000000.0,q3,3.0,2,0.01,0.01,fti_dchi5lv,0.0,dist,-0.9824788478139741,-33.981615689635134,34.58763083321803,False
M1e6,1000000.0,q3,3.0,2,0.01,0.01,fti_dchi5lv,0.0,inc,0.625064125702254,0.002241187020665593,0.0035855313535193517,False
M1e6,1000000.0,q3,3.0,2,0.01,0.01,fti_dchi5lv,0.0,phi,-8.097822740428256,-0.10396476233492491,0.012838606828954456,False
M1e6,1000000.0,q3,3.0,2,0.01,0.01,fti_dchi5lv,0.0,lambda,-0.5004533016800017,-0.0021760791073231096,0.004348216107313309,False
M1e6,1000000.0,q3,3.0,2,0.01,0.01,fti_dchi5lv,0.0,beta,-0.556681903163567,-0.0010400937339410281,0.0018683807180191784,False
M1e6,1000000.0,q3,3.0,2,0.01,0.01,fti_dchi5lv,0.0,psi,-0.7188842304968186,-0.0035101960080252056,0.004882839070762924,False
M1e6,1000000.0,q3,3.0,2,0.01,0.01,fti_dchi5lv,0.0,fti_dchi5lv,4.156769044795759,0.008261304345097087,0.0019874340518004417,True
M1e6,1000000.0,q3,3.0,2,0.01,0.01,fti_dchi6v,0.0,Mchirp,-6.583327331992163,-51.218144223754265,7.779978366692467,False
M1e6,1000000.0,q3,3.0,2,0.01,0.01,fti_dchi6v,0.0,q,-6.678914236160314,-0.02965989760361599,0.004440826241342391,False
M1e6,1000000.0,q3,3.0,2,0.01,0.01,fti_dchi6v,0.0,chiPN,-8.852296802550788,-0.005908863542659925,0.0006674949648047598,False
M1e6,1000000.0,q3,3.0,2,0.01,0.01,fti_dchi6v,0.0,chim,3.9283919577919173,0.015228760070736869,0.0038765887503997174,False
M1e6,1000000.0,q3,3.0,2,0.01,0.01,fti_dchi6v,0.0,Deltat,8.744248936761988,0.9260180688267887,0.10590024089246651,False
M1e6,1000000.0,q3,3.0,2,0.01,0.01,fti_dchi6v,0.0,dist,-0.6708084065166791,-23.135561959184713,34.48907576951999,False
M1e6,1000000.0,q3,3.0,2,0.01,0.01,fti_dchi6v,0.0,inc,0.4440376203856095,0.0015900726810327021,0.003580941361796906,False
M1e6,1000000.0,q3,3.0,2,0.01,0.01,fti_dchi6v,0.0,phi,-7.906778762748873,-0.10141962180517174,0.012826920399365286,False
M1e6,1000000.0,q3,3.0,2,0.01,0.01,fti_dchi6v,0.0,lambda,-0.3477829471502359,-0.0015108543338100662,0.004344245013132874,False
M1e6,1000000.0,q3,3.0,2,0.01,0.01,fti_dchi6v,0.0,beta,-0.4322337389272957,-0.0008081151449640547,0.0018696253258008268,False
M1e6,1000000.0,q3,3.0,2,0.01,0.01,fti_dchi6v,0.0,psi,-0.5238462828024477,-0.0025546885380810184,0.004876790428699939,False
M1e6,1000000.0,q3,3.0,2,0.01,0.01,fti_dchi6v,0.0,fti_dchi6v,-2.112853706805037,-0.00887748795712471,0.0042016576578550015,True
M1e6,1000000.0,q3,3.0,2,0.01,0.01,fti_dchi6lv,0.0,Mchirp,-8.98669666265498,-64.6407208492709,7.192934542665848,False
M1e6,1000000.0,q3,3.0,2,0.01,0.01,fti_dchi6lv,0.0,q,-5.8448709078345304,-0.026026434095407988,0.004452867224239609,False
M1e6,1000000.0,q3,3.0,2,0.01,0.01,fti_dchi6lv,0.0,chiPN,-10.562904842539924,-0.007970707755755172,0.0007545942971723828,False
M1e6,1000000.0,q3,3.0,2,0.01,0.01,fti_dchi6lv,0.0,chim,6.064893724060461,0.028084663873137794,0.004630693487953659,False
M1e6,1000000.0,q3,3.0,2,0.01,0.01,fti_dchi6lv,0.0,Deltat,9.746258774069695,1.0515740902741835,0.10789515388940192,False
M1e6,1000000.0,q3,3.0,2,0.01,0.01,fti_dchi6lv,0.0,dist,-1.1768429198369823,-40.74851475159252,34.62527926601883,False
M1e6,1000000.0,q3,3.0,2,0.01,0.01,fti_dchi6lv,0.0,inc,0.7678588568991553,0.002755663978403565,0.0035887636818200726,False
M1e6,1000000.0,q3,3.0,2,0.01,0.01,fti_dchi6lv,0.0,phi,-8.19980496466743,-0.10527624574247024,0.012838871923917774,False
M1e6,1000000.0,q3,3.0,2,0.01,0.01,fti_dchi6lv,0.0,lambda,-0.6233947166020357,-0.0027124764974250596,0.004351138091464861,False
M1e6,1000000.0,q3,3.0,2,0.01,0.01,fti_dchi6lv,0.0,beta,-0.5808494436155178,-0.0010844728517439364,0.0018670463812336584,False
M1e6,1000000.0,q3,3.0,2,0.01,0.01,fti_dchi6lv,0.0,psi,-0.8431024640289,-0.0041188063884050816,0.00488529753397079,False
M1e6,1000000.0,q3,3.0,2,0.01,0.01,fti_dchi6lv,0.0,fti_dchi6lv,5.341266079126524,0.11710113137849826,0.021923852817616645,True
M1e6,1000000.0,q3,3.0,2,0.01,0.01,fti_dchi7v,0.0,Mchirp,-5.489228274349983,-42.510209523414176,7.744296174027869,False
M1e6,1000000.0,q3,3.0,2,0.01,0.01,fti_dchi7v,0.0,q,-7.085503747561544,-0.03133085147727853,0.004421824134672281,False
M1e6,1000000.0,q3,3.0,2,0.01,0.01,fti_dchi7v,0.0,chiPN,-8.37831259672031,-0.005193683679446472,0.000619896144896711,False
M1e6,1000000.0,q3,3.0,2,0.01,0.01,fti_dchi7v,0.0,chim,3.3190862572254627,0.011955322048892268,0.003601991970792024,False
M1e6,1000000.0,q3,3.0,2,0.01,0.01,fti_dchi7v,0.0,Deltat,8.662078221419106,0.9280153185902575,0.10713541194946874,False
M1e6,1000000.0,q3,3.0,2,0.01,0.01,fti_dchi7v,0.0,dist,-0.4993760065017394,-17.19157375771954,34.426110854125824,False
M1e6,1000000.0,q3,3.0,2,0.01,0.01,fti_dchi7v,0.0,inc,0.3800094193549819,0.001360146237030453,0.0035792434812250964,False
M1e6,1000000.0,q3,3.0,2,0.01,0.01,fti_dchi7v,0.0,phi,-7.79178350553341,-0.09989132734142021,0.012820085064026923,False
M1e6,1000000.0,q3,3.0,2,0.01,0.01,fti_dchi7v,0.0,lambda,-0.2976875477468788,-0.001292840647894364,0.00434294500283786,False
M1e6,1000000.0,q3,3.0,2,0.01,0.01,fti_dchi7v,0.0,beta,-0.31210731415137677,-0.0005837745937168474,0.0018704290711806513,False
M1e6,1000000.0,q3,3.0,2,0.01,0.01,fti_dchi7v,0.0,psi,-0.4254766665193142,-0.002073534231134015,0.004873438179576149,False
M1e6,1000000.0,q3,3.0,2,0.01,0.01,fti_dchi7v,0.0,fti_dchi7v,0.5547897471814721,0.005090706611196566,0.009175920494311861,True
M1e6,1000000.0,q3,3.0,2,0.01,0.01,fti_dkappa_S,0.0,Mchirp,-7.261568222569551,-39.122177831010724,5.3875659681080705,False
M1e6,1000000.0,q3,3.0,2,0.01,0.01,fti_dkappa_S,0.0,q,-7.8755865509143606,-0.031020271593468065,0.003938788735661421,False
M1e6,1000000.0,q3,3.0,2,0.01,0.01,fti_dkappa_S,0.0,chiPN,-10.438416523771389,-0.004903731487506573,0.00046977733417126184,False
M1e6,1000000.0,q3,3.0,2,0.01,0.01,fti_dkappa_S,0.0,chim,3.383526493739271,0.011452638379708922,0.003384823024409704,False
M1e6,1000000.0,q3,3.0,2,0.01,0.01,fti_dkappa_S,0.0,Deltat,8.9375477130983,0.9278891477864265,0.10381921054548007,False
M1e6,1000000.0,q3,3.0,2,0.01,0.01,fti_dkappa_S,0.0,dist,7.26421410374321,0.7777160740444227,0.10706128191398843,False
M1e6,1000000.0,q3,3.0,2,0.01,0.01,fti_dkappa_S,0.0,inc,-0.1262824190735855,-0.0002002679508708114,0.0015858735708421464,False
M1e6,1000000.0,q3,3.0,2,0.01,0.01,fti_dkappa_S,0.0,phi,-8.508204373097627,-0.09661206083617685,0.011355164568173483,False
M1e6,1000000.0,q3,3.0,2,0.01,0.01,fti_dkappa_S,0.0,lambda,0.22204595282000544,0.0005003226231043972,0.0022532391009619885,False
M1e6,1000000.0,q3,3.0,2,0.01,0.01,fti_dkappa_S,0.0,beta,-0.03423130835539028,-5.538705602311524e-05,0.0016180233442463102,False
M1e6,1000000.0,q3,3.0,2,0.01,0.01,fti_dkappa_S,0.0,psi,0.15368647977502556,0.00024388272632975346,0.0015868847193764991,False
M1e6,1000000.0,q3,3.0,2,0.01,0.01,fti_dkappa_S,0.0,fti_dkappa_S,,0.0,0.0,True
M1e6,1000000.0,q3,3.0,2,0.01,0.01,fti_dxi0v,0.0,Mchirp,4.736433710039286,654.2153524113389,138.12403856189778,False
M1e6,1000000.0,q3,3.0,2,0.01,0.01,fti_dxi0v,0.0,q,-7.336309800361859,-0.03167038396826323,0.004316936556673371,False
M1e6,1000000.0,q3,3.0,2,0.01,0.01,fti_dxi0v,0.0,chiPN,-10.868661387161604,-0.0058090738972565985,0.0005344792417692261,False
M1e6,1000000.0,q3,3.0,2,0.01,0.01,fti_dxi0v,0.0,chim,5.9929472284936365,0.032133577483695615,0.005361898955311272,False
M1e6,1000000.0,q3,3.0,2,0.01,0.01,fti_dxi0v,0.0,Deltat,9.661146656351566,1.0409329954139694,0.1077442494602465,False
M1e6,1000000.0,q3,3.0,2,0.01,0.01,fti_dxi0v,0.0,dist,-0.9780138615824994,-33.73422938636116,34.49258820501446,False
M1e6,1000000.0,q3,3.0,2,0.01,0.01,fti_dxi0v,0.0,inc,0.9883346476807082,0.0035642488702730367,0.0036063178384337126,False
M1e6,1000000.0,q3,3.0,2,0.01,0.01,fti_dxi0v,0.0,phi,-5.874246172017182,-0.0788868478887358,0.013429271702048284,False
M1e6,1000000.0,q3,3.0,2,0.01,0.01,fti_dxi0v,0.0,lambda,-0.7983514068665435,-0.0034848365464345103,0.004365040903619342,False
M1e6,1000000.0,q3,3.0,2,0.01,0.01,fti_dxi0v,0.0,beta,-0.7899673327559394,-0.0014803867274463638,0.0018739847409661554,False
M1e6,1000000.0,q3,3.0,2,0.01,0.01,fti_dxi0v,0.0,psi,-1.098638781503615,-0.005401478495537522,0.0049165190474570455,False
M1e6,1000000.0,q3,3.0,2,0.01,0.01,fti_dxi0v,0.0,fti_dxi0v,-8.814792878335492,-0.0002780431829367232,3.154279252778386e-05,True
M1e6,1000000.0,q4,4.0,3,0.01,0.01,fti_dchiMinus2v,0.0,Mchirp,-7.2629491446429,-149.4291187728657,20.574165644968556,False
M1e6,1000000.0,q4,4.0,3,0.01,0.01,fti_dchiMinus2v,0.0,q,-8.560036937453036,-0.0706960596673904,0.008258849837209392,False
M1e6,1000000.0,q4,4.0,3,0.01,0.01,fti_dchiMinus2v,0.0,chiPN,-10.921888671711452,-0.009652908897864746,0.0008838131561317355,False
M1e6,1000000.0,q4,4.0,3,0.01,0.01,fti_dchiMinus2v,0.0,chim,2.0944224598882832,0.008955915491935142,0.004276078806189298,False
M1e6,1000000.0,q4,4.0,3,0.01,0.01,fti_dchiMinus2v,0.0,Deltat,10.362912740816423,1.4186519909877109,0.1368970314108758,False
M1e6,1000000.0,q4,4.0,3,0.01,0.01,fti_dchiMinus2v,0.0,dist,-3.1111907051777017,-102.59654691136132,32.97661783979305,False
M1e6,1000000.0,q4,4.0,3,0.01,0.01,fti_dchiMinus2v,0.0,inc,2.631170359023063,0.009465758663568535,0.003597546860129236,False
M1e6,1000000.0,q4,4.0,3,0.01,0.01,fti_dchiMinus2v,0.0,phi,-9.267281549923563,-0.2119631317908723,0.022872201588892117,False
M1e6,1000000.0,q4,4.0,3,0.01,0.01,fti_dchiMinus2v,0.0,lambda,-2.413571334236877,-0.010685948289199,0.004427442494703677,False
M1e6,1000000.0,q4,4.0,3,0.01,0.01,fti_dchiMinus2v,0.0,beta,-1.4559079833879531,-0.0028598472566847156,0.001964304948743905,False
M1e6,1000000.0,q4,4.0,3,0.01,0.01,fti_dchiMinus2v,0.0,psi,-2.8525144880277873,-0.013732975626318164,0.004814340359691939,False
M1e6,1000000.0,q4,4.0,3,0.01,0.01,fti_dchiMinus2v,0.0,fti_dchiMinus2v,5.391480460201102,7.397843753787471e-06,1.3721358740696488e-06,True
M1e6,1000000.0,q4,4.0,3,0.01,0.01,fti_dchi0v,0.0,Mchirp,3.511459947360704,412.90941199989766,117.58909917518783,False
M1e6,1000000.0,q4,4.0,3,0.01,0.01,fti_dchi0v,0.0,q,-7.990491813328616,-0.06574774133690302,0.008228247130825149,False
M1e6,1000000.0,q4,4.0,3,0.01,0.01,fti_dchi0v,0.0,chiPN,-10.122878485763072,-0.00815071532481721,0.0008051776316667701,False
M1e6,1000000.0,q4,4.0,3,0.01,0.01,fti_dchi0v,0.0,chim,2.598482388359319,0.014534439969125595,0.0055934340883882746,False
M1e6,1000000.0,q4,4.0,3,0.01,0.01,fti_dchi0v,0.0,Deltat,9.295065878295468,1.1576213300873615,0.12454148741328194,False
M1e6,1000000.0,q4,4.0,3,0.01,0.01,fti_dchi0v,0.0,dist,-2.9062542686959305,-95.90936763084036,33.00102426133416,False
M1e6,1000000.0,q4,4.0,3,0.01,0.01,fti_dchi0v,0.0,inc,2.6009196953924594,0.009421680117044043,0.003622441759249465,False
M1e6,1000000.0,q4,4.0,3,0.01,0.01,fti_dchi0v,0.0,phi,-7.435614893013751,-0.17090571053097275,0.022984744770946905,False
M1e6,1000000.0,q4,4.0,3,0.01,0.01,fti_dchi0v,0.0,lambda,-2.3708790442468257,-0.010548620251841605,0.0044492443751775876,False
M1e6,1000000.0,q4,4.0,3,0.01,0.01,fti_dchi0v,0.0,beta,-1.7699941797798215,-0.0035012675261926734,0.00197812375102172,False
M1e6,1000000.0,q4,4.0,3,0.01,0.01,fti_dchi0v,0.0,psi,-2.919748769619709,-0.014226214244408869,0.0048724103910699834,False
M1e6,1000000.0,q4,4.0,3,0.01,0.01,fti_dchi0v,0.0,fti_dchi0v,-3.8762612690414207,-0.002353451358145558,0.0006071446671930744,True
M1e6,1000000.0,q4,4.0,3,0.01,0.01,fti_dchi1v,0.0,Mchirp,4.959799937463046,118.77965063758126,23.948476175500222,False
M1e6,1000000.0,q4,4.0,3,0.01,0.01,fti_dchi1v,0.0,q,-7.821424381918775,-0.06438193007768359,0.008231484053789345,False
M1e6,1000000.0,q4,4.0,3,0.01,0.01,fti_dchi1v,0.0,chiPN,-11.749057598758188,-0.01117779861789802,0.0009513783147236807,False
M1e6,1000000.0,q4,4.0,3,0.01,0.01,fti_dchi1v,0.0,chim,4.901384240978087,0.02798902597239094,0.005710432930025833,False
M1e6,1000000.0,q4,4.0,3,0.01,0.01,fti_dchi1v,0.0,Deltat,10.972818391729811,1.4912517053214596,0.13590416355067106,False
M1e6,1000000.0,q4,4.0,3,0.01,0.01,fti_dchi1v,0.0,dist,-3.7162776081764526,-123.87090983322459,33.33198509193371,False
M1e6,1000000.0,q4,4.0,3,0.01,0.01,fti_dchi1v,0.0,inc,3.165367845276084,0.011480032339128421,0.003626760901189078,False
M1e6,1000000.0,q4,4.0,3,0.01,0.01,fti_dchi1v,0.0,phi,-8.629747256126505,-0.19413342389106636,0.02249584120244605,False
M1e6,1000000.0,q4,4.0,3,0.01,0.01,fti_dchi1v,0.0,lambda,-2.877877666012995,-0.01281915106309383,0.004454376645152346,False
M1e6,1000000.0,q4,4.0,3,0.01,0.01,fti_dchi1v,0.0,beta,-1.8897907181491258,-0.003724089109373773,0.0019706357289240852,False
M1e6,1000000.0,q4,4.0,3,0.01,0.01,fti_dchi1v,0.0,psi,-3.470516965537067,-0.0168854001437257,0.004865384699571022,False
M1e6,1000000.0,q4,4.0,3,0.01,0.01,fti_dchi1v,0.0,fti_dchi1v,-6.9097030650661955,-0.008270997589600886,0.0011970120150918018,True
M1e6,1000000.0,q4,4.0,3,0.01,0.01,fti_dchi2v,0.0,Mchirp,1.3062951307448114,12.866683101883105,9.84975201932116,False
M1e6,1000000.0,q4,4.0,3,0.01,0.01,fti_dchi2v,0.0,q,-7.220862183440418,-0.05984130934487196,0.008287280358584583,False
M1e6,1000000.0,q4,4.0,3,0.01,0.01,fti_dchi2v,0.0,chiPN,-11.637417442023597,-0.01145150123348852,0.0009840242726136368,False
M1e6,1000000.0,q4,4.0,3,0.01,0.01,fti_dchi2v,0.0,chim,4.879982141355927,0.028689785194829773,0.005879075858023156,False
M1e6,1000000.0,q4,4.0,3,0.01,0.01,fti_dchi2v,0.0,Deltat,10.795164844389332,1.4436131790011637,0.13372775680692509,False
M1e6,1000000.0,q4,4.0,3,0.01,0.01,fti_dchi2v,0.0,dist,-3.6457782124845353,-121.3925067741674,33.296733838189375,False
M1e6,1000000.0,q4,4.0,3,0.01,0.01,fti_dchi2v,0.0,inc,2.9902601889946463,0.010803809043359449,0.0036129996590670566,False
M1e6,1000000.0,q4,4.0,3,0.01,0.01,fti_dchi2v,0.0,phi,-8.487584297371686,-0.19085509146142549,0.022486385380646737,False
M1e6,1000000.0,q4,4.0,3,0.01,0.01,fti_dchi2v,0.0,lambda,-2.7116635145120496,-0.012040320409291153,0.004440197076390486,False
M1e6,1000000.0,q4,4.0,3,0.01,0.01,fti_dchi2v,0.0,beta,-1.8709913241363014,-0.0036869184461720823,0.0019705695043102673,False
M1e6,1000000.0,q4,4.0,3,0.01,0.01,fti_dchi2v,0.0,psi,-3.3075795156542624,-0.016032854307218024,0.004847307292640133,False
M1e6,1000000.0,q4,4.0,3,0.01,0.01,fti_dchi2v,0.0,fti_dchi2v,-6.718192273782521,-0.006148295733888344,0.0009151711477329734,True
M1e6,1000000.0,q4,4.0,3,0.01,0.01,fti_dchi3v,0.0,Mchirp,-6.130230256160218,-34.30433549988486,5.595929364221305,False
M1e6,1000000.0,q4,4.0,3,0.01,0.01,fti_dchi3v,0.0,q,-6.5866798117420045,-0.05563737701828797,0.008446953337416494,False
M1e6,1000000.0,q4,4.0,3,0.01,0.01,fti_dchi3v,0.0,chiPN,-11.03443652525257,-0.010913710897793737,0.000989059194170672,False
M1e6,1000000.0,q4,4.0,3,0.01,0.01,fti_dchi3v,0.0,chim,4.1901135573816175,0.025079306788560088,0.005985352531646429,False
M1e6,1000000.0,q4,4.0,3,0.01,0.01,fti_dchi3v,0.0,Deltat,10.119831786315121,1.2994508255396684,0.1284063661311934,False
M1e6,1000000.0,q4,4.0,3,0.01,0.01,fti_dchi3v,0.0,dist,-3.343251157668461,-110.88501912831657,33.16682292144821,False
M1e6,1000000.0,q4,4.0,3,0.01,0.01,fti_dchi3v,0.0,inc,2.634735818657282,0.009470126438965382,0.00359433624119156,False
M1e6,1000000.0,q4,4.0,3,0.01,0.01,fti_dchi3v,0.0,phi,-8.09876933246975,-0.18237240853939501,0.022518533502148757,False
M1e6,1000000.0,q4,4.0,3,0.01,0.01,fti_dchi3v,0.0,lambda,-2.3838810320439325,-0.010540101837307869,0.004421404296451327,False
M1e6,1000000.0,q4,4.0,3,0.01,0.01,fti_dchi3v,0.0,beta,-1.814553327768421,-0.003577188893428603,0.0019713881309996613,False
M1e6,1000000.0,q4,4.0,3,0.01,0.01,fti_dchi3v,0.0,psi,-2.97309869950714,-0.01434123741842031,0.004823666775945818,False
M1e6,1000000.0,q4,4.0,3,0.01,0.01,fti_dchi3v,0.0,fti_dchi3v,5.729059454120952,0.003707463996795863,0.0006471330986326314,True
M1e6,1000000.0,q4,4.0,3,0.01,0.01,fti_dchi4v,0.0,Mchirp,-8.681962054160387,-51.938236431849525,5.982315530503935,False
M1e6,1000000.0,q4,4.0,3,0.01,0.01,fti_dchi4v,0.0,q,-6.503685868325074,-0.056390770572602784,0.008670586451175782,False
M1e6,1000000.0,q4,4.0,3,0.01,0.01,fti_dchi4v,0.0,chiPN,-9.976672443661677,-0.009457887266562392,0.000948000179415645,False
M1e6,1000000.0,q4,4.0,3,0.01,0.01,fti_dchi4v,0.0,chim,2.545536086556773,0.014485436218673771,0.005690524795610947,False
M1e6,1000000.0,q4,4.0,3,0.01,0.01,fti_dchi4v,0.0,Deltat,9.15682077216447,1.1359355566292095,0.1240534880929748,False
M1e6,1000000.0,q4,4.0,3,0.01,0.01,fti_dchi4v,0.0,dist,-2.8360755696703,-93.39141971261867,32.92980649435785,False
M1e6,1000000.0,q4,4.0,3,0.01,0.01,fti_dchi4v,0.0,inc,2.1951892394028585,0.007849178649178539,0.0035756273346682836,False
M1e6,1000000.0,q4,4.0,3,0.01,0.01,fti_dchi4v,0.0,phi,-7.872001708471886,-0.17848188804629334,0.022672999150166632,False
M1e6,1000000.0,q4,4.0,3,0.01,0.01,fti_dchi4v,0.0,lambda,-1.9915790686455457,-0.008770195588222177,0.004403639165673048,False
M1e6,1000000.0,q4,4.0,3,0.01,0.01,fti_dchi4v,0.0,beta,-1.6357359727351184,-0.003224490911835194,0.0019712783515077404,False
M1e6,1000000.0,q4,4.0,3,0.01,0.01,fti_dchi4v,0.0,psi,-2.5228240147910728,-0.012099263569705459,0.004795920563134269,False
M1e6,1000000.0,q4,4.0,3,0.01,0.01,fti_dchi4v,0.0,fti_dchi4v,-3.7426030608762653,-0.024329508054292404,0.006500691539699664,True
M1e6,1000000.0,q4,4.0,3,0.01,0.01,fti_dchi5lv,0.0,Mchirp,-7.000268497418217,-48.542392324603966,6.9343614952065025,False
M1e6,1000000.0,q4,4.0,3,0.01,0.01,fti_dchi5lv,0.0,q,-7.060677401644395,-0.06219859710369542,0.008809154358080386,False
M1e6,1000000.0,q4,4.0,3,0.01,0.01,fti_dchi5lv,0.0,chiPN,-9.106332922044933,-0.008044987267879465,0.0008834497197443633,False
M1e6,1000000.0,q4,4.0,3,0.01,0.01,fti_dchi5lv,0.0,chim,0.6830604252875502,0.0034736923513082607,0.005085483249664082,False
M1e6,1000000.0,q4,4.0,3,0.01,0.01,fti_dchi5lv,0.0,Deltat,8.64680873303756,1.0794948824252177,0.12484315494347696,False
M1e6,1000000.0,q4,4.0,3,0.01,0.01,fti_dchi5lv,0.0,dist,-2.4537603276901354,-80.30946907108225,32.72914154035661,False
M1e6,1000000.0,q4,4.0,3,0.01,0.01,fti_dchi5lv,0.0,inc,1.9700438708148302,0.007030314292191012,0.0035686079870308686,False
M1e6,1000000.0,q4,4.0,3,0.01,0.01,fti_dchi5lv,0.0,phi,-8.03121167899621,-0.18357005614032607,0.022857081033041553,False
M1e6,1000000.0,q4,4.0,3,0.01,0.01,fti_dchi5lv,0.0,lambda,-1.8018115323270936,-0.007924473557395556,0.004398059072893635,False
M1e6,1000000.0,q4,4.0,3,0.01,0.01,fti_dchi5lv,0.0,beta,-1.419740439093386,-0.0027967868843018053,0.001969928310338029,False
M1e6,1000000.0,q4,4.0,3,0.01,0.01,fti_dchi5lv,0.0,psi,-2.247002921110191,-0.010740360603196015,0.004779860543256195,False
M1e6,1000000.0,q4,4.0,3,0.01,0.01,fti_dchi5lv,0.0,fti_dchi5lv,1.4145381030636577,0.002971095151952742,0.0021003995194741215,True
M1e6,1000000.0,q4,4.0,3,0.01,0.01,fti_dchi6v,0.0,Mchirp,-5.580869138510968,-40.125206314261156,7.189777312170944,False
M1e6,1000000.0,q4,4.0,3,0.01,0.01,fti_dchi6v,0.0,q,-7.725413708033582,-0.06821477108161605,0.008829918197219675,False
M1e6,1000000.0,q4,4.0,3,0.01,0.01,fti_dchi6v,0.0,chiPN,-8.794924621046956,-0.007339129339654089,0.0008344732508668657,False
M1e6,1000000.0,q4,4.0,3,0.01,0.01,fti_dchi6v,0.0,chim,-0.5347596284604129,-0.0024272532797719746,0.004538961339995132,False
M1e6,1000000.0,q4,4.0,3,0.01,0.01,fti_dchi6v,0.0,Deltat,8.708357022553422,1.1198537994099156,0.1285953017899532,False
M1e6,1000000.0,q4,4.0,3,0.01,0.01,fti_dchi6v,0.0,dist,-2.328158704581596,-75.99215282588862,32.64045216348149,False
M1e6,1000000.0,q4,4.0,3,0.01,0.01,fti_dchi6v,0.0,inc,1.9815674385068862,0.007076794687725901,0.0035713115537759723,False
M1e6,1000000.0,q4,4.0,3,0.01,0.01,fti_dchi6v,0.0,phi,-8.345787608244194,-0.19162602090390396,0.02296080728373804,False
M1e6,1000000.0,q4,4.0,3,0.01,0.01,fti_dchi6v,0.0,lambda,-1.8235579592989006,-0.008026799836720586,0.004401724549411433,False
M1e6,1000000.0,q4,4.0,3,0.01,0.01,fti_dchi6v,0.0,beta,-1.2734599981612733,-0.0025067016782256745,0.001968418075043627,False
M1e6,1000000.0,q4,4.0,3,0.01,0.01,fti_dchi6v,0.0,psi,-2.202908097133229,-0.01052359804015815,0.004777138934598821,False
M1e6,1000000.0,q4,4.0,3,0.01,0.01,fti_dchi6v,0.0,fti_dchi6v,0.48364210499699267,0.002394157710225789,0.004950267326788423,True
M1e6,1000000.0,q4,4.0,3,0.01,0.01,fti_dchi6lv,0.0,Mchirp,-7.755264380537927,-53.39045129824665,6.8844140803544525,False
M1e6,1000000.0,q4,4.0,3,0.01,0.01,fti_dchi6lv,0.0,q,-6.736885382932507,-0.058950837829021475,0.008750458777044043,False
M1e6,1000000.0,q4,4.0,3,0.01,0.01,fti_dchi6lv,0.0,chiPN,-9.512169272269078,-0.008660477601066195,0.0009104629399640912,False
M1e6,1000000.0,q4,4.0,3,0.01,0.01,fti_dchi6lv,0.0,chim,1.5779518683208025,0.008488836913150489,0.005379655161588669,False
M1e6,1000000.0,q4,4.0,3,0.01,0.01,fti_dchi6lv,0.0,Deltat,8.832539528856096,1.093418134135908,0.12379430972979939,False
M1e6,1000000.0,q4,4.0,3,0.01,0.01,fti_dchi6lv,0.0,dist,-2.6047266065616155,-85.44092131609182,32.80226074431612,False
M1e6,1000000.0,q4,4.0,3,0.01,0.01,fti_dchi6lv,0.0,inc,2.0413303096504314,0.0072879789179212395,0.0035702105060935845,False
M1e6,1000000.0,q4,4.0,3,0.01,0.01,fti_dchi6lv,0.0,phi,-7.903056732274359,-0.18000481883685665,0.02277660719576468,False
M1e6,1000000.0,q4,4.0,3,0.01,0.01,fti_dchi6lv,0.0,lambda,-1.8586106701290153,-0.008176024426645265,0.0043989978956043155,False
M1e6,1000000.0,q4,4.0,3,0.01,0.01,fti_dchi6lv,0.0,beta,-1.5161267498475755,-0.002986939116680604,0.001970111744932208,False
M1e6,1000000.0,q4,4.0,3,0.01,0.01,fti_dchi6lv,0.0,psi,-2.343515138412449,-0.011213355485299283,0.0047848444848943746,False
M1e6,1000000.0,q4,4.0,3,0.01,0.01,fti_dchi6lv,0.0,fti_dchi6lv,2.581317466050638,0.059760762093027914,0.023151263987866103,True
M1e6,1000000.0,q4,4.0,3,0.01,0.01,fti_dchi7v,0.0,Mchirp,-4.832240284576752,-34.17476982575487,7.072241406295918,False
M1e6,1000000.0,q4,4.0,3,0.01,0.01,fti_dchi7v,0.0,q,-8.220962348493515,-0.07229723279108607,0.008794254215789528,False
M1e6,1000000.0,q4,4.0,3,0.01,0.01,fti_dchi7v,0.0,chiPN,-8.835217234461275,-0.00713733802606616,0.0008078282442481853,False
M1e6,1000000.0,q4,4.0,3,0.01,0.01,fti_dchi7v,0.0,chim,-1.0292531152577682,-0.0043127086463639105,0.004190134168584787,False
M1e6,1000000.0,q4,4.0,3,0.01,0.01,fti_dchi7v,0.0,Deltat,8.97723963194642,1.18768642706303,0.1322997353035478,False
M1e6,1000000.0,q4,4.0,3,0.01,0.01,fti_dchi7v,0.0,dist,-2.341856443917961,-76.39304559764332,32.62072096521707,False
M1e6,1000000.0,q4,4.0,3,0.01,0.01,fti_dchi7v,0.0,inc,2.080364938580311,0.007440460669795766,0.0035765170484334864,False
M1e6,1000000.0,q4,4.0,3,0.01,0.01,fti_dchi7v,0.0,phi,-8.614678546131536,-0.19804767278321633,0.022989560402361227,False
M1e6,1000000.0,q4,4.0,3,0.01,0.01,fti_dchi7v,0.0,lambda,-1.9189417426564597,-0.008457406432520322,0.004407328395917029,False
M1e6,1000000.0,q4,4.0,3,0.01,0.01,fti_dchi7v,0.0,beta,-1.196714062337516,-0.0023543077555640245,0.001967310178477727,False
M1e6,1000000.0,q4,4.0,3,0.01,0.01,fti_dchi7v,0.0,psi,-2.259848113268496,-0.010801587163672407,0.0047797845794378185,False
M1e6,1000000.0,q4,4.0,3,0.01,0.01,fti_dchi7v,0.0,fti_dchi7v,-1.8105305444858555,-0.01787614813706833,0.009873430852360848,True
M1e6,1000000.0,q4,4.0,3,0.01,0.01,fti_dkappa_S,0.0,Mchirp,-7.477297095151897,-39.28826845098877,5.254340967200882,False
M1e6,1000000.0,q4,4.0,3,0.01,0.01,fti_dkappa_S,0.0,q,-7.785887297630314,-0.059013345904611374,0.007579527374172559,False
M1e6,1000000.0,q4,4.0,3,0.01,0.01,fti_dkappa_S,0.0,chiPN,-9.339899734678365,-0.0067116805319852105,0.0007186030602732523,False
M1e6,1000000.0,q4,4.0,3,0.01,0.01,fti_dkappa_S,0.0,chim,-0.020698439958429574,-7.87078618966399e-05,0.003802598749215668,False
M1e6,1000000.0,q4,4.0,3,0.01,0.01,fti_dkappa_S,0.0,Deltat,8.585780089946946,1.0252840245380326,0.11941652520759685,False
M1e6,1000000.0,q4,4.0,3,0.01,0.01,fti_dkappa_S,0.0,dist,7.479339627575526,1.572811446502485,0.21028747520752997,False
M1e6,1000000.0,q4,4.0,3,0.01,0.01,fti_dkappa_S,0.0,inc,-0.23442830910865906,-0.0004143951350812705,0.001767683846105786,False
M1e6,1000000.0,q4,4.0,3,0.01,0.01,fti_dkappa_S,0.0,phi,-8.1686296918626,-0.16689130504950514,0.020430759055678385,False
M1e6,1000000.0,q4,4.0,3,0.01,0.01,fti_dkappa_S,0.0,lambda,0.2920489552657599,0.0007293873863138236,0.0024974832923134157,False
M1e6,1000000.0,q4,4.0,3,0.01,0.01,fti_dkappa_S,0.0,beta,-0.29489818799879164,-0.0005209893448954173,0.0017666753004855764,False
M1e6,1000000.0,q4,4.0,3,0.01,0.01,fti_dkappa_S,0.0,psi,0.03878354709026211,7.054428859381689e-05,0.0018189230714157488,False
M1e6,1000000.0,q4,4.0,3,0.01,0.01,fti_dkappa_S,0.0,fti_dkappa_S,,0.0,0.0,True
M1e6,1000000.0,q4,4.0,3,0.01,0.01,fti_dxi0v,0.0,Mchirp,3.5390387139504713,423.55020769480643,119.67945024879826,False
M1e6,1000000.0,q4,4.0,3,0.01,0.01,fti_dxi0v,0.0,q,-7.979040457994424,-0.06566197093179489,0.008229306678850879,False
M1e6,1000000.0,q4,4.0,3,0.01,0.01,fti_dxi0v,0.0,chiPN,-10.129569486110295,-0.00815758734596295,0.0008053241904454741,False
M1e6,1000000.0,q4,4.0,3,0.01,0.01,fti_dxi0v,0.0,chim,2.6377664889496324,0.014881273065044352,0.005641618819325484,False
M1e6,1000000.0,q4,4.0,3,0.01,0.01,fti_dxi0v,0.0,Deltat,9.29364240174799,1.15732028930339,0.12452817090161722,False
M1e6,1000000.0,q4,4.0,3,0.01,0.01,fti_dxi0v,0.0,dist,-2.90042944093653,-95.67618376544232,32.98690270312147,False
M1e6,1000000.0,q4,4.0,3,0.01,0.01,fti_dxi0v,0.0,inc,2.609486108672808,0.009454750807380535,0.0036232232760147736,False
M1e6,1000000.0,q4,4.0,3,0.01,0.01,fti_dxi0v,0.0,phi,-7.396412893689435,-0.1702510228525596,0.023018052845294307,False
M1e6,1000000.0,q4,4.0,3,0.01,0.01,fti_dxi0v,0.0,lambda,-2.3785790220317793,-0.010584677019116726,0.0044500001560071395,False
M1e6,1000000.0,q4,4.0,3,0.01,0.01,fti_dxi0v,0.0,beta,-1.754307360373027,-0.003467952981233438,0.001976821769986777,False
M1e6,1000000.0,q4,4.0,3,0.01,0.01,fti_dxi0v,0.0,psi,-2.9230350457314382,-0.014240642384779222,0.004871868507213108,False
M1e6,1000000.0,q4,4.0,3,0.01,0.01,fti_dxi0v,0.0,fti_dxi0v,-8.636133128193995,-0.0002884083552252721,3.3395542998719916e-05,True
