mass_label,M,q_label,q,case_id,d_omega,d_tau,fti_param,fti_value,match,mismatch,best_trial,minus_lnL_min,ML_Deltat,ML_phi,ML_psi,arrays_file
M1e6,1000000.0,q1,1.0,0,0.01,0.01,fti_dchiMinus2v,0.0,0.9999028576722963,9.714232770374753e-05,0,301.14107848705464,-0.2677059290329113,0.7038922787494903,1.200544576511781,/pbs/home/a/amahdi/pySEOBNR_deviation_2/Data/Mass_ratio/SEOBNRv5HMROM_times_pSEOB_ratio_domega_dtau_M1e6_q1_q2_q3_q4/run_data/cv_bias_recovery_M1e6_q1_q2_q3_q4_q5_domega_dtau_0p01/M1e6/q1/fti_dchiMinus2v/recovery_arrays_fti_dchiMinus2v_M1e6_q1_id_0.h5
M1e6,1000000.0,q1,1.0,0,0.01,0.01,fti_dchi0v,0.0,0.9999028576722963,9.714232770374753e-05,0,301.14107848705464,-0.2677059290329113,0.7038922787494903,1.200544576511781,/pbs/home/a/amahdi/pySEOBNR_deviation_2/Data/Mass_ratio/SEOBNRv5HMROM_times_pSEOB_ratio_domega_dtau_M1e6_q1_q2_q3_q4/run_data/cv_bias_recovery_M1e6_q1_q2_q3_q4_q5_domega_dtau_0p01/M1e6/q1/fti_dchi0v/recovery_arrays_fti_dchi0v_M1e6_q1_id_0.h5
M1e6,1000000.0,q1,1.0,0,0.01,0.01,fti_dchi1v,0.0,0.9999028576722963,9.714232770374753e-05,0,301.14107848705464,-0.2677059290329113,0.7038922787494903,1.200544576511781,/pbs/home/a/amahdi/pySEOBNR_deviation_2/Data/Mass_ratio/SEOBNRv5HMROM_times_pSEOB_ratio_domega_dtau_M1e6_q1_q2_q3_q4/run_data/cv_bias_recovery_M1e6_q1_q2_q3_q4_q5_domega_dtau_0p01/M1e6/q1/fti_dchi1v/recovery_arrays_fti_dchi1v_M1e6_q1_id_0.h5
M1e6,1000000.0,q1,1.0,0,0.01,0.01,fti_dchi2v,0.0,0.9999028576722963,9.714232770374753e-05,0,301.14107848705464,-0.2677059290329113,0.7038922787494903,1.200544576511781,/pbs/home/a/amahdi/pySEOBNR_deviation_2/Data/Mass_ratio/SEOBNRv5HMROM_times_pSEOB_ratio_domega_dtau_M1e6_q1_q2_q3_q4/run_data/cv_bias_recovery_M1e6_q1_q2_q3_q4_q5_domega_dtau_0p01/M1e6/q1/fti_dchi2v/recovery_arrays_fti_dchi2v_M1e6_q1_id_0.h5
M1e6,1000000.0,q1,1.0,0,0.01,0.01,fti_dchi3v,0.0,0.9999028576722963,9.714232770374753e-05,0,301.14107848705464,-0.2677059290329113,0.7038922787494903,1.200544576511781,/pbs/home/a/amahdi/pySEOBNR_deviation_2/Data/Mass_ratio/SEOBNRv5HMROM_times_pSEOB_ratio_domega_dtau_M1e6_q1_q2_q3_q4/run_data/cv_bias_recovery_M1e6_q1_q2_q3_q4_q5_domega_dtau_0p01/M1e6/q1/fti_dchi3v/recovery_arrays_fti_dchi3v_M1e6_q1_id_0.h5
M1e6,1000000.0,q1,1.0,0,0.01,0.01,fti_dchi4v,0.0,0.9999028576722963,9.714232770374753e-05,0,301.14107848705464,-0.2677059290329113,0.7038922787494903,1.200544576511781,/pbs/home/a/amahdi/pySEOBNR_deviation_2/Data/Mass_ratio/SEOBNRv5HMROM_times_pSEOB_ratio_domega_dtau_M1e6_q1_q2_q3_q4/run_data/cv_bias_recovery_M1e6_q1_q2_q3_q4_q5_domega_dtau_0p01/M1e6/q1/fti_dchi4v/recovery_arrays_fti_dchi4v_M1e6_q1_id_0.h5
M1e6,1000000.0,q1,1.0,0,0.01,0.01,fti_dchi5lv,0.0,0.9999028576722963,9.714232770374753e-05,0,301.14107848705464,-0.2677059290329113,0.7038922787494903,1.200544576511781,/pbs/home/a/amahdi/pySEOBNR_deviation_2/Data/Mass_ratio/SEOBNRv5HMROM_times_pSEOB_ratio_domega_dtau_M1e6_q1_q2_q3_q4/run_data/cv_bias_recovery_M1e6_q1_q2_q3_q4_q5_domega_dtau_0p01/M1e6/q1/fti_dchi5lv/recovery_arrays_fti_dchi5lv_M1e6_q1_id_0.h5
M1e6,1000000.0,q1,1.0,0,0.01,0.01,fti_dchi6v,0.0,0.9999028576722963,9.714232770374753e-05,0,301.14107848705464,-0.2677059290329113,0.7038922787494903,1.200544576511781,/pbs/home/a/amahdi/pySEOBNR_deviation_2/Data/Mass_ratio/SEOBNRv5HMROM_times_pSEOB_ratio_domega_dtau_M1e6_q1_q2_q3_q4/run_data/cv_bias_recovery_M1e6_q1_q2_q3_q4_q5_domega_dtau_0p01/M1e6/q1/fti_dchi6v/recovery_arrays_fti_dchi6v_M1e6_q1_id_0.h5
M1e6,1000000.0,q1,1.0,0,0.01,0.01,fti_dchi6lv,0.0,0.9999028576722963,9.714232770374753e-05,0,301.14107848705464,-0.2677059290329113,0.7038922787494903,1.200544576511781,/pbs/home/a/amahdi/pySEOBNR_deviation_2/Data/Mass_ratio/SEOBNRv5HMROM_times_pSEOB_ratio_domega_dtau_M1e6_q1_q2_q3_q4/run_data/cv_bias_recovery_M1e6_q1_q2_q3_q4_q5_domega_dtau_0p01/M1e6/q1/fti_dchi6lv/recovery_arrays_fti_dchi6lv_M1e6_q1_id_0.h5
M1e6,1000000.0,q1,1.0,0,0.01,0.01,fti_dchi7v,0.0,0.9999028576722963,9.714232770374753e-05,0,301.14107848705464,-0.2677059290329113,0.7038922787494903,1.200544576511781,/pbs/home/a/amahdi/pySEOBNR_deviation_2/Data/Mass_ratio/SEOBNRv5HMROM_times_pSEOB_ratio_domega_dtau_M1e6_q1_q2_q3_q4/run_data/cv_bias_recovery_M1e6_q1_q2_q3_q4_q5_domega_dtau_0p01/M1e6/q1/fti_dchi7v/recovery_arrays_fti_dchi7v_M1e6_q1_id_0.h5
M1e6,1000000.0,q1,1.0,0,0.01,0.01,fti_dkappa_S,0.0,0.9999028576722963,9.714232770374753e-05,0,301.14107848705464,-0.2677059290329113,0.7038922787494903,1.200544576511781,/pbs/home/a/amahdi/pySEOBNR_deviation_2/Data/Mass_ratio/SEOBNRv5HMROM_times_pSEOB_ratio_domega_dtau_M1e6_q1_q2_q3_q4/run_data/cv_bias_recovery_M1e6_q1_q2_q3_q4_q5_domega_dtau_0p01/M1e6/q1/fti_dkappa_S/recovery_arrays_fti_dkappa_S_M1e6_q1_id_0.h5
M1e6,1000000.0,q1,1.0,0,0.01,0.01,fti_dxi0v,0.0,0.9999028576722963,9.714232770374753e-05,0,301.14107848705464,-0.2677059290329113,0.7038922787494903,1.200544576511781,/pbs/home/a/amahdi/pySEOBNR_deviation_2/Data/Mass_ratio/SEOBNRv5HMROM_times_pSEOB_ratio_domega_dtau_M1e6_q1_q2_q3_q4/run_data/cv_bias_recovery_M1e6_q1_q2_q3_q4_q5_domega_dtau_0p01/M1e6/q1/fti_dxi0v/recovery_arrays_fti_dxi0v_M1e6_q1_id_0.h5
M1e6,1000000.0,q2,2.0,1,0.01,0.01,fti_dchiMinus2v,0.0,0.9999124747038389,8.752529616107285e-05,1,204.18628286112107,-0.32236587533878935,0.7037516732081341,1.2005405213115101,/pbs/home/a/amahdi/pySEOBNR_deviation_2/Data/Mass_ratio/SEOBNRv5HMROM_times_pSEOB_ratio_domega_dtau_M1e6_q1_q2_q3_q4/run_data/cv_bias_recovery_M1e6_q1_q2_q3_q4_q5_domega_dtau_0p01/M1e6/q2/fti_dchiMinus2v/recovery_arrays_fti_dchiMinus2v_M1e6_q2_id_1.h5
M1e6,1000000.0,q2,2.0,1,0.01,0.01,fti_dchi0v,0.0,0.9999124747038389,8.752529616107285e-05,1,204.18628286112107,-0.32236587533878935,0.7037516732081341,1.2005405213115101,/pbs/home/a/amahdi/pySEOBNR_deviation_2/Data/Mass_ratio/SEOBNRv5HMROM_times_pSEOB_ratio_domega_dtau_M1e6_q1_q2_q3_q4/run_data/cv_bias_recovery_M1e6_q1_q2_q3_q4_q5_domega_dtau_0p01/M1e6/q2/fti_dchi0v/recovery_arrays_fti_dchi0v_M1e6_q2_id_1.h5
M1e6,1000000.0,q2,2.0,1,0.01,0.01,fti_dchi1v,0.0,0.9999124747038389,8.752529616107285e-05,1,204.18628286112107,-0.32236587533878935,0.7037516732081341,1.2005405213115101,/pbs/home/a/amahdi/pySEOBNR_deviation_2/Data/Mass_ratio/SEOBNRv5HMROM_times_pSEOB_ratio_domega_dtau_M1e6_q1_q2_q3_q4/run_data/cv_bias_recovery_M1e6_q1_q2_q3_q4_q5_domega_dtau_0p01/M1e6/q2/fti_dchi1v/recovery_arrays_fti_dchi1v_M1e6_q2_id_1.h5
M1e6,1000000.0,q2,2.0,1,0.01,0.01,fti_dchi2v,0.0,0.9999124747038389,8.752529616107285e-05,1,204.18628286112107,-0.32236587533878935,0.7037516732081341,1.2005405213115101,/pbs/home/a/amahdi/pySEOBNR_deviation_2/Data/Mass_ratio/SEOBNRv5HMROM_times_pSEOB_ratio_domega_dtau_M1e6_q1_q2_q3_q4/run_data/cv_bias_recovery_M1e6_q1_q2_q3_q4_q5_domega_dtau_0p01/M1e6/q2/fti_dchi2v/recovery_arrays_fti_dchi2v_M1e6_q2_id_1.h5
M1e6,1000000.0,q2,2.0,1,0.01,0.01,fti_dchi3v,0.0,0.9999124747038389,8.752529616107285e-05,1,204.18628286112107,-0.32236587533878935,0.7037516732081341,1.2005405213115101,/pbs/home/a/amahdi/pySEOBNR_deviation_2/Data/Mass_ratio/SEOBNRv5HMROM_times_pSEOB_ratio_domega_dtau_M1e6_q1_q2_q3_q4/run_data/cv_bias_recovery_M1e6_q1_q2_q3_q4_q5_domega_dtau_0p01/M1e6/q2/fti_dchi3v/recovery_arrays_fti_dchi3v_M1e6_q2_id_1.h5
M1e6,1000000.0,q2,2.0,1,0.01,0.01,fti_dchi4v,0.0,0.9999124747038389,8.752529616107285e-05,1,204.18628286112107,-0.32236587533878935,0.7037516732081341,1.2005405213115101,/pbs/home/a/amahdi/pySEOBNR_deviation_2/Data/Mass_ratio/SEOBNRv5HMROM_times_pSEOB_ratio_domega_dtau_M1e6_q1_q2_q3_q4/run_data/cv_bias_recovery_M1e6_q1_q2_q3_q4_q5_domega_dtau_0p01/M1e6/q2/fti_dchi4v/recovery_arrays_fti_dchi4v_M1e6_q2_id_1.h5
M1e6,1000000.0,q2,2.0,1,0.01,0.01,fti_dchi5lv,0.0,0.9999124747038389,8.752529616107285e-05,1,204.18628286112107,-0.32236587533878935,0.7037516732081341,1.2005405213115101,/pbs/home/a/amahdi/pySEOBNR_deviation_2/Data/Mass_ratio/SEOBNRv5HMROM_times_pSEOB_ratio_domega_dtau_M1e6_q1_q2_q3_q4/run_data/cv_bias_recovery_M1e6_q1_q2_q3_q4_q5_domega_dtau_0p01/M1e6/q2/fti_dchi5lv/recovery_arrays_fti_dchi5lv_M1e6_q2_id_1.h5
M1e6,1000000.0,q2,2.0,1,0.01,0.01,fti_dchi6v,0.0,0.9999124747038389,8.752529616107285e-05,1,204.18628286112107,-0.32236587533878935,0.7037516732081341,1.2005405213115101,/pbs/home/a/amahdi/pySEOBNR_deviation_2/Data/Mass_ratio/SEOBNRv5HMROM_times_pSEOB_ratio_domega_dtau_M1e6_q1_q2_q3_q4/run_data/cv_bias_recovery_M1e6_q1_q2_q3_q4_q5_domega_dtau_0p01/M1e6/q2/fti_dchi6v/recovery_arrays_fti_dchi6v_M1e6_q2_id_1.h5
M1e6,1000000.0,q2,2.0,1,0.01,0.01,fti_dchi6lv,0.0,0.9999124747038389,8.752529616107285e-05,1,204.18628286112107,-0.32236587533878935,0.7037516732081341,1.2005405213115101,/pbs/home/a/amahdi/pySEOBNR_deviation_2/Data/Mass_ratio/SEOBNRv5HMROM_times_pSEOB_ratio_domega_dtau_M1e6_q1_q2_q3_q4/run_data/cv_bias_recovery_M1e6_q1_q2_q3_q4_q5_domega_dtau_0p01/M1e6/q2/fti_dchi6lv/recovery_arrays_fti_dchi6lv_M1e6_q2_id_1.h5
M1e6,1000000.0,q2,2.0,1,0.01,0.01,fti_dchi7v,0.0,0.9999124747038389,8.752529616107285e-05,1,204.18628286112107,-0.32236587533878935,0.7037516732081341,1.2005405213115101,/pbs/home/a/amahdi/pySEOBNR_deviation_2/Data/Mass_ratio/SEOBNRv5HMROM_times_pSEOB_ratio_domega_dtau_M1e6_q1_q2_q3_q4/run_data/cv_bias_recovery_M1e6_q1_q2_q3_q4_q5_domega_dtau_0p01/M1e6/q2/fti_dchi7v/recovery_arrays_fti_dchi7v_M1e6_q2_id_1.h5
M1e6,1000000.0,q2,2.0,1,0.01,0.01,fti_dkappa_S,0.0,0.9999124747038389,8.752529616107285e-05,1,204.18628286112107,-0.32236587533878935,0.7037516732081341,1.2005405213115101,/pbs/home/a/amahdi/pySEOBNR_deviation_2/Data/Mass_ratio/SEOBNRv5HMROM_times_pSEOB_ratio_domega_dtau_M1e6_q1_q2_q3_q4/run_data/cv_bias_recovery_M1e6_q1_q2_q3_q4_q5_domega_dtau_0p01/M1e6/q2/fti_dkappa_S/recovery_arrays_fti_dkappa_S_M1e6_q2_id_1.h5
M1e6,1000000.0,q2,2.0,1,0.01,0.01,fti_dxi0v,0.0,0.9999124747038389,8.752529616107285e-05,1,204.18628286112107,-0.32236587533878935,0.7037516732081341,1.2005405213115101,/pbs/home/a/amahdi/pySEOBNR_deviation_2/Data/Mass_ratio/SEOBNRv5HMROM_times_pSEOB_ratio_domega_dtau_M1e6_q1_q2_q3_q4/run_data/cv_bias_recovery_M1e6_q1_q2_q3_q4_q5_domega_dtau_0p01/M1e6/q2/fti_dxi0v/recovery_arrays_fti_dxi0v_M1e6_q2_id_1.h5
M1e6,1000000.0,q3,3.0,2,0.01,0.01,fti_dchiMinus2v,0.0,0.999916962377378,8.303762262196202e-05,6,144.19801872751975,-0.3377353998712278,0.7026995057453878,1.1999669428505475,/pbs/home/a/amahdi/pySEOBNR_deviation_2/Data/Mass_ratio/SEOBNRv5HMROM_times_pSEOB_ratio_domega_dtau_M1e6_q1_q2_q3_q4/run_data/cv_bias_recovery_M1e6_q1_q2_q3_q4_q5_domega_dtau_0p01/M1e6/q3/fti_dchiMinus2v/recovery_arrays_fti_dchiMinus2v_M1e6_q3_id_2.h5
M1e6,1000000.0,q3,3.0,2,0.01,0.01,fti_dchi0v,0.0,0.999916962377378,8.303762262196202e-05,6,144.19801872751975,-0.3377353998712278,0.7026995057453878,1.1999669428505475,/pbs/home/a/amahdi/pySEOBNR_deviation_2/Data/Mass_ratio/SEOBNRv5HMROM_times_pSEOB_ratio_domega_dtau_M1e6_q1_q2_q3_q4/run_data/cv_bias_recovery_M1e6_q1_q2_q3_q4_q5_domega_dtau_0p01/M1e6/q3/fti_dchi0v/recovery_arrays_fti_dchi0v_M1e6_q3_id_2.h5
M1e6,1000000.0,q3,3.0,2,0.01,0.01,fti_dchi1v,0.0,0.999916962377378,8.303762262196202e-05,6,144.19801872751975,-0.3377353998712278,0.7026995057453878,1.1999669428505475,/pbs/home/a/amahdi/pySEOBNR_deviation_2/Data/Mass_ratio/SEOBNRv5HMROM_times_pSEOB_ratio_domega_dtau_M1e6_q1_q2_q3_q4/run_data/cv_bias_recovery_M1e6_q1_q2_q3_q4_q5_domega_dtau_0p01/M1e6/q3/fti_dchi1v/recovery_arrays_fti_dchi1v_M1e6_q3_id_2.h5
M1e6,1000000.0,q3,3.0,2,0.01,0.01,fti_dchi2v,0.0,0.999916962377378,8.303762262196202e-05,6,144.19801872751975,-0.3377353998712278,0.7026995057453878,1.1999669428505475,/pbs/home/a/amahdi/pySEOBNR_deviation_2/Data/Mass_ratio/SEOBNRv5HMROM_times_pSEOB_ratio_domega_dtau_M1e6_q1_q2_q3_q4/run_data/cv_bias_recovery_M1e6_q1_q2_q3_q4_q5_domega_dtau_0p01/M1e6/q3/fti_dchi2v/recovery_arrays_fti_dchi2v_M1e6_q3_id_2.h5
M1e6,1000000.0,q3,3.0,2,0.01,0.01,fti_dchi3v,0.0,0.999916962377378,8.303762262196202e-05,6,144.19801872751975,-0.3377353998712278,0.7026995057453878,1.1999669428505475,/pbs/home/a/amahdi/pySEOBNR_deviation_2/Data/Mass_ratio/SEOBNRv5HMROM_times_pSEOB_ratio_domega_dtau_M1e6_q1_q2_q3_q4/run_data/cv_bias_recovery_M1e6_q1_q2_q3_q4_q5_domega_dtau_0p01/M1e6/q3/fti_dchi3v/recovery_arrays_fti_dchi3v_M1e6_q3_id_2.h5
M1e6,1000000.0,q3,3.0,2,0.01,0.01,fti_dchi4v,0.0,0.999916962377378,8.303762262196202e-05,6,144.19801872751975,-0.3377353998712278,0.7026995057453878,1.1999669428505475,/pbs/home/a/amahdi/pySEOBNR_deviation_2/Data/Mass_ratio/SEOBNRv5HMROM_times_pSEOB_ratio_domega_dtau_M1e6_q1_q2_q3_q4/run_data/cv_bias_recovery_M1e6_q1_q2_q3_q4_q5_domega_dtau_0p01/M1e6/q3/fti_dchi4v/recovery_arrays_fti_dchi4v_M1e6_q3_id_2.h5
M1e6,1000000.0,q3,3.0,2,0.01,0.01,fti_dchi5lv,0.0,0.999916962377378,8.303762262196202e-05,6,144.19801872751975,-0.3377353998712278,0.7026995057453878,1.1999669428505475,/pbs/home/a/amahdi/pySEOBNR_deviation_2/Data/Mass_ratio/SEOBNRv5HMROM_times_pSEOB_ratio_domega_dtau_M1e6_q1_q2_q3_q4/run_data/cv_bias_recovery_M1e6_q1_q2_q3_q4_q5_domega_dtau_0p01/M1e6/q3/fti_dchi5lv/recovery_arrays_fti_dchi5lv_M1e6_q3_id_2.h5
M1e6,1000000.0,q3,3.0,2,0.01,0.01,fti_dchi6v,0.0,0.999916962377378,8.303762262196202e-05,6,144.19801872751975,-0.3377353998712278,0.7026995057453878,1.1999669428505475,/pbs/home/a/amahdi/pySEOBNR_deviation_2/Data/Mass_ratio/SEOBNRv5HMROM_times_pSEOB_ratio_domega_dtau_M1e6_q1_q2_q3_q4/run_data/cv_bias_recovery_M1e6_q1_q2_q3_q4_q5_domega_dtau_0p01/M1e6/q3/fti_dchi6v/recovery_arrays_fti_dchi6v_M1e6_q3_id_2.h5
M1e6,1000000.0,q3,3.0,2,0.01,0.01,fti_dchi6lv,0.0,0.999916962377378,8.303762262196202e-05,6,144.19801872751975,-0.3377353998712278,0.7026995057453878,1.1999669428505475,/pbs/home/a/amahdi/pySEOBNR_deviation_2/Data/Mass_ratio/SEOBNRv5HMROM_times_pSEOB_ratio_domega_dtau_M1e6_q1_q2_q3_q4/run_data/cv_bias_recovery_M1e6_q1_q2_q3_q4_q5_domega_dtau_0p01/M1e6/q3/fti_dchi6lv/recovery_arrays_fti_dchi6lv_M1e6_q3_id_2.h5
M1e6,1000000.0,q3,3.0,2,0.01,0.01,fti_dchi7v,0.0,0.999916962377378,8.303762262196202e-05,6,144.19801872751975,-0.3377353998712278,0.7026995057453878,1.1999669428505475,/pbs/home/a/amahdi/pySEOBNR_deviation_2/Data/Mass_ratio/SEOBNRv5HMROM_times_pSEOB_ratio_domega_dtau_M1e6_q1_q2_q3_q4/run_data/cv_bias_recovery_M1e6_q1_q2_q3_q4_q5_domega_dtau_0p01/M1e6/q3/fti_dchi7v/recovery_arrays_fti_dchi7v_M1e6_q3_id_2.h5
M1e6,1000000.0,q3,3.0,2,0.01,0.01,fti_dkappa_S,0.0,0.999916962377378,8.303762262196202e-05,6,144.19801872751975,-0.3377353998712278,0.7026995057453878,1.1999669428505475,/pbs/home/a/amahdi/pySEOBNR_deviation_2/Data/Mass_ratio/SEOBNRv5HMROM_times_pSEOB_ratio_domega_dtau_M1e6_q1_q2_q3_q4/run_data/cv_bias_recovery_M1e6_q1_q2_q3_q4_q5_domega_dtau_0p01/M1e6/q3/fti_dkappa_S/recovery_arrays_fti_dkappa_S_M1e6_q3_id_2.h5
M1e6,1000000.0,q3,3.0,2,0.01,0.01,fti_dxi0v,0.0,0.999916962377378,8.303762262196202e-05,6,144.19801872751975,-0.3377353998712278,0.7026995057453878,1.1999669428505475,/pbs/home/a/amahdi/pySEOBNR_deviation_2/Data/Mass_ratio/SEOBNRv5HMROM_times_pSEOB_ratio_domega_dtau_M1e6_q1_q2_q3_q4/run_data/cv_bias_recovery_M1e6_q1_q2_q3_q4_q5_domega_dtau_0p01/M1e6/q3/fti_dxi0v/recovery_arrays_fti_dxi0v_M1e6_q3_id_2.h5
M1e6,1000000.0,q4,4.0,3,0.01,0.01,fti_dchiMinus2v,0.0,0.9999200952140608,7.990478593922212e-05,1,107.68378970884925,-0.3387488885823709,0.7018899867677457,1.1990096338931207,/pbs/home/a/amahdi/pySEOBNR_deviation_2/Data/Mass_ratio/SEOBNRv5HMROM_times_pSEOB_ratio_domega_dtau_M1e6_q1_q2_q3_q4/run_data/cv_bias_recovery_M1e6_q1_q2_q3_q4_q5_domega_dtau_0p01/M1e6/q4/fti_dchiMinus2v/recovery_arrays_fti_dchiMinus2v_M1e6_q4_id_3.h5
M1e6,1000000.0,q4,4.0,3,0.01,0.01,fti_dchi0v,0.0,0.9999200952140608,7.990478593922212e-05,1,107.68378970884925,-0.3387488885823709,0.7018899867677457,1.1990096338931207,/pbs/home/a/amahdi/pySEOBNR_deviation_2/Data/Mass_ratio/SEOBNRv5HMROM_times_pSEOB_ratio_domega_dtau_M1e6_q1_q2_q3_q4/run_data/cv_bias_recovery_M1e6_q1_q2_q3_q4_q5_domega_dtau_0p01/M1e6/q4/fti_dchi0v/recovery_arrays_fti_dchi0v_M1e6_q4_id_3.h5
M1e6,1000000.0,q4,4.0,3,0.01,0.01,fti_dchi1v,0.0,0.9999200952140608,7.990478593922212e-05,1,107.68378970884925,-0.3387488885823709,0.7018899867677457,1.1990096338931207,/pbs/home/a/amahdi/pySEOBNR_deviation_2/Data/Mass_ratio/SEOBNRv5HMROM_times_pSEOB_ratio_domega_dtau_M1e6_q1_q2_q3_q4/run_data/cv_bias_recovery_M1e6_q1_q2_q3_q4_q5_domega_dtau_0p01/M1e6/q4/fti_dchi1v/recovery_arrays_fti_dchi1v_M1e6_q4_id_3.h5
M1e6,1000000.0,q4,4.0,3,0.01,0.01,fti_dchi2v,0.0,0.9999200952140608,7.990478593922212e-05,1,107.68378970884925,-0.3387488885823709,0.7018899867677457,1.1990096338931207,/pbs/home/a/amahdi/pySEOBNR_deviation_2/Data/Mass_ratio/SEOBNRv5HMROM_times_pSEOB_ratio_domega_dtau_M1e6_q1_q2_q3_q4/run_data/cv_bias_recovery_M1e6_q1_q2_q3_q4_q5_domega_dtau_0p01/M1e6/q4/fti_dchi2v/recovery_arrays_fti_dchi2v_M1e6_q4_id_3.h5
M1e6,1000000.0,q4,4.0,3,0.01,0.01,fti_dchi3v,0.0,0.9999200952140608,7.990478593922212e-05,1,107.68378970884925,-0.3387488885823709,0.7018899867677457,1.1990096338931207,/pbs/home/a/amahdi/pySEOBNR_deviation_2/Data/Mass_ratio/SEOBNRv5HMROM_times_pSEOB_ratio_domega_dtau_M1e6_q1_q2_q3_q4/run_data/cv_bias_recovery_M1e6_q1_q2_q3_q4_q5_domega_dtau_0p01/M1e6/q4/fti_dchi3v/recovery_arrays_fti_dchi3v_M1e6_q4_id_3.h5
M1e6,1000000.0,q4,4.0,3,0.01,0.01,fti_dchi4v,0.0,0.9999200952140608,7.990478593922212e-05,1,107.68378970884925,-0.3387488885823709,0.7018899867677457,1.1990096338931207,/pbs/home/a/amahdi/pySEOBNR_deviation_2/Data/Mass_ratio/SEOBNRv5HMROM_times_pSEOB_ratio_domega_dtau_M1e6_q1_q2_q3_q4/run_data/cv_bias_recovery_M1e6_q1_q2_q3_q4_q5_domega_dtau_0p01/M1e6/q4/fti_dchi4v/recovery_arrays_fti_dchi4v_M1e6_q4_id_3.h5
M1e6,1000000.0,q4,4.0,3,0.01,0.01,fti_dchi5lv,0.0,0.9999200952140608,7.990478593922212e-05,1,107.68378970884925,-0.3387488885823709,0.7018899867677457,1.1990096338931207,/pbs/home/a/amahdi/pySEOBNR_deviation_2/Data/Mass_ratio/SEOBNRv5HMROM_times_pSEOB_ratio_domega_dtau_M1e6_q1_q2_q3_q4/run_data/cv_bias_recovery_M1e6_q1_q2_q3_q4_q5_domega_dtau_0p01/M1e6/q4/fti_dchi5lv/recovery_arrays_fti_dchi5lv_M1e6_q4_id_3.h5
M1e6,1000000.0,q4,4.0,3,0.01,0.01,fti_dchi6v,0.0,0.9999200952140608,7.990478593922212e-05,1,107.68378970884925,-0.3387488885823709,0.7018899867677457,1.1990096338931207,/pbs/home/a/amahdi/pySEOBNR_deviation_2/Data/Mass_ratio/SEOBNRv5HMROM_times_pSEOB_ratio_domega_dtau_M1e6_q1_q2_q3_q4/run_data/cv_bias_recovery_M1e6_q1_q2_q3_q4_q5_domega_dtau_0p01/M1e6/q4/fti_dchi6v/recovery_arrays_fti_dchi6v_M1e6_q4_id_3.h5
M1e6,1000000.0,q4,4.0,3,0.01,0.01,fti_dchi6lv,0.0,0.9999200952140608,7.990478593922212e-05,1,107.68378970884925,-0.3387488885823709,0.7018899867677457,1.1990096338931207,/pbs/home/a/amahdi/pySEOBNR_deviation_2/Data/Mass_ratio/SEOBNRv5HMROM_times_pSEOB_ratio_domega_dtau_M1e6_q1_q2_q3_q4/run_data/cv_bias_recovery_M1e6_q1_q2_q3_q4_q5_domega_dtau_0p01/M1e6/q4/fti_dchi6lv/recovery_arrays_fti_dchi6lv_M1e6_q4_id_3.h5
M1e6,1000000.0,q4,4.0,3,0.01,0.01,fti_dchi7v,0.0,0.9999200952140608,7.990478593922212e-05,1,107.68378970884925,-0.3387488885823709,0.7018899867677457,1.1990096338931207,/pbs/home/a/amahdi/pySEOBNR_deviation_2/Data/Mass_ratio/SEOBNRv5HMROM_times_pSEOB_ratio_domega_dtau_M1e6_q1_q2_q3_q4/run_data/cv_bias_recovery_M1e6_q1_q2_q3_q4_q5_domega_dtau_0p01/M1e6/q4/fti_dchi7v/recovery_arrays_fti_dchi7v_M1e6_q4_id_3.h5
M1e6,1000000.0,q4,4.0,3,0.01,0.01,fti_dkappa_S,0.0,0.9999200952140608,7.990478593922212e-05,1,107.68378970884925,-0.3387488885823709,0.7018899867677457,1.1990096338931207,/pbs/home/a/amahdi/pySEOBNR_deviation_2/Data/Mass_ratio/SEOBNRv5HMROM_times_pSEOB_ratio_domega_dtau_M1e6_q1_q2_q3_q4/run_data/cv_bias_recovery_M1e6_q1_q2_q3_q4_q5_domega_dtau_0p01/M1e6/q4/fti_dkappa_S/recovery_arrays_fti_dkappa_S_M1e6_q4_id_3.h5
M1e6,1000000.0,q4,4.0,3,0.01,0.01,fti_dxi0v,0.0,0.9999200952140608,7.990478593922212e-05,1,107.68378970884925,-0.3387488885823709,0.7018899867677457,1.1990096338931207,/pbs/home/a/amahdi/pySEOBNR_deviation_2/Data/Mass_ratio/SEOBNRv5HMROM_times_pSEOB_ratio_domega_dtau_M1e6_q1_q2_q3_q4/run_data/cv_bias_recovery_M1e6_q1_q2_q3_q4_q5_domega_dtau_0p01/M1e6/q4/fti_dxi0v/recovery_arrays_fti_dxi0v_M1e6_q4_id_3.h5
