mass_label,inj_id,d_omega,d_tau,trial,selected,minus_lnL,success,message,nit,nfev,Deltat,phi,psi
M1e6,0,0.1,0.1,0,False,18367.294652889403,True,Optimization terminated successfully.,94,179,-4.864240158279628,0.7350803097609138,1.2058788665344489
M1e6,0,0.1,0.1,1,False,18367.29460475607,True,Optimization terminated successfully.,103,190,-4.864209651810693,0.7350690251349707,1.2058662323758815
M1e6,0,0.1,0.1,2,True,18367.294588863006,True,Optimization terminated successfully.,110,206,-4.864344563497694,0.7350776751971528,1.2058737703112667
M1e6,0,0.1,0.1,3,False,18367.29459575234,True,Optimization terminated successfully.,109,199,-4.864221622476018,0.735070085361428,1.2058674145880306
M1e6,0,0.1,0.1,4,False,18367.294599664845,True,Optimization terminated successfully.,102,184,-4.864345766178491,0.7350790730415282,1.2058750082238685
M1e6,1,0.01,0.01,0,False,186.5750565924609,True,Optimization terminated successfully.,78,144,-0.45025749846967084,0.7034959539526922,1.2007343282440495
M1e6,1,0.01,0.01,1,True,186.57495626226682,True,Optimization terminated successfully.,99,181,-0.45054314134756224,0.7034886906931428,1.200720781277258
M1e6,1,0.01,0.01,2,False,2819945.427300155,True,Optimization terminated successfully.,178,317,-199.9999999445029,0.9765895987102802,2.431739723373463
M1e6,1,0.01,0.01,3,False,630923.4254887664,True,Optimization terminated successfully.,108,182,-0.740689118374594,-2.5704897734281626,1.0653864396041326
M1e6,1,0.01,0.01,4,False,630923.4254259111,True,Optimization terminated successfully.,108,199,-0.7403099846903965,-2.5704713398938965,1.0654118572611726
M1e6,2,0.001,0.001,0,False,1.8516147740033044,True,Optimization terminated successfully.,137,240,-0.04730188957618796,0.7003409399179032,1.2000697093080746
M1e6,2,0.001,0.001,1,False,1.8516373380064453,True,Optimization terminated successfully.,98,177,-0.04730875017535084,0.7003427164191018,1.20007323502589
M1e6,2,0.001,0.001,2,False,1.8516622134998664,True,Optimization terminated successfully.,100,176,-0.04722148069853862,0.700349919590241,1.2000804416190969
M1e6,2,0.001,0.001,3,False,630510.8802427208,True,Optimization terminated successfully.,85,156,-0.1920713423358023,-2.573913328575403,1.0668210082312306
M1e6,2,0.001,0.001,4,True,1.851608195114857,True,Optimization terminated successfully.,90,165,-0.04746907492709538,0.7003450261227786,1.200069907428805
M1e6,3,0.0001,0.0001,0,False,0.018541855668649937,True,Optimization terminated successfully.,143,254,-0.01084926574886896,0.7000413326492065,1.2000120584726663
M1e6,3,0.0001,0.0001,1,False,2593120.2792677637,True,Optimization terminated successfully.,100,186,132.6833101500578,-2.7095459912011783,2.4669246185399287
M1e6,3,0.0001,0.0001,2,False,1956983.3183787945,True,Optimization terminated successfully.,85,147,-79.85748255722392,-1.545558887188199,1.028040701943826
M1e6,3,0.0001,0.0001,3,False,0.01858257782683681,True,Optimization terminated successfully.,117,204,-0.010855823655895151,0.700031202779833,1.1999988260064929
M1e6,3,0.0001,0.0001,4,True,0.01853194042021756,True,Optimization terminated successfully.,113,205,-0.010631980159849988,0.7000295771368741,1.2000017405154546
M1e6,4,0.0,0.0,0,False,8.409438316231316e-05,True,Optimization terminated successfully.,90,163,-1.5896103231255746e-06,0.7000072020585502,1.2000099899917085
M1e6,4,0.0,0.0,1,False,7.199337333367042e-05,True,Optimization terminated successfully.,115,205,-3.0475244617381254e-05,0.6999984948062337,1.2000008531340303
M1e6,4,0.0,0.0,2,False,4.7004466216961236e-05,True,Optimization terminated successfully.,96,173,2.8878179760251013e-05,0.6999909987405797,1.1999916472750503
M1e6,4,0.0,0.0,3,False,6.307149546465584e-05,True,Optimization terminated successfully.,89,169,9.846076008554786e-05,0.6999981273570164,1.1999973932007957
M1e6,4,0.0,0.0,4,True,3.932773235294413e-05,True,Optimization terminated successfully.,85,153,-0.00011613570701272721,0.6999969993631145,1.1999938320879355
M1e6,5,0.05,0.05,0,False,635426.7348796204,True,Optimization terminated successfully.,98,182,-3.230879479852791,-2.555909463063043,1.0585887414181656
M1e6,5,0.05,0.05,1,False,4726.9821729879695,True,Optimization terminated successfully.,102,188,-2.3417148414919278,0.71786007866773,1.2034329185651114
M1e6,5,0.05,0.05,2,False,4726.982115011606,True,Optimization terminated successfully.,108,194,-2.3414608444751983,0.7178528537902151,1.20342576436376
M1e6,5,0.05,0.05,3,True,4726.982095070576,True,Optimization terminated successfully.,140,250,-2.3413471219324613,0.717856651886077,1.2034356441915843
M1e6,5,0.05,0.05,4,False,4726.9821083551,True,Optimization terminated successfully.,96,177,-2.341326549643329,0.717858152923192,1.203437509597979
M1e6,6,0.02,0.02,0,False,751.1522269516345,True,Optimization terminated successfully.,118,223,-0.9024313907897649,0.7070616136474168,1.2014526341172238
M1e6,6,0.02,0.02,1,False,631642.3569592019,True,Optimization terminated successfully.,111,206,-1.3491401595692776,-2.5667242320213344,1.0637668664930728
M1e6,6,0.02,0.02,2,False,751.152231842407,True,Optimization terminated successfully.,112,200,-0.9023714564676728,0.7070623896171755,1.2014546034834859
M1e6,6,0.02,0.02,3,True,751.1522184904386,True,Optimization terminated successfully.,89,164,-0.902265290044494,0.7070552763905189,1.20144705144715
M1e6,6,0.02,0.02,4,False,751.1522374208128,True,Optimization terminated successfully.,86,160,-0.902312125700982,0.7070548755240704,1.2014494063721484
M1e6,7,0.025,0.025,0,False,1176.558521371644,True,Optimization terminated successfully.,108,195,-1.1326440075143762,0.7088357500408131,1.2017897832824833
M1e6,7,0.025,0.025,1,True,1176.558418344309,True,Optimization terminated successfully.,89,165,-1.132768190937788,0.7088538903737236,1.201804283525929
M1e6,7,0.025,0.025,2,False,1176.5584414128916,True,Optimization terminated successfully.,124,225,-1.1326999693979185,0.7088488637207586,1.2018018785977609
M1e6,7,0.025,0.025,3,False,1176.5586650009066,True,Optimization terminated successfully.,88,161,-1.1331579248718935,0.7088385534122921,1.2017800245227466
M1e6,7,0.025,0.025,4,False,1176.5584944626478,True,Optimization terminated successfully.,78,143,-1.1329738127598874,0.7088603641768287,1.2018087809717977
M1e6,8,0.075,0.075,0,True,10546.147365913654,True,Optimization terminated successfully.,83,153,-3.5946932296686764,0.7266884347232581,1.2048073748196995
M1e6,8,0.075,0.075,1,False,10546.147382539752,True,Optimization terminated successfully.,109,199,-3.594699154531199,0.7266861268498919,1.2048051318380262
M1e6,8,0.075,0.075,2,False,2768572.700993313,True,Optimization terminated successfully.,89,168,152.333917860265,1.9248732309674699,0.9763163074967935
M1e6,8,0.075,0.075,3,False,10546.14738976425,True,Optimization terminated successfully.,89,162,-3.594612417699629,0.7266842571068644,1.2048043653120648
M1e6,8,0.075,0.075,4,False,10546.147386776931,True,Optimization terminated successfully.,98,183,-3.594616095736257,0.7266918901431225,1.2048129029631425
M1e6,9,0.0025,0.0025,0,True,11.588549795614927,True,Optimization terminated successfully.,117,213,-0.11293737267129497,0.7008713763712571,1.2001832052908652
M1e6,9,0.0025,0.0025,1,False,11.588587690881354,True,Optimization terminated successfully.,101,184,-0.11291680044180619,0.7008687631676076,1.2001834086327845
M1e6,9,0.0025,0.0025,2,False,11.588572831948504,True,Optimization terminated successfully.,104,191,-0.11277136484316186,0.7008632590666592,1.2001754239392632
M1e6,9,0.0025,0.0025,3,False,630564.2488951407,True,Optimization terminated successfully.,92,170,-0.28183894789630587,-2.5733148159003285,1.0666109796891008
M1e6,9,0.0025,0.0025,4,False,11.588607271749993,True,Optimization terminated successfully.,109,203,-0.11264363523800049,0.700865135200508,1.2001862525464082
M1e6,10,0.005,0.005,0,False,46.45643892228077,True,Optimization terminated successfully.,105,186,-0.22671106874801167,0.7017402710246277,1.2003685450271644
M1e6,10,0.005,0.005,1,False,46.456504402202356,True,Optimization terminated successfully.,93,166,-0.22688104071828097,0.7017531877965997,1.2003769598541578
M1e6,10,0.005,0.005,2,False,2928907.063561689,True,Optimization terminated successfully.,223,406,-199.999999906617,-0.5190485310757422,0.8954999898188587
M1e6,10,0.005,0.005,3,True,46.45642813239611,True,Optimization terminated successfully.,111,204,-0.2265876070519591,0.701738706908634,1.2003679974756079
M1e6,10,0.005,0.005,4,False,46.45645760406626,True,Optimization terminated successfully.,103,186,-0.22659866931053954,0.7017444037736595,1.2003716560686595
M1e6,11,0.0075,0.0075,0,False,104.74436986407088,True,Optimization terminated successfully.,92,167,-0.33620356287938746,0.7026170562361487,1.2005488651446434
M1e6,11,0.0075,0.0075,1,False,104.74431174382829,True,Optimization terminated successfully.,125,224,-0.3360810869647864,0.7026241125327566,1.2005543146203732
M1e6,11,0.0075,0.0075,2,False,104.74438825231042,True,Optimization terminated successfully.,83,157,-0.33585944080406754,0.7026027452341514,1.2005379196048267
M1e6,11,0.0075,0.0075,3,False,2819486.4987943387,True,Optimization terminated successfully.,153,276,-199.99999989049414,0.977174187078532,2.431433135053089
M1e6,11,0.0075,0.0075,4,True,104.74430284699301,True,Optimization terminated successfully.,111,200,-0.33595805681484786,0.7026097293530587,1.2005428226185666
M1e6,12,0.00025,0.00025,0,False,2727685.8268567873,True,Optimization terminated successfully.,140,249,159.17473737600406,1.8562807784092437,0.9610543629551802
M1e6,12,0.00025,0.00025,1,False,630486.4946736349,True,Optimization terminated successfully.,95,166,-0.14658643463338783,-2.5741916422471944,1.066947994948929
M1e6,12,0.00025,0.00025,2,False,0.11567675350228764,True,Optimization terminated successfully.,85,150,-0.0141423493584638,0.7000845583712225,1.2000195619231253
M1e6,12,0.00025,0.00025,3,False,0.11568521426246116,True,Optimization terminated successfully.,82,152,-0.014436945979344674,0.700085513287835,1.2000160620615374
M1e6,12,0.00025,0.00025,4,True,0.11566619877482867,True,Optimization terminated successfully.,109,197,-0.014260095198668384,0.7000905896361092,1.2000242681460334
M1e6,13,0.0005,0.0005,0,False,0.46271258345212374,True,Optimization terminated successfully.,90,161,-0.02380259853329798,0.7001773013974084,1.2000374234936695
M1e6,13,0.0005,0.0005,1,False,630494.451388078,True,Optimization terminated successfully.,73,134,-0.16009096738318515,-2.574110541626271,1.0668969739019905
M1e6,13,0.0005,0.0005,2,False,0.462794071318095,True,Optimization terminated successfully.,105,191,-0.02392325884302904,0.7001733078684622,1.2000301954372241
M1e6,13,0.0005,0.0005,3,True,0.46270342224962346,True,Optimization terminated successfully.,104,189,-0.023606473814004915,0.700169307851116,1.2000356339090474
M1e6,13,0.0005,0.0005,4,False,0.46271195156287004,True,Optimization terminated successfully.,98,182,-0.023806752073032792,0.7001737618130135,1.200036478739736
M1e6,14,0.00075,0.00075,0,False,630502.5787848932,True,Optimization terminated successfully.,94,169,-0.17765376603399927,-2.5739848214422834,1.0668828683836709
M1e6,14,0.00075,0.00075,1,False,1.0413394504197253,True,Optimization terminated successfully.,92,170,-0.03712196170015734,0.7002585768294876,1.20004987976845
M1e6,14,0.00075,0.00075,2,True,1.0413009813588348,True,Optimization terminated successfully.,91,166,-0.037044517134648056,0.7002598480206448,1.200053555963274
M1e6,14,0.00075,0.00075,3,False,1.0413284190908787,True,Optimization terminated successfully.,118,212,-0.03727312111976426,0.700261955428525,1.2000523604515738
M1e6,14,0.00075,0.00075,4,False,1.0414095342622613,True,Optimization terminated successfully.,99,179,-0.037112449064904005,0.7002705178000275,1.2000620739999655
M1e6,15,2.5e-05,2.5e-05,0,False,0.0012297547031360366,True,Optimization terminated successfully.,127,230,-0.000364852540696109,0.7000048567371566,1.1999966514032845
M1e6,15,2.5e-05,2.5e-05,1,False,0.0013487734103008672,True,Optimization terminated successfully.,84,155,-0.0001714912553166062,0.6999957358223297,1.1999910052710216
M1e6,15,2.5e-05,2.5e-05,2,False,0.0011883705600075473,True,Optimization terminated successfully.,120,219,-0.0005998586747574445,0.7000102465740041,1.2000009259593796
M1e6,15,2.5e-05,2.5e-05,3,True,0.0011761248491615776,True,Optimization terminated successfully.,100,183,-0.0005640764215935265,0.7000097917094887,1.2000011913278747
M1e6,15,2.5e-05,2.5e-05,4,False,0.001215161712471267,True,Optimization terminated successfully.,103,182,-0.00044033666863486226,0.7000152515992992,1.2000107548111405
M1e6,16,5e-05,5e-05,0,True,0.004647562364822028,True,Optimization terminated successfully.,167,296,-0.00972199256215601,0.7000146915319823,1.2000010859709298
M1e6,16,5e-05,5e-05,1,False,0.0046588302644332835,True,Optimization terminated successfully.,102,181,-0.00986747559436964,0.7000150062383783,1.2000016457326055
M1e6,16,5e-05,5e-05,2,False,0.0046825019673793905,True,Optimization terminated successfully.,101,184,-0.009773008416822548,0.7000240837966798,1.2000128998338733
M1e6,16,5e-05,5e-05,3,False,0.004662165447784658,True,Optimization terminated successfully.,92,169,-0.009742949757324737,0.7000091689557104,1.1999968978642614
M1e6,16,5e-05,5e-05,4,False,0.0046769560983051,True,Optimization terminated successfully.,114,212,-0.009720325511327201,0.7000168012450603,1.200002270013126
M1e6,17,7.5e-05,7.5e-05,0,False,630481.02539767,True,Optimization terminated successfully.,82,151,-0.13990689883233456,-2.574252395329399,1.0669838744382107
M1e6,17,7.5e-05,7.5e-05,1,False,0.010460894287009288,True,Optimization terminated successfully.,117,211,-0.010245242572272774,0.7000329996859675,1.200014544265766
M1e6,17,7.5e-05,7.5e-05,2,False,0.010473127258133636,True,Optimization terminated successfully.,101,185,-0.010070918641441473,0.7000185185366208,1.2000027668447921
M1e6,17,7.5e-05,7.5e-05,3,False,0.010430045444109805,True,Optimization terminated successfully.,92,172,-0.010334519276270495,0.7000325268906931,1.200010059879697
M1e6,17,7.5e-05,7.5e-05,4,True,0.01042106157854333,True,Optimization terminated successfully.,108,194,-0.010144171780076622,0.7000224755918856,1.2000041929832257
