mass_label,M,inj_id,d_omega,d_tau,fti_param,fti_value,match,mismatch,best_trial,minus_lnL_min,ML_Deltat,ML_phi,ML_psi,arrays_file
M1e6,1000000.0,0,0.1,0.1,fti_dchiMinus2v,0.0,0.995169872486762,0.0048301275132379695,2,18367.294588863006,-4.864344563497694,0.7350776751971528,1.2058737703112667,/pbs/home/a/amahdi/pySEOBNR_deviation_2/Data/SEOBNRv5HMROM_times_pSEOB_ratio_phase_with_denom_condition_domega_dtau_scan_M1e6_q4_dense/run_data/bias_syst_recovery/M1e6/id_0/fti_dchiMinus2v/recovery_arrays_fti_dchiMinus2v_M1e6_id_0.h5
M1e6,1000000.0,0,0.1,0.1,fti_dchi0v,0.0,0.995169872486762,0.0048301275132379695,2,18367.294588863006,-4.864344563497694,0.7350776751971528,1.2058737703112667,/pbs/home/a/amahdi/pySEOBNR_deviation_2/Data/SEOBNRv5HMROM_times_pSEOB_ratio_phase_with_denom_condition_domega_dtau_scan_M1e6_q4_dense/run_data/bias_syst_recovery/M1e6/id_0/fti_dchi0v/recovery_arrays_fti_dchi0v_M1e6_id_0.h5
M1e6,1000000.0,0,0.1,0.1,fti_dchi1v,0.0,0.995169872486762,0.0048301275132379695,2,18367.294588863006,-4.864344563497694,0.7350776751971528,1.2058737703112667,/pbs/home/a/amahdi/pySEOBNR_deviation_2/Data/SEOBNRv5HMROM_times_pSEOB_ratio_phase_with_denom_condition_domega_dtau_scan_M1e6_q4_dense/run_data/bias_syst_recovery/M1e6/id_0/fti_dchi1v/recovery_arrays_fti_dchi1v_M1e6_id_0.h5
M1e6,1000000.0,0,0.1,0.1,fti_dchi2v,0.0,0.995169872486762,0.0048301275132379695,2,18367.294588863006,-4.864344563497694,0.7350776751971528,1.2058737703112667,/pbs/home/a/amahdi/pySEOBNR_deviation_2/Data/SEOBNRv5HMROM_times_pSEOB_ratio_phase_with_denom_condition_domega_dtau_scan_M1e6_q4_dense/run_data/bias_syst_recovery/M1e6/id_0/fti_dchi2v/recovery_arrays_fti_dchi2v_M1e6_id_0.h5
M1e6,1000000.0,0,0.1,0.1,fti_dchi3v,0.0,0.995169872486762,0.0048301275132379695,2,18367.294588863006,-4.864344563497694,0.7350776751971528,1.2058737703112667,/pbs/home/a/amahdi/pySEOBNR_deviation_2/Data/SEOBNRv5HMROM_times_pSEOB_ratio_phase_with_denom_condition_domega_dtau_scan_M1e6_q4_dense/run_data/bias_syst_recovery/M1e6/id_0/fti_dchi3v/recovery_arrays_fti_dchi3v_M1e6_id_0.h5
M1e6,1000000.0,0,0.1,0.1,fti_dchi4v,0.0,0.995169872486762,0.0048301275132379695,2,18367.294588863006,-4.864344563497694,0.7350776751971528,1.2058737703112667,/pbs/home/a/amahdi/pySEOBNR_deviation_2/Data/SEOBNRv5HMROM_times_pSEOB_ratio_phase_with_denom_condition_domega_dtau_scan_M1e6_q4_dense/run_data/bias_syst_recovery/M1e6/id_0/fti_dchi4v/recovery_arrays_fti_dchi4v_M1e6_id_0.h5
M1e6,1000000.0,0,0.1,0.1,fti_dchi5lv,0.0,0.995169872486762,0.0048301275132379695,2,18367.294588863006,-4.864344563497694,0.7350776751971528,1.2058737703112667,/pbs/home/a/amahdi/pySEOBNR_deviation_2/Data/SEOBNRv5HMROM_times_pSEOB_ratio_phase_with_denom_condition_domega_dtau_scan_M1e6_q4_dense/run_data/bias_syst_recovery/M1e6/id_0/fti_dchi5lv/recovery_arrays_fti_dchi5lv_M1e6_id_0.h5
M1e6,1000000.0,0,0.1,0.1,fti_dchi6v,0.0,0.995169872486762,0.0048301275132379695,2,18367.294588863006,-4.864344563497694,0.7350776751971528,1.2058737703112667,/pbs/home/a/amahdi/pySEOBNR_deviation_2/Data/SEOBNRv5HMROM_times_pSEOB_ratio_phase_with_denom_condition_domega_dtau_scan_M1e6_q4_dense/run_data/bias_syst_recovery/M1e6/id_0/fti_dchi6v/recovery_arrays_fti_dchi6v_M1e6_id_0.h5
M1e6,1000000.0,0,0.1,0.1,fti_dchi6lv,0.0,0.995169872486762,0.0048301275132379695,2,18367.294588863006,-4.864344563497694,0.7350776751971528,1.2058737703112667,/pbs/home/a/amahdi/pySEOBNR_deviation_2/Data/SEOBNRv5HMROM_times_pSEOB_ratio_phase_with_denom_condition_domega_dtau_scan_M1e6_q4_dense/run_data/bias_syst_recovery/M1e6/id_0/fti_dchi6lv/recovery_arrays_fti_dchi6lv_M1e6_id_0.h5
M1e6,1000000.0,0,0.1,0.1,fti_dchi7v,0.0,0.995169872486762,0.0048301275132379695,2,18367.294588863006,-4.864344563497694,0.7350776751971528,1.2058737703112667,/pbs/home/a/amahdi/pySEOBNR_deviation_2/Data/SEOBNRv5HMROM_times_pSEOB_ratio_phase_with_denom_condition_domega_dtau_scan_M1e6_q4_dense/run_data/bias_syst_recovery/M1e6/id_0/fti_dchi7v/recovery_arrays_fti_dchi7v_M1e6_id_0.h5
M1e6,1000000.0,0,0.1,0.1,fti_dkappa_S,0.0,0.995169872486762,0.0048301275132379695,2,18367.294588863006,-4.864344563497694,0.7350776751971528,1.2058737703112667,/pbs/home/a/amahdi/pySEOBNR_deviation_2/Data/SEOBNRv5HMROM_times_pSEOB_ratio_phase_with_denom_condition_domega_dtau_scan_M1e6_q4_dense/run_data/bias_syst_recovery/M1e6/id_0/fti_dkappa_S/recovery_arrays_fti_dkappa_S_M1e6_id_0.h5
M1e6,1000000.0,0,0.1,0.1,fti_dxi0v,0.0,0.995169872486762,0.0048301275132379695,2,18367.294588863006,-4.864344563497694,0.7350776751971528,1.2058737703112667,/pbs/home/a/amahdi/pySEOBNR_deviation_2/Data/SEOBNRv5HMROM_times_pSEOB_ratio_phase_with_denom_condition_domega_dtau_scan_M1e6_q4_dense/run_data/bias_syst_recovery/M1e6/id_0/fti_dxi0v/recovery_arrays_fti_dxi0v_M1e6_id_0.h5
M1e6,1000000.0,1,0.01,0.01,fti_dchiMinus2v,0.0,0.9998978953458922,0.00010210465410775971,1,186.57495626226682,-0.45054314134756224,0.7034886906931428,1.200720781277258,/pbs/home/a/amahdi/pySEOBNR_deviation_2/Data/SEOBNRv5HMROM_times_pSEOB_ratio_phase_with_denom_condition_domega_dtau_scan_M1e6_q4_dense/run_data/bias_syst_recovery/M1e6/id_1/fti_dchiMinus2v/recovery_arrays_fti_dchiMinus2v_M1e6_id_1.h5
M1e6,1000000.0,1,0.01,0.01,fti_dchi0v,0.0,0.9998978953458922,0.00010210465410775971,1,186.57495626226682,-0.45054314134756224,0.7034886906931428,1.200720781277258,/pbs/home/a/amahdi/pySEOBNR_deviation_2/Data/SEOBNRv5HMROM_times_pSEOB_ratio_phase_with_denom_condition_domega_dtau_scan_M1e6_q4_dense/run_data/bias_syst_recovery/M1e6/id_1/fti_dchi0v/recovery_arrays_fti_dchi0v_M1e6_id_1.h5
M1e6,1000000.0,1,0.01,0.01,fti_dchi1v,0.0,0.9998978953458922,0.00010210465410775971,1,186.57495626226682,-0.45054314134756224,0.7034886906931428,1.200720781277258,/pbs/home/a/amahdi/pySEOBNR_deviation_2/Data/SEOBNRv5HMROM_times_pSEOB_ratio_phase_with_denom_condition_domega_dtau_scan_M1e6_q4_dense/run_data/bias_syst_recovery/M1e6/id_1/fti_dchi1v/recovery_arrays_fti_dchi1v_M1e6_id_1.h5
M1e6,1000000.0,1,0.01,0.01,fti_dchi2v,0.0,0.9998978953458922,0.00010210465410775971,1,186.57495626226682,-0.45054314134756224,0.7034886906931428,1.200720781277258,/pbs/home/a/amahdi/pySEOBNR_deviation_2/Data/SEOBNRv5HMROM_times_pSEOB_ratio_phase_with_denom_condition_domega_dtau_scan_M1e6_q4_dense/run_data/bias_syst_recovery/M1e6/id_1/fti_dchi2v/recovery_arrays_fti_dchi2v_M1e6_id_1.h5
M1e6,1000000.0,1,0.01,0.01,fti_dchi3v,0.0,0.9998978953458922,0.00010210465410775971,1,186.57495626226682,-0.45054314134756224,0.7034886906931428,1.200720781277258,/pbs/home/a/amahdi/pySEOBNR_deviation_2/Data/SEOBNRv5HMROM_times_pSEOB_ratio_phase_with_denom_condition_domega_dtau_scan_M1e6_q4_dense/run_data/bias_syst_recovery/M1e6/id_1/fti_dchi3v/recovery_arrays_fti_dchi3v_M1e6_id_1.h5
M1e6,1000000.0,1,0.01,0.01,fti_dchi4v,0.0,0.9998978953458922,0.00010210465410775971,1,186.57495626226682,-0.45054314134756224,0.7034886906931428,1.200720781277258,/pbs/home/a/amahdi/pySEOBNR_deviation_2/Data/SEOBNRv5HMROM_times_pSEOB_ratio_phase_with_denom_condition_domega_dtau_scan_M1e6_q4_dense/run_data/bias_syst_recovery/M1e6/id_1/fti_dchi4v/recovery_arrays_fti_dchi4v_M1e6_id_1.h5
M1e6,1000000.0,1,0.01,0.01,fti_dchi5lv,0.0,0.9998978953458922,0.00010210465410775971,1,186.57495626226682,-0.45054314134756224,0.7034886906931428,1.200720781277258,/pbs/home/a/amahdi/pySEOBNR_deviation_2/Data/SEOBNRv5HMROM_times_pSEOB_ratio_phase_with_denom_condition_domega_dtau_scan_M1e6_q4_dense/run_data/bias_syst_recovery/M1e6/id_1/fti_dchi5lv/recovery_arrays_fti_dchi5lv_M1e6_id_1.h5
M1e6,1000000.0,1,0.01,0.01,fti_dchi6v,0.0,0.9998978953458922,0.00010210465410775971,1,186.57495626226682,-0.45054314134756224,0.7034886906931428,1.200720781277258,/pbs/home/a/amahdi/pySEOBNR_deviation_2/Data/SEOBNRv5HMROM_times_pSEOB_ratio_phase_with_denom_condition_domega_dtau_scan_M1e6_q4_dense/run_data/bias_syst_recovery/M1e6/id_1/fti_dchi6v/recovery_arrays_fti_dchi6v_M1e6_id_1.h5
M1e6,1000000.0,1,0.01,0.01,fti_dchi6lv,0.0,0.9998978953458922,0.00010210465410775971,1,186.57495626226682,-0.45054314134756224,0.7034886906931428,1.200720781277258,/pbs/home/a/amahdi/pySEOBNR_deviation_2/Data/SEOBNRv5HMROM_times_pSEOB_ratio_phase_with_denom_condition_domega_dtau_scan_M1e6_q4_dense/run_data/bias_syst_recovery/M1e6/id_1/fti_dchi6lv/recovery_arrays_fti_dchi6lv_M1e6_id_1.h5
M1e6,1000000.0,1,0.01,0.01,fti_dchi7v,0.0,0.9998978953458922,0.00010210465410775971,1,186.57495626226682,-0.45054314134756224,0.7034886906931428,1.200720781277258,/pbs/home/a/amahdi/pySEOBNR_deviation_2/Data/SEOBNRv5HMROM_times_pSEOB_ratio_phase_with_denom_condition_domega_dtau_scan_M1e6_q4_dense/run_data/bias_syst_recovery/M1e6/id_1/fti_dchi7v/recovery_arrays_fti_dchi7v_M1e6_id_1.h5
M1e6,1000000.0,1,0.01,0.01,fti_dkappa_S,0.0,0.9998978953458922,0.00010210465410775971,1,186.57495626226682,-0.45054314134756224,0.7034886906931428,1.200720781277258,/pbs/home/a/amahdi/pySEOBNR_deviation_2/Data/SEOBNRv5HMROM_times_pSEOB_ratio_phase_with_denom_condition_domega_dtau_scan_M1e6_q4_dense/run_data/bias_syst_recovery/M1e6/id_1/fti_dkappa_S/recovery_arrays_fti_dkappa_S_M1e6_id_1.h5
M1e6,1000000.0,1,0.01,0.01,fti_dxi0v,0.0,0.9998978953458922,0.00010210465410775971,1,186.57495626226682,-0.45054314134756224,0.7034886906931428,1.200720781277258,/pbs/home/a/amahdi/pySEOBNR_deviation_2/Data/SEOBNRv5HMROM_times_pSEOB_ratio_phase_with_denom_condition_domega_dtau_scan_M1e6_q4_dense/run_data/bias_syst_recovery/M1e6/id_1/fti_dxi0v/recovery_arrays_fti_dxi0v_M1e6_id_1.h5
M1e6,1000000.0,2,0.001,0.001,fti_dchiMinus2v,0.0,0.9999460850427296,5.391495727036233e-05,4,1.851608195114857,-0.04746907492709538,0.7003450261227786,1.200069907428805,/pbs/home/a/amahdi/pySEOBNR_deviation_2/Data/SEOBNRv5HMROM_times_pSEOB_ratio_phase_with_denom_condition_domega_dtau_scan_M1e6_q4_dense/run_data/bias_syst_recovery/M1e6/id_2/fti_dchiMinus2v/recovery_arrays_fti_dchiMinus2v_M1e6_id_2.h5
M1e6,1000000.0,2,0.001,0.001,fti_dchi0v,0.0,0.9999460850427296,5.391495727036233e-05,4,1.851608195114857,-0.04746907492709538,0.7003450261227786,1.200069907428805,/pbs/home/a/amahdi/pySEOBNR_deviation_2/Data/SEOBNRv5HMROM_times_pSEOB_ratio_phase_with_denom_condition_domega_dtau_scan_M1e6_q4_dense/run_data/bias_syst_recovery/M1e6/id_2/fti_dchi0v/recovery_arrays_fti_dchi0v_M1e6_id_2.h5
M1e6,1000000.0,2,0.001,0.001,fti_dchi1v,0.0,0.9999460850427296,5.391495727036233e-05,4,1.851608195114857,-0.04746907492709538,0.7003450261227786,1.200069907428805,/pbs/home/a/amahdi/pySEOBNR_deviation_2/Data/SEOBNRv5HMROM_times_pSEOB_ratio_phase_with_denom_condition_domega_dtau_scan_M1e6_q4_dense/run_data/bias_syst_recovery/M1e6/id_2/fti_dchi1v/recovery_arrays_fti_dchi1v_M1e6_id_2.h5
M1e6,1000000.0,2,0.001,0.001,fti_dchi2v,0.0,0.9999460850427296,5.391495727036233e-05,4,1.851608195114857,-0.04746907492709538,0.7003450261227786,1.200069907428805,/pbs/home/a/amahdi/pySEOBNR_deviation_2/Data/SEOBNRv5HMROM_times_pSEOB_ratio_phase_with_denom_condition_domega_dtau_scan_M1e6_q4_dense/run_data/bias_syst_recovery/M1e6/id_2/fti_dchi2v/recovery_arrays_fti_dchi2v_M1e6_id_2.h5
M1e6,1000000.0,2,0.001,0.001,fti_dchi3v,0.0,0.9999460850427296,5.391495727036233e-05,4,1.851608195114857,-0.04746907492709538,0.7003450261227786,1.200069907428805,/pbs/home/a/amahdi/pySEOBNR_deviation_2/Data/SEOBNRv5HMROM_times_pSEOB_ratio_phase_with_denom_condition_domega_dtau_scan_M1e6_q4_dense/run_data/bias_syst_recovery/M1e6/id_2/fti_dchi3v/recovery_arrays_fti_dchi3v_M1e6_id_2.h5
M1e6,1000000.0,2,0.001,0.001,fti_dchi4v,0.0,0.9999460850427296,5.391495727036233e-05,4,1.851608195114857,-0.04746907492709538,0.7003450261227786,1.200069907428805,/pbs/home/a/amahdi/pySEOBNR_deviation_2/Data/SEOBNRv5HMROM_times_pSEOB_ratio_phase_with_denom_condition_domega_dtau_scan_M1e6_q4_dense/run_data/bias_syst_recovery/M1e6/id_2/fti_dchi4v/recovery_arrays_fti_dchi4v_M1e6_id_2.h5
M1e6,1000000.0,2,0.001,0.001,fti_dchi5lv,0.0,0.9999460850427296,5.391495727036233e-05,4,1.851608195114857,-0.04746907492709538,0.7003450261227786,1.200069907428805,/pbs/home/a/amahdi/pySEOBNR_deviation_2/Data/SEOBNRv5HMROM_times_pSEOB_ratio_phase_with_denom_condition_domega_dtau_scan_M1e6_q4_dense/run_data/bias_syst_recovery/M1e6/id_2/fti_dchi5lv/recovery_arrays_fti_dchi5lv_M1e6_id_2.h5
M1e6,1000000.0,2,0.001,0.001,fti_dchi6v,0.0,0.9999460850427296,5.391495727036233e-05,4,1.851608195114857,-0.04746907492709538,0.7003450261227786,1.200069907428805,/pbs/home/a/amahdi/pySEOBNR_deviation_2/Data/SEOBNRv5HMROM_times_pSEOB_ratio_phase_with_denom_condition_domega_dtau_scan_M1e6_q4_dense/run_data/bias_syst_recovery/M1e6/id_2/fti_dchi6v/recovery_arrays_fti_dchi6v_M1e6_id_2.h5
M1e6,1000000.0,2,0.001,0.001,fti_dchi6lv,0.0,0.9999460850427296,5.391495727036233e-05,4,1.851608195114857,-0.04746907492709538,0.7003450261227786,1.200069907428805,/pbs/home/a/amahdi/pySEOBNR_deviation_2/Data/SEOBNRv5HMROM_times_pSEOB_ratio_phase_with_denom_condition_domega_dtau_scan_M1e6_q4_dense/run_data/bias_syst_recovery/M1e6/id_2/fti_dchi6lv/recovery_arrays_fti_dchi6lv_M1e6_id_2.h5
M1e6,1000000.0,2,0.001,0.001,fti_dchi7v,0.0,0.9999460850427296,5.391495727036233e-05,4,1.851608195114857,-0.04746907492709538,0.7003450261227786,1.200069907428805,/pbs/home/a/amahdi/pySEOBNR_deviation_2/Data/SEOBNRv5HMROM_times_pSEOB_ratio_phase_with_denom_condition_domega_dtau_scan_M1e6_q4_dense/run_data/bias_syst_recovery/M1e6/id_2/fti_dchi7v/recovery_arrays_fti_dchi7v_M1e6_id_2.h5
M1e6,1000000.0,2,0.001,0.001,fti_dkappa_S,0.0,0.9999460850427296,5.391495727036233e-05,4,1.851608195114857,-0.04746907492709538,0.7003450261227786,1.200069907428805,/pbs/home/a/amahdi/pySEOBNR_deviation_2/Data/SEOBNRv5HMROM_times_pSEOB_ratio_phase_with_denom_condition_domega_dtau_scan_M1e6_q4_dense/run_data/bias_syst_recovery/M1e6/id_2/fti_dkappa_S/recovery_arrays_fti_dkappa_S_M1e6_id_2.h5
M1e6,1000000.0,2,0.001,0.001,fti_dxi0v,0.0,0.9999460850427296,5.391495727036233e-05,4,1.851608195114857,-0.04746907492709538,0.7003450261227786,1.200069907428805,/pbs/home/a/amahdi/pySEOBNR_deviation_2/Data/SEOBNRv5HMROM_times_pSEOB_ratio_phase_with_denom_condition_domega_dtau_scan_M1e6_q4_dense/run_data/bias_syst_recovery/M1e6/id_2/fti_dxi0v/recovery_arrays_fti_dxi0v_M1e6_id_2.h5
M1e6,1000000.0,3,0.0001,0.0001,fti_dchiMinus2v,0.0,0.9999465614573236,5.343854267636505e-05,4,0.01853194042021756,-0.010631980159849988,0.7000295771368741,1.2000017405154546,/pbs/home/a/amahdi/pySEOBNR_deviation_2/Data/SEOBNRv5HMROM_times_pSEOB_ratio_phase_with_denom_condition_domega_dtau_scan_M1e6_q4_dense/run_data/bias_syst_recovery/M1e6/id_3/fti_dchiMinus2v/recovery_arrays_fti_dchiMinus2v_M1e6_id_3.h5
M1e6,1000000.0,3,0.0001,0.0001,fti_dchi0v,0.0,0.9999465614573236,5.343854267636505e-05,4,0.01853194042021756,-0.010631980159849988,0.7000295771368741,1.2000017405154546,/pbs/home/a/amahdi/pySEOBNR_deviation_2/Data/SEOBNRv5HMROM_times_pSEOB_ratio_phase_with_denom_condition_domega_dtau_scan_M1e6_q4_dense/run_data/bias_syst_recovery/M1e6/id_3/fti_dchi0v/recovery_arrays_fti_dchi0v_M1e6_id_3.h5
M1e6,1000000.0,3,0.0001,0.0001,fti_dchi1v,0.0,0.9999465614573236,5.343854267636505e-05,4,0.01853194042021756,-0.010631980159849988,0.7000295771368741,1.2000017405154546,/pbs/home/a/amahdi/pySEOBNR_deviation_2/Data/SEOBNRv5HMROM_times_pSEOB_ratio_phase_with_denom_condition_domega_dtau_scan_M1e6_q4_dense/run_data/bias_syst_recovery/M1e6/id_3/fti_dchi1v/recovery_arrays_fti_dchi1v_M1e6_id_3.h5
M1e6,1000000.0,3,0.0001,0.0001,fti_dchi2v,0.0,0.9999465614573236,5.343854267636505e-05,4,0.01853194042021756,-0.010631980159849988,0.7000295771368741,1.2000017405154546,/pbs/home/a/amahdi/pySEOBNR_deviation_2/Data/SEOBNRv5HMROM_times_pSEOB_ratio_phase_with_denom_condition_domega_dtau_scan_M1e6_q4_dense/run_data/bias_syst_recovery/M1e6/id_3/fti_dchi2v/recovery_arrays_fti_dchi2v_M1e6_id_3.h5
M1e6,1000000.0,3,0.0001,0.0001,fti_dchi3v,0.0,0.9999465614573236,5.343854267636505e-05,4,0.01853194042021756,-0.010631980159849988,0.7000295771368741,1.2000017405154546,/pbs/home/a/amahdi/pySEOBNR_deviation_2/Data/SEOBNRv5HMROM_times_pSEOB_ratio_phase_with_denom_condition_domega_dtau_scan_M1e6_q4_dense/run_data/bias_syst_recovery/M1e6/id_3/fti_dchi3v/recovery_arrays_fti_dchi3v_M1e6_id_3.h5
M1e6,1000000.0,3,0.0001,0.0001,fti_dchi4v,0.0,0.9999465614573236,5.343854267636505e-05,4,0.01853194042021756,-0.010631980159849988,0.7000295771368741,1.2000017405154546,/pbs/home/a/amahdi/pySEOBNR_deviation_2/Data/SEOBNRv5HMROM_times_pSEOB_ratio_phase_with_denom_condition_domega_dtau_scan_M1e6_q4_dense/run_data/bias_syst_recovery/M1e6/id_3/fti_dchi4v/recovery_arrays_fti_dchi4v_M1e6_id_3.h5
M1e6,1000000.0,3,0.0001,0.0001,fti_dchi5lv,0.0,0.9999465614573236,5.343854267636505e-05,4,0.01853194042021756,-0.010631980159849988,0.7000295771368741,1.2000017405154546,/pbs/home/a/amahdi/pySEOBNR_deviation_2/Data/SEOBNRv5HMROM_times_pSEOB_ratio_phase_with_denom_condition_domega_dtau_scan_M1e6_q4_dense/run_data/bias_syst_recovery/M1e6/id_3/fti_dchi5lv/recovery_arrays_fti_dchi5lv_M1e6_id_3.h5
M1e6,1000000.0,3,0.0001,0.0001,fti_dchi6v,0.0,0.9999465614573236,5.343854267636505e-05,4,0.01853194042021756,-0.010631980159849988,0.7000295771368741,1.2000017405154546,/pbs/home/a/amahdi/pySEOBNR_deviation_2/Data/SEOBNRv5HMROM_times_pSEOB_ratio_phase_with_denom_condition_domega_dtau_scan_M1e6_q4_dense/run_data/bias_syst_recovery/M1e6/id_3/fti_dchi6v/recovery_arrays_fti_dchi6v_M1e6_id_3.h5
M1e6,1000000.0,3,0.0001,0.0001,fti_dchi6lv,0.0,0.9999465614573236,5.343854267636505e-05,4,0.01853194042021756,-0.010631980159849988,0.7000295771368741,1.2000017405154546,/pbs/home/a/amahdi/pySEOBNR_deviation_2/Data/SEOBNRv5HMROM_times_pSEOB_ratio_phase_with_denom_condition_domega_dtau_scan_M1e6_q4_dense/run_data/bias_syst_recovery/M1e6/id_3/fti_dchi6lv/recovery_arrays_fti_dchi6lv_M1e6_id_3.h5
M1e6,1000000.0,3,0.0001,0.0001,fti_dchi7v,0.0,0.9999465614573236,5.343854267636505e-05,4,0.01853194042021756,-0.010631980159849988,0.7000295771368741,1.2000017405154546,/pbs/home/a/amahdi/pySEOBNR_deviation_2/Data/SEOBNRv5HMROM_times_pSEOB_ratio_phase_with_denom_condition_domega_dtau_scan_M1e6_q4_dense/run_data/bias_syst_recovery/M1e6/id_3/fti_dchi7v/recovery_arrays_fti_dchi7v_M1e6_id_3.h5
M1e6,1000000.0,3,0.0001,0.0001,fti_dkappa_S,0.0,0.9999465614573236,5.343854267636505e-05,4,0.01853194042021756,-0.010631980159849988,0.7000295771368741,1.2000017405154546,/pbs/home/a/amahdi/pySEOBNR_deviation_2/Data/SEOBNRv5HMROM_times_pSEOB_ratio_phase_with_denom_condition_domega_dtau_scan_M1e6_q4_dense/run_data/bias_syst_recovery/M1e6/id_3/fti_dkappa_S/recovery_arrays_fti_dkappa_S_M1e6_id_3.h5
M1e6,1000000.0,3,0.0001,0.0001,fti_dxi0v,0.0,0.9999465614573236,5.343854267636505e-05,4,0.01853194042021756,-0.010631980159849988,0.7000295771368741,1.2000017405154546,/pbs/home/a/amahdi/pySEOBNR_deviation_2/Data/SEOBNRv5HMROM_times_pSEOB_ratio_phase_with_denom_condition_domega_dtau_scan_M1e6_q4_dense/run_data/bias_syst_recovery/M1e6/id_3/fti_dxi0v/recovery_arrays_fti_dxi0v_M1e6_id_3.h5
M1e6,1000000.0,4,0.0,0.0,fti_dchiMinus2v,0.0,0.9999465660183112,5.343398168877744e-05,4,3.932773235294413e-05,-0.00011613570701272721,0.6999969993631145,1.1999938320879355,/pbs/home/a/amahdi/pySEOBNR_deviation_2/Data/SEOBNRv5HMROM_times_pSEOB_ratio_phase_with_denom_condition_domega_dtau_scan_M1e6_q4_dense/run_data/bias_syst_recovery/M1e6/id_4/fti_dchiMinus2v/recovery_arrays_fti_dchiMinus2v_M1e6_id_4.h5
M1e6,1000000.0,4,0.0,0.0,fti_dchi0v,0.0,0.9999465660183112,5.343398168877744e-05,4,3.932773235294413e-05,-0.00011613570701272721,0.6999969993631145,1.1999938320879355,/pbs/home/a/amahdi/pySEOBNR_deviation_2/Data/SEOBNRv5HMROM_times_pSEOB_ratio_phase_with_denom_condition_domega_dtau_scan_M1e6_q4_dense/run_data/bias_syst_recovery/M1e6/id_4/fti_dchi0v/recovery_arrays_fti_dchi0v_M1e6_id_4.h5
M1e6,1000000.0,4,0.0,0.0,fti_dchi1v,0.0,0.9999465660183112,5.343398168877744e-05,4,3.932773235294413e-05,-0.00011613570701272721,0.6999969993631145,1.1999938320879355,/pbs/home/a/amahdi/pySEOBNR_deviation_2/Data/SEOBNRv5HMROM_times_pSEOB_ratio_phase_with_denom_condition_domega_dtau_scan_M1e6_q4_dense/run_data/bias_syst_recovery/M1e6/id_4/fti_dchi1v/recovery_arrays_fti_dchi1v_M1e6_id_4.h5
M1e6,1000000.0,4,0.0,0.0,fti_dchi2v,0.0,0.9999465660183112,5.343398168877744e-05,4,3.932773235294413e-05,-0.00011613570701272721,0.6999969993631145,1.1999938320879355,/pbs/home/a/amahdi/pySEOBNR_deviation_2/Data/SEOBNRv5HMROM_times_pSEOB_ratio_phase_with_denom_condition_domega_dtau_scan_M1e6_q4_dense/run_data/bias_syst_recovery/M1e6/id_4/fti_dchi2v/recovery_arrays_fti_dchi2v_M1e6_id_4.h5
M1e6,1000000.0,4,0.0,0.0,fti_dchi3v,0.0,0.9999465660183112,5.343398168877744e-05,4,3.932773235294413e-05,-0.00011613570701272721,0.6999969993631145,1.1999938320879355,/pbs/home/a/amahdi/pySEOBNR_deviation_2/Data/SEOBNRv5HMROM_times_pSEOB_ratio_phase_with_denom_condition_domega_dtau_scan_M1e6_q4_dense/run_data/bias_syst_recovery/M1e6/id_4/fti_dchi3v/recovery_arrays_fti_dchi3v_M1e6_id_4.h5
M1e6,1000000.0,4,0.0,0.0,fti_dchi4v,0.0,0.9999465660183112,5.343398168877744e-05,4,3.932773235294413e-05,-0.00011613570701272721,0.6999969993631145,1.1999938320879355,/pbs/home/a/amahdi/pySEOBNR_deviation_2/Data/SEOBNRv5HMROM_times_pSEOB_ratio_phase_with_denom_condition_domega_dtau_scan_M1e6_q4_dense/run_data/bias_syst_recovery/M1e6/id_4/fti_dchi4v/recovery_arrays_fti_dchi4v_M1e6_id_4.h5
M1e6,1000000.0,4,0.0,0.0,fti_dchi5lv,0.0,0.9999465660183112,5.343398168877744e-05,4,3.932773235294413e-05,-0.00011613570701272721,0.6999969993631145,1.1999938320879355,/pbs/home/a/amahdi/pySEOBNR_deviation_2/Data/SEOBNRv5HMROM_times_pSEOB_ratio_phase_with_denom_condition_domega_dtau_scan_M1e6_q4_dense/run_data/bias_syst_recovery/M1e6/id_4/fti_dchi5lv/recovery_arrays_fti_dchi5lv_M1e6_id_4.h5
M1e6,1000000.0,4,0.0,0.0,fti_dchi6v,0.0,0.9999465660183112,5.343398168877744e-05,4,3.932773235294413e-05,-0.00011613570701272721,0.6999969993631145,1.1999938320879355,/pbs/home/a/amahdi/pySEOBNR_deviation_2/Data/SEOBNRv5HMROM_times_pSEOB_ratio_phase_with_denom_condition_domega_dtau_scan_M1e6_q4_dense/run_data/bias_syst_recovery/M1e6/id_4/fti_dchi6v/recovery_arrays_fti_dchi6v_M1e6_id_4.h5
M1e6,1000000.0,4,0.0,0.0,fti_dchi6lv,0.0,0.9999465660183112,5.343398168877744e-05,4,3.932773235294413e-05,-0.00011613570701272721,0.6999969993631145,1.1999938320879355,/pbs/home/a/amahdi/pySEOBNR_deviation_2/Data/SEOBNRv5HMROM_times_pSEOB_ratio_phase_with_denom_condition_domega_dtau_scan_M1e6_q4_dense/run_data/bias_syst_recovery/M1e6/id_4/fti_dchi6lv/recovery_arrays_fti_dchi6lv_M1e6_id_4.h5
M1e6,1000000.0,4,0.0,0.0,fti_dchi7v,0.0,0.9999465660183112,5.343398168877744e-05,4,3.932773235294413e-05,-0.00011613570701272721,0.6999969993631145,1.1999938320879355,/pbs/home/a/amahdi/pySEOBNR_deviation_2/Data/SEOBNRv5HMROM_times_pSEOB_ratio_phase_with_denom_condition_domega_dtau_scan_M1e6_q4_dense/run_data/bias_syst_recovery/M1e6/id_4/fti_dchi7v/recovery_arrays_fti_dchi7v_M1e6_id_4.h5
M1e6,1000000.0,4,0.0,0.0,fti_dkappa_S,0.0,0.9999465660183112,5.343398168877744e-05,4,3.932773235294413e-05,-0.00011613570701272721,0.6999969993631145,1.1999938320879355,/pbs/home/a/amahdi/pySEOBNR_deviation_2/Data/SEOBNRv5HMROM_times_pSEOB_ratio_phase_with_denom_condition_domega_dtau_scan_M1e6_q4_dense/run_data/bias_syst_recovery/M1e6/id_4/fti_dkappa_S/recovery_arrays_fti_dkappa_S_M1e6_id_4.h5
M1e6,1000000.0,4,0.0,0.0,fti_dxi0v,0.0,0.9999465660183112,5.343398168877744e-05,4,3.932773235294413e-05,-0.00011613570701272721,0.6999969993631145,1.1999938320879355,/pbs/home/a/amahdi/pySEOBNR_deviation_2/Data/SEOBNRv5HMROM_times_pSEOB_ratio_phase_with_denom_condition_domega_dtau_scan_M1e6_q4_dense/run_data/bias_syst_recovery/M1e6/id_4/fti_dxi0v/recovery_arrays_fti_dxi0v_M1e6_id_4.h5
M1e6,1000000.0,5,0.05,0.05,fti_dchiMinus2v,0.0,0.9987150224969769,0.0012849775030231436,3,4726.982095070576,-2.3413471219324613,0.717856651886077,1.2034356441915843,/pbs/home/a/amahdi/pySEOBNR_deviation_2/Data/SEOBNRv5HMROM_times_pSEOB_ratio_phase_with_denom_condition_domega_dtau_scan_M1e6_q4_dense/run_data/bias_syst_recovery/M1e6/id_5/fti_dchiMinus2v/recovery_arrays_fti_dchiMinus2v_M1e6_id_5.h5
M1e6,1000000.0,5,0.05,0.05,fti_dchi0v,0.0,0.9987150224969769,0.0012849775030231436,3,4726.982095070576,-2.3413471219324613,0.717856651886077,1.2034356441915843,/pbs/home/a/amahdi/pySEOBNR_deviation_2/Data/SEOBNRv5HMROM_times_pSEOB_ratio_phase_with_denom_condition_domega_dtau_scan_M1e6_q4_dense/run_data/bias_syst_recovery/M1e6/id_5/fti_dchi0v/recovery_arrays_fti_dchi0v_M1e6_id_5.h5
M1e6,1000000.0,5,0.05,0.05,fti_dchi1v,0.0,0.9987150224969769,0.0012849775030231436,3,4726.982095070576,-2.3413471219324613,0.717856651886077,1.2034356441915843,/pbs/home/a/amahdi/pySEOBNR_deviation_2/Data/SEOBNRv5HMROM_times_pSEOB_ratio_phase_with_denom_condition_domega_dtau_scan_M1e6_q4_dense/run_data/bias_syst_recovery/M1e6/id_5/fti_dchi1v/recovery_arrays_fti_dchi1v_M1e6_id_5.h5
M1e6,1000000.0,5,0.05,0.05,fti_dchi2v,0.0,0.9987150224969769,0.0012849775030231436,3,4726.982095070576,-2.3413471219324613,0.717856651886077,1.2034356441915843,/pbs/home/a/amahdi/pySEOBNR_deviation_2/Data/SEOBNRv5HMROM_times_pSEOB_ratio_phase_with_denom_condition_domega_dtau_scan_M1e6_q4_dense/run_data/bias_syst_recovery/M1e6/id_5/fti_dchi2v/recovery_arrays_fti_dchi2v_M1e6_id_5.h5
M1e6,1000000.0,5,0.05,0.05,fti_dchi3v,0.0,0.9987150224969769,0.0012849775030231436,3,4726.982095070576,-2.3413471219324613,0.717856651886077,1.2034356441915843,/pbs/home/a/amahdi/pySEOBNR_deviation_2/Data/SEOBNRv5HMROM_times_pSEOB_ratio_phase_with_denom_condition_domega_dtau_scan_M1e6_q4_dense/run_data/bias_syst_recovery/M1e6/id_5/fti_dchi3v/recovery_arrays_fti_dchi3v_M1e6_id_5.h5
M1e6,1000000.0,5,0.05,0.05,fti_dchi4v,0.0,0.9987150224969769,0.0012849775030231436,3,4726.982095070576,-2.3413471219324613,0.717856651886077,1.2034356441915843,/pbs/home/a/amahdi/pySEOBNR_deviation_2/Data/SEOBNRv5HMROM_times_pSEOB_ratio_phase_with_denom_condition_domega_dtau_scan_M1e6_q4_dense/run_data/bias_syst_recovery/M1e6/id_5/fti_dchi4v/recovery_arrays_fti_dchi4v_M1e6_id_5.h5
M1e6,1000000.0,5,0.05,0.05,fti_dchi5lv,0.0,0.9987150224969769,0.0012849775030231436,3,4726.982095070576,-2.3413471219324613,0.717856651886077,1.2034356441915843,/pbs/home/a/amahdi/pySEOBNR_deviation_2/Data/SEOBNRv5HMROM_times_pSEOB_ratio_phase_with_denom_condition_domega_dtau_scan_M1e6_q4_dense/run_data/bias_syst_recovery/M1e6/id_5/fti_dchi5lv/recovery_arrays_fti_dchi5lv_M1e6_id_5.h5
M1e6,1000000.0,5,0.05,0.05,fti_dchi6v,0.0,0.9987150224969769,0.0012849775030231436,3,4726.982095070576,-2.3413471219324613,0.717856651886077,1.2034356441915843,/pbs/home/a/amahdi/pySEOBNR_deviation_2/Data/SEOBNRv5HMROM_times_pSEOB_ratio_phase_with_denom_condition_domega_dtau_scan_M1e6_q4_dense/run_data/bias_syst_recovery/M1e6/id_5/fti_dchi6v/recovery_arrays_fti_dchi6v_M1e6_id_5.h5
M1e6,1000000.0,5,0.05,0.05,fti_dchi6lv,0.0,0.9987150224969769,0.0012849775030231436,3,4726.982095070576,-2.3413471219324613,0.717856651886077,1.2034356441915843,/pbs/home/a/amahdi/pySEOBNR_deviation_2/Data/SEOBNRv5HMROM_times_pSEOB_ratio_phase_with_denom_condition_domega_dtau_scan_M1e6_q4_dense/run_data/bias_syst_recovery/M1e6/id_5/fti_dchi6lv/recovery_arrays_fti_dchi6lv_M1e6_id_5.h5
M1e6,1000000.0,5,0.05,0.05,fti_dchi7v,0.0,0.9987150224969769,0.0012849775030231436,3,4726.982095070576,-2.3413471219324613,0.717856651886077,1.2034356441915843,/pbs/home/a/amahdi/pySEOBNR_deviation_2/Data/SEOBNRv5HMROM_times_pSEOB_ratio_phase_with_denom_condition_domega_dtau_scan_M1e6_q4_dense/run_data/bias_syst_recovery/M1e6/id_5/fti_dchi7v/recovery_arrays_fti_dchi7v_M1e6_id_5.h5
M1e6,1000000.0,5,0.05,0.05,fti_dkappa_S,0.0,0.9987150224969769,0.0012849775030231436,3,4726.982095070576,-2.3413471219324613,0.717856651886077,1.2034356441915843,/pbs/home/a/amahdi/pySEOBNR_deviation_2/Data/SEOBNRv5HMROM_times_pSEOB_ratio_phase_with_denom_condition_domega_dtau_scan_M1e6_q4_dense/run_data/bias_syst_recovery/M1e6/id_5/fti_dkappa_S/recovery_arrays_fti_dkappa_S_M1e6_id_5.h5
M1e6,1000000.0,5,0.05,0.05,fti_dxi0v,0.0,0.9987150224969769,0.0012849775030231436,3,4726.982095070576,-2.3413471219324613,0.717856651886077,1.2034356441915843,/pbs/home/a/amahdi/pySEOBNR_deviation_2/Data/SEOBNRv5HMROM_times_pSEOB_ratio_phase_with_denom_condition_domega_dtau_scan_M1e6_q4_dense/run_data/bias_syst_recovery/M1e6/id_5/fti_dxi0v/recovery_arrays_fti_dxi0v_M1e6_id_5.h5
M1e6,1000000.0,6,0.02,0.02,fti_dchiMinus2v,0.0,0.9997506528188056,0.0002493471811944037,3,751.1522184904386,-0.902265290044494,0.7070552763905189,1.20144705144715,/pbs/home/a/amahdi/pySEOBNR_deviation_2/Data/SEOBNRv5HMROM_times_pSEOB_ratio_phase_with_denom_condition_domega_dtau_scan_M1e6_q4_dense/run_data/bias_syst_recovery/M1e6/id_6/fti_dchiMinus2v/recovery_arrays_fti_dchiMinus2v_M1e6_id_6.h5
M1e6,1000000.0,6,0.02,0.02,fti_dchi0v,0.0,0.9997506528188056,0.0002493471811944037,3,751.1522184904386,-0.902265290044494,0.7070552763905189,1.20144705144715,/pbs/home/a/amahdi/pySEOBNR_deviation_2/Data/SEOBNRv5HMROM_times_pSEOB_ratio_phase_with_denom_condition_domega_dtau_scan_M1e6_q4_dense/run_data/bias_syst_recovery/M1e6/id_6/fti_dchi0v/recovery_arrays_fti_dchi0v_M1e6_id_6.h5
M1e6,1000000.0,6,0.02,0.02,fti_dchi1v,0.0,0.9997506528188056,0.0002493471811944037,3,751.1522184904386,-0.902265290044494,0.7070552763905189,1.20144705144715,/pbs/home/a/amahdi/pySEOBNR_deviation_2/Data/SEOBNRv5HMROM_times_pSEOB_ratio_phase_with_denom_condition_domega_dtau_scan_M1e6_q4_dense/run_data/bias_syst_recovery/M1e6/id_6/fti_dchi1v/recovery_arrays_fti_dchi1v_M1e6_id_6.h5
M1e6,1000000.0,6,0.02,0.02,fti_dchi2v,0.0,0.9997506528188056,0.0002493471811944037,3,751.1522184904386,-0.902265290044494,0.7070552763905189,1.20144705144715,/pbs/home/a/amahdi/pySEOBNR_deviation_2/Data/SEOBNRv5HMROM_times_pSEOB_ratio_phase_with_denom_condition_domega_dtau_scan_M1e6_q4_dense/run_data/bias_syst_recovery/M1e6/id_6/fti_dchi2v/recovery_arrays_fti_dchi2v_M1e6_id_6.h5
M1e6,1000000.0,6,0.02,0.02,fti_dchi3v,0.0,0.9997506528188056,0.0002493471811944037,3,751.1522184904386,-0.902265290044494,0.7070552763905189,1.20144705144715,/pbs/home/a/amahdi/pySEOBNR_deviation_2/Data/SEOBNRv5HMROM_times_pSEOB_ratio_phase_with_denom_condition_domega_dtau_scan_M1e6_q4_dense/run_data/bias_syst_recovery/M1e6/id_6/fti_dchi3v/recovery_arrays_fti_dchi3v_M1e6_id_6.h5
M1e6,1000000.0,6,0.02,0.02,fti_dchi4v,0.0,0.9997506528188056,0.0002493471811944037,3,751.1522184904386,-0.902265290044494,0.7070552763905189,1.20144705144715,/pbs/home/a/amahdi/pySEOBNR_deviation_2/Data/SEOBNRv5HMROM_times_pSEOB_ratio_phase_with_denom_condition_domega_dtau_scan_M1e6_q4_dense/run_data/bias_syst_recovery/M1e6/id_6/fti_dchi4v/recovery_arrays_fti_dchi4v_M1e6_id_6.h5
M1e6,1000000.0,6,0.02,0.02,fti_dchi5lv,0.0,0.9997506528188056,0.0002493471811944037,3,751.1522184904386,-0.902265290044494,0.7070552763905189,1.20144705144715,/pbs/home/a/amahdi/pySEOBNR_deviation_2/Data/SEOBNRv5HMROM_times_pSEOB_ratio_phase_with_denom_condition_domega_dtau_scan_M1e6_q4_dense/run_data/bias_syst_recovery/M1e6/id_6/fti_dchi5lv/recovery_arrays_fti_dchi5lv_M1e6_id_6.h5
M1e6,1000000.0,6,0.02,0.02,fti_dchi6v,0.0,0.9997506528188056,0.0002493471811944037,3,751.1522184904386,-0.902265290044494,0.7070552763905189,1.20144705144715,/pbs/home/a/amahdi/pySEOBNR_deviation_2/Data/SEOBNRv5HMROM_times_pSEOB_ratio_phase_with_denom_condition_domega_dtau_scan_M1e6_q4_dense/run_data/bias_syst_recovery/M1e6/id_6/fti_dchi6v/recovery_arrays_fti_dchi6v_M1e6_id_6.h5
M1e6,1000000.0,6,0.02,0.02,fti_dchi6lv,0.0,0.9997506528188056,0.0002493471811944037,3,751.1522184904386,-0.902265290044494,0.7070552763905189,1.20144705144715,/pbs/home/a/amahdi/pySEOBNR_deviation_2/Data/SEOBNRv5HMROM_times_pSEOB_ratio_phase_with_denom_condition_domega_dtau_scan_M1e6_q4_dense/run_data/bias_syst_recovery/M1e6/id_6/fti_dchi6lv/recovery_arrays_fti_dchi6lv_M1e6_id_6.h5
M1e6,1000000.0,6,0.02,0.02,fti_dchi7v,0.0,0.9997506528188056,0.0002493471811944037,3,751.1522184904386,-0.902265290044494,0.7070552763905189,1.20144705144715,/pbs/home/a/amahdi/pySEOBNR_deviation_2/Data/SEOBNRv5HMROM_times_pSEOB_ratio_phase_with_denom_condition_domega_dtau_scan_M1e6_q4_dense/run_data/bias_syst_recovery/M1e6/id_6/fti_dchi7v/recovery_arrays_fti_dchi7v_M1e6_id_6.h5
M1e6,1000000.0,6,0.02,0.02,fti_dkappa_S,0.0,0.9997506528188056,0.0002493471811944037,3,751.1522184904386,-0.902265290044494,0.7070552763905189,1.20144705144715,/pbs/home/a/amahdi/pySEOBNR_deviation_2/Data/SEOBNRv5HMROM_times_pSEOB_ratio_phase_with_denom_condition_domega_dtau_scan_M1e6_q4_dense/run_data/bias_syst_recovery/M1e6/id_6/fti_dkappa_S/recovery_arrays_fti_dkappa_S_M1e6_id_6.h5
M1e6,1000000.0,6,0.02,0.02,fti_dxi0v,0.0,0.9997506528188056,0.0002493471811944037,3,751.1522184904386,-0.902265290044494,0.7070552763905189,1.20144705144715,/pbs/home/a/amahdi/pySEOBNR_deviation_2/Data/SEOBNRv5HMROM_times_pSEOB_ratio_phase_with_denom_condition_domega_dtau_scan_M1e6_q4_dense/run_data/bias_syst_recovery/M1e6/id_6/fti_dxi0v/recovery_arrays_fti_dxi0v_M1e6_id_6.h5
M1e6,1000000.0,7,0.025,0.025,fti_dchiMinus2v,0.0,0.9996397488419008,0.000360251158099234,1,1176.558418344309,-1.132768190937788,0.7088538903737236,1.201804283525929,/pbs/home/a/amahdi/pySEOBNR_deviation_2/Data/SEOBNRv5HMROM_times_pSEOB_ratio_phase_with_denom_condition_domega_dtau_scan_M1e6_q4_dense/run_data/bias_syst_recovery/M1e6/id_7/fti_dchiMinus2v/recovery_arrays_fti_dchiMinus2v_M1e6_id_7.h5
M1e6,1000000.0,7,0.025,0.025,fti_dchi0v,0.0,0.9996397488419008,0.000360251158099234,1,1176.558418344309,-1.132768190937788,0.7088538903737236,1.201804283525929,/pbs/home/a/amahdi/pySEOBNR_deviation_2/Data/SEOBNRv5HMROM_times_pSEOB_ratio_phase_with_denom_condition_domega_dtau_scan_M1e6_q4_dense/run_data/bias_syst_recovery/M1e6/id_7/fti_dchi0v/recovery_arrays_fti_dchi0v_M1e6_id_7.h5
M1e6,1000000.0,7,0.025,0.025,fti_dchi1v,0.0,0.9996397488419008,0.000360251158099234,1,1176.558418344309,-1.132768190937788,0.7088538903737236,1.201804283525929,/pbs/home/a/amahdi/pySEOBNR_deviation_2/Data/SEOBNRv5HMROM_times_pSEOB_ratio_phase_with_denom_condition_domega_dtau_scan_M1e6_q4_dense/run_data/bias_syst_recovery/M1e6/id_7/fti_dchi1v/recovery_arrays_fti_dchi1v_M1e6_id_7.h5
M1e6,1000000.0,7,0.025,0.025,fti_dchi2v,0.0,0.9996397488419008,0.000360251158099234,1,1176.558418344309,-1.132768190937788,0.7088538903737236,1.201804283525929,/pbs/home/a/amahdi/pySEOBNR_deviation_2/Data/SEOBNRv5HMROM_times_pSEOB_ratio_phase_with_denom_condition_domega_dtau_scan_M1e6_q4_dense/run_data/bias_syst_recovery/M1e6/id_7/fti_dchi2v/recovery_arrays_fti_dchi2v_M1e6_id_7.h5
M1e6,1000000.0,7,0.025,0.025,fti_dchi3v,0.0,0.9996397488419008,0.000360251158099234,1,1176.558418344309,-1.132768190937788,0.7088538903737236,1.201804283525929,/pbs/home/a/amahdi/pySEOBNR_deviation_2/Data/SEOBNRv5HMROM_times_pSEOB_ratio_phase_with_denom_condition_domega_dtau_scan_M1e6_q4_dense/run_data/bias_syst_recovery/M1e6/id_7/fti_dchi3v/recovery_arrays_fti_dchi3v_M1e6_id_7.h5
M1e6,1000000.0,7,0.025,0.025,fti_dchi4v,0.0,0.9996397488419008,0.000360251158099234,1,1176.558418344309,-1.132768190937788,0.7088538903737236,1.201804283525929,/pbs/home/a/amahdi/pySEOBNR_deviation_2/Data/SEOBNRv5HMROM_times_pSEOB_ratio_phase_with_denom_condition_domega_dtau_scan_M1e6_q4_dense/run_data/bias_syst_recovery/M1e6/id_7/fti_dchi4v/recovery_arrays_fti_dchi4v_M1e6_id_7.h5
M1e6,1000000.0,7,0.025,0.025,fti_dchi5lv,0.0,0.9996397488419008,0.000360251158099234,1,1176.558418344309,-1.132768190937788,0.7088538903737236,1.201804283525929,/pbs/home/a/amahdi/pySEOBNR_deviation_2/Data/SEOBNRv5HMROM_times_pSEOB_ratio_phase_with_denom_condition_domega_dtau_scan_M1e6_q4_dense/run_data/bias_syst_recovery/M1e6/id_7/fti_dchi5lv/recovery_arrays_fti_dchi5lv_M1e6_id_7.h5
M1e6,1000000.0,7,0.025,0.025,fti_dchi6v,0.0,0.9996397488419008,0.000360251158099234,1,1176.558418344309,-1.132768190937788,0.7088538903737236,1.201804283525929,/pbs/home/a/amahdi/pySEOBNR_deviation_2/Data/SEOBNRv5HMROM_times_pSEOB_ratio_phase_with_denom_condition_domega_dtau_scan_M1e6_q4_dense/run_data/bias_syst_recovery/M1e6/id_7/fti_dchi6v/recovery_arrays_fti_dchi6v_M1e6_id_7.h5
M1e6,1000000.0,7,0.025,0.025,fti_dchi6lv,0.0,0.9996397488419008,0.000360251158099234,1,1176.558418344309,-1.132768190937788,0.7088538903737236,1.201804283525929,/pbs/home/a/amahdi/pySEOBNR_deviation_2/Data/SEOBNRv5HMROM_times_pSEOB_ratio_phase_with_denom_condition_domega_dtau_scan_M1e6_q4_dense/run_data/bias_syst_recovery/M1e6/id_7/fti_dchi6lv/recovery_arrays_fti_dchi6lv_M1e6_id_7.h5
M1e6,1000000.0,7,0.025,0.025,fti_dchi7v,0.0,0.9996397488419008,0.000360251158099234,1,1176.558418344309,-1.132768190937788,0.7088538903737236,1.201804283525929,/pbs/home/a/amahdi/pySEOBNR_deviation_2/Data/SEOBNRv5HMROM_times_pSEOB_ratio_phase_with_denom_condition_domega_dtau_scan_M1e6_q4_dense/run_data/bias_syst_recovery/M1e6/id_7/fti_dchi7v/recovery_arrays_fti_dchi7v_M1e6_id_7.h5
M1e6,1000000.0,7,0.025,0.025,fti_dkappa_S,0.0,0.9996397488419008,0.000360251158099234,1,1176.558418344309,-1.132768190937788,0.7088538903737236,1.201804283525929,/pbs/home/a/amahdi/pySEOBNR_deviation_2/Data/SEOBNRv5HMROM_times_pSEOB_ratio_phase_with_denom_condition_domega_dtau_scan_M1e6_q4_dense/run_data/bias_syst_recovery/M1e6/id_7/fti_dkappa_S/recovery_arrays_fti_dkappa_S_M1e6_id_7.h5
M1e6,1000000.0,7,0.025,0.025,fti_dxi0v,0.0,0.9996397488419008,0.000360251158099234,1,1176.558418344309,-1.132768190937788,0.7088538903737236,1.201804283525929,/pbs/home/a/amahdi/pySEOBNR_deviation_2/Data/SEOBNRv5HMROM_times_pSEOB_ratio_phase_with_denom_condition_domega_dtau_scan_M1e6_q4_dense/run_data/bias_syst_recovery/M1e6/id_7/fti_dxi0v/recovery_arrays_fti_dxi0v_M1e6_id_7.h5
M1e6,1000000.0,8,0.075,0.075,fti_dchiMinus2v,0.0,0.9972014823973111,0.002798517602688899,0,10546.147365913654,-3.5946932296686764,0.7266884347232581,1.2048073748196995,/pbs/home/a/amahdi/pySEOBNR_deviation_2/Data/SEOBNRv5HMROM_times_pSEOB_ratio_phase_with_denom_condition_domega_dtau_scan_M1e6_q4_dense/run_data/bias_syst_recovery/M1e6/id_8/fti_dchiMinus2v/recovery_arrays_fti_dchiMinus2v_M1e6_id_8.h5
M1e6,1000000.0,8,0.075,0.075,fti_dchi0v,0.0,0.9972014823973111,0.002798517602688899,0,10546.147365913654,-3.5946932296686764,0.7266884347232581,1.2048073748196995,/pbs/home/a/amahdi/pySEOBNR_deviation_2/Data/SEOBNRv5HMROM_times_pSEOB_ratio_phase_with_denom_condition_domega_dtau_scan_M1e6_q4_dense/run_data/bias_syst_recovery/M1e6/id_8/fti_dchi0v/recovery_arrays_fti_dchi0v_M1e6_id_8.h5
M1e6,1000000.0,8,0.075,0.075,fti_dchi1v,0.0,0.9972014823973111,0.002798517602688899,0,10546.147365913654,-3.5946932296686764,0.7266884347232581,1.2048073748196995,/pbs/home/a/amahdi/pySEOBNR_deviation_2/Data/SEOBNRv5HMROM_times_pSEOB_ratio_phase_with_denom_condition_domega_dtau_scan_M1e6_q4_dense/run_data/bias_syst_recovery/M1e6/id_8/fti_dchi1v/recovery_arrays_fti_dchi1v_M1e6_id_8.h5
M1e6,1000000.0,8,0.075,0.075,fti_dchi2v,0.0,0.9972014823973111,0.002798517602688899,0,10546.147365913654,-3.5946932296686764,0.7266884347232581,1.2048073748196995,/pbs/home/a/amahdi/pySEOBNR_deviation_2/Data/SEOBNRv5HMROM_times_pSEOB_ratio_phase_with_denom_condition_domega_dtau_scan_M1e6_q4_dense/run_data/bias_syst_recovery/M1e6/id_8/fti_dchi2v/recovery_arrays_fti_dchi2v_M1e6_id_8.h5
M1e6,1000000.0,8,0.075,0.075,fti_dchi3v,0.0,0.9972014823973111,0.002798517602688899,0,10546.147365913654,-3.5946932296686764,0.7266884347232581,1.2048073748196995,/pbs/home/a/amahdi/pySEOBNR_deviation_2/Data/SEOBNRv5HMROM_times_pSEOB_ratio_phase_with_denom_condition_domega_dtau_scan_M1e6_q4_dense/run_data/bias_syst_recovery/M1e6/id_8/fti_dchi3v/recovery_arrays_fti_dchi3v_M1e6_id_8.h5
M1e6,1000000.0,8,0.075,0.075,fti_dchi4v,0.0,0.9972014823973111,0.002798517602688899,0,10546.147365913654,-3.5946932296686764,0.7266884347232581,1.2048073748196995,/pbs/home/a/amahdi/pySEOBNR_deviation_2/Data/SEOBNRv5HMROM_times_pSEOB_ratio_phase_with_denom_condition_domega_dtau_scan_M1e6_q4_dense/run_data/bias_syst_recovery/M1e6/id_8/fti_dchi4v/recovery_arrays_fti_dchi4v_M1e6_id_8.h5
M1e6,1000000.0,8,0.075,0.075,fti_dchi5lv,0.0,0.9972014823973111,0.002798517602688899,0,10546.147365913654,-3.5946932296686764,0.7266884347232581,1.2048073748196995,/pbs/home/a/amahdi/pySEOBNR_deviation_2/Data/SEOBNRv5HMROM_times_pSEOB_ratio_phase_with_denom_condition_domega_dtau_scan_M1e6_q4_dense/run_data/bias_syst_recovery/M1e6/id_8/fti_dchi5lv/recovery_arrays_fti_dchi5lv_M1e6_id_8.h5
M1e6,1000000.0,8,0.075,0.075,fti_dchi6v,0.0,0.9972014823973111,0.002798517602688899,0,10546.147365913654,-3.5946932296686764,0.7266884347232581,1.2048073748196995,/pbs/home/a/amahdi/pySEOBNR_deviation_2/Data/SEOBNRv5HMROM_times_pSEOB_ratio_phase_with_denom_condition_domega_dtau_scan_M1e6_q4_dense/run_data/bias_syst_recovery/M1e6/id_8/fti_dchi6v/recovery_arrays_fti_dchi6v_M1e6_id_8.h5
M1e6,1000000.0,8,0.075,0.075,fti_dchi6lv,0.0,0.9972014823973111,0.002798517602688899,0,10546.147365913654,-3.5946932296686764,0.7266884347232581,1.2048073748196995,/pbs/home/a/amahdi/pySEOBNR_deviation_2/Data/SEOBNRv5HMROM_times_pSEOB_ratio_phase_with_denom_condition_domega_dtau_scan_M1e6_q4_dense/run_data/bias_syst_recovery/M1e6/id_8/fti_dchi6lv/recovery_arrays_fti_dchi6lv_M1e6_id_8.h5
M1e6,1000000.0,8,0.075,0.075,fti_dchi7v,0.0,0.9972014823973111,0.002798517602688899,0,10546.147365913654,-3.5946932296686764,0.7266884347232581,1.2048073748196995,/pbs/home/a/amahdi/pySEOBNR_deviation_2/Data/SEOBNRv5HMROM_times_pSEOB_ratio_phase_with_denom_condition_domega_dtau_scan_M1e6_q4_dense/run_data/bias_syst_recovery/M1e6/id_8/fti_dchi7v/recovery_arrays_fti_dchi7v_M1e6_id_8.h5
M1e6,1000000.0,8,0.075,0.075,fti_dkappa_S,0.0,0.9972014823973111,0.002798517602688899,0,10546.147365913654,-3.5946932296686764,0.7266884347232581,1.2048073748196995,/pbs/home/a/amahdi/pySEOBNR_deviation_2/Data/SEOBNRv5HMROM_times_pSEOB_ratio_phase_with_denom_condition_domega_dtau_scan_M1e6_q4_dense/run_data/bias_syst_recovery/M1e6/id_8/fti_dkappa_S/recovery_arrays_fti_dkappa_S_M1e6_id_8.h5
M1e6,1000000.0,8,0.075,0.075,fti_dxi0v,0.0,0.9972014823973111,0.002798517602688899,0,10546.147365913654,-3.5946932296686764,0.7266884347232581,1.2048073748196995,/pbs/home/a/amahdi/pySEOBNR_deviation_2/Data/SEOBNRv5HMROM_times_pSEOB_ratio_phase_with_denom_condition_domega_dtau_scan_M1e6_q4_dense/run_data/bias_syst_recovery/M1e6/id_8/fti_dxi0v/recovery_arrays_fti_dxi0v_M1e6_id_8.h5
M1e6,1000000.0,9,0.0025,0.0025,fti_dchiMinus2v,0.0,0.9999435466440874,5.6453355912644554e-05,0,11.588549795614927,-0.11293737267129497,0.7008713763712571,1.2001832052908652,/pbs/home/a/amahdi/pySEOBNR_deviation_2/Data/SEOBNRv5HMROM_times_pSEOB_ratio_phase_with_denom_condition_domega_dtau_scan_M1e6_q4_dense/run_data/bias_syst_recovery/M1e6/id_9/fti_dchiMinus2v/recovery_arrays_fti_dchiMinus2v_M1e6_id_9.h5
M1e6,1000000.0,9,0.0025,0.0025,fti_dchi0v,0.0,0.9999435466440874,5.6453355912644554e-05,0,11.588549795614927,-0.11293737267129497,0.7008713763712571,1.2001832052908652,/pbs/home/a/amahdi/pySEOBNR_deviation_2/Data/SEOBNRv5HMROM_times_pSEOB_ratio_phase_with_denom_condition_domega_dtau_scan_M1e6_q4_dense/run_data/bias_syst_recovery/M1e6/id_9/fti_dchi0v/recovery_arrays_fti_dchi0v_M1e6_id_9.h5
M1e6,1000000.0,9,0.0025,0.0025,fti_dchi1v,0.0,0.9999435466440874,5.6453355912644554e-05,0,11.588549795614927,-0.11293737267129497,0.7008713763712571,1.2001832052908652,/pbs/home/a/amahdi/pySEOBNR_deviation_2/Data/SEOBNRv5HMROM_times_pSEOB_ratio_phase_with_denom_condition_domega_dtau_scan_M1e6_q4_dense/run_data/bias_syst_recovery/M1e6/id_9/fti_dchi1v/recovery_arrays_fti_dchi1v_M1e6_id_9.h5
M1e6,1000000.0,9,0.0025,0.0025,fti_dchi2v,0.0,0.9999435466440874,5.6453355912644554e-05,0,11.588549795614927,-0.11293737267129497,0.7008713763712571,1.2001832052908652,/pbs/home/a/amahdi/pySEOBNR_deviation_2/Data/SEOBNRv5HMROM_times_pSEOB_ratio_phase_with_denom_condition_domega_dtau_scan_M1e6_q4_dense/run_data/bias_syst_recovery/M1e6/id_9/fti_dchi2v/recovery_arrays_fti_dchi2v_M1e6_id_9.h5
M1e6,1000000.0,9,0.0025,0.0025,fti_dchi3v,0.0,0.9999435466440874,5.6453355912644554e-05,0,11.588549795614927,-0.11293737267129497,0.7008713763712571,1.2001832052908652,/pbs/home/a/amahdi/pySEOBNR_deviation_2/Data/SEOBNRv5HMROM_times_pSEOB_ratio_phase_with_denom_condition_domega_dtau_scan_M1e6_q4_dense/run_data/bias_syst_recovery/M1e6/id_9/fti_dchi3v/recovery_arrays_fti_dchi3v_M1e6_id_9.h5
M1e6,1000000.0,9,0.0025,0.0025,fti_dchi4v,0.0,0.9999435466440874,5.6453355912644554e-05,0,11.588549795614927,-0.11293737267129497,0.7008713763712571,1.2001832052908652,/pbs/home/a/amahdi/pySEOBNR_deviation_2/Data/SEOBNRv5HMROM_times_pSEOB_ratio_phase_with_denom_condition_domega_dtau_scan_M1e6_q4_dense/run_data/bias_syst_recovery/M1e6/id_9/fti_dchi4v/recovery_arrays_fti_dchi4v_M1e6_id_9.h5
M1e6,1000000.0,9,0.0025,0.0025,fti_dchi5lv,0.0,0.9999435466440874,5.6453355912644554e-05,0,11.588549795614927,-0.11293737267129497,0.7008713763712571,1.2001832052908652,/pbs/home/a/amahdi/pySEOBNR_deviation_2/Data/SEOBNRv5HMROM_times_pSEOB_ratio_phase_with_denom_condition_domega_dtau_scan_M1e6_q4_dense/run_data/bias_syst_recovery/M1e6/id_9/fti_dchi5lv/recovery_arrays_fti_dchi5lv_M1e6_id_9.h5
M1e6,1000000.0,9,0.0025,0.0025,fti_dchi6v,0.0,0.9999435466440874,5.6453355912644554e-05,0,11.588549795614927,-0.11293737267129497,0.7008713763712571,1.2001832052908652,/pbs/home/a/amahdi/pySEOBNR_deviation_2/Data/SEOBNRv5HMROM_times_pSEOB_ratio_phase_with_denom_condition_domega_dtau_scan_M1e6_q4_dense/run_data/bias_syst_recovery/M1e6/id_9/fti_dchi6v/recovery_arrays_fti_dchi6v_M1e6_id_9.h5
M1e6,1000000.0,9,0.0025,0.0025,fti_dchi6lv,0.0,0.9999435466440874,5.6453355912644554e-05,0,11.588549795614927,-0.11293737267129497,0.7008713763712571,1.2001832052908652,/pbs/home/a/amahdi/pySEOBNR_deviation_2/Data/SEOBNRv5HMROM_times_pSEOB_ratio_phase_with_denom_condition_domega_dtau_scan_M1e6_q4_dense/run_data/bias_syst_recovery/M1e6/id_9/fti_dchi6lv/recovery_arrays_fti_dchi6lv_M1e6_id_9.h5
M1e6,1000000.0,9,0.0025,0.0025,fti_dchi7v,0.0,0.9999435466440874,5.6453355912644554e-05,0,11.588549795614927,-0.11293737267129497,0.7008713763712571,1.2001832052908652,/pbs/home/a/amahdi/pySEOBNR_deviation_2/Data/SEOBNRv5HMROM_times_pSEOB_ratio_phase_with_denom_condition_domega_dtau_scan_M1e6_q4_dense/run_data/bias_syst_recovery/M1e6/id_9/fti_dchi7v/recovery_arrays_fti_dchi7v_M1e6_id_9.h5
M1e6,1000000.0,9,0.0025,0.0025,fti_dkappa_S,0.0,0.9999435466440874,5.6453355912644554e-05,0,11.588549795614927,-0.11293737267129497,0.7008713763712571,1.2001832052908652,/pbs/home/a/amahdi/pySEOBNR_deviation_2/Data/SEOBNRv5HMROM_times_pSEOB_ratio_phase_with_denom_condition_domega_dtau_scan_M1e6_q4_dense/run_data/bias_syst_recovery/M1e6/id_9/fti_dkappa_S/recovery_arrays_fti_dkappa_S_M1e6_id_9.h5
M1e6,1000000.0,9,0.0025,0.0025,fti_dxi0v,0.0,0.9999435466440874,5.6453355912644554e-05,0,11.588549795614927,-0.11293737267129497,0.7008713763712571,1.2001832052908652,/pbs/home/a/amahdi/pySEOBNR_deviation_2/Data/SEOBNRv5HMROM_times_pSEOB_ratio_phase_with_denom_condition_domega_dtau_scan_M1e6_q4_dense/run_data/bias_syst_recovery/M1e6/id_9/fti_dxi0v/recovery_arrays_fti_dxi0v_M1e6_id_9.h5
M1e6,1000000.0,10,0.005,0.005,fti_dchiMinus2v,0.0,0.9999344508080967,6.554919190326913e-05,3,46.45642813239611,-0.2265876070519591,0.701738706908634,1.2003679974756079,/pbs/home/a/amahdi/pySEOBNR_deviation_2/Data/SEOBNRv5HMROM_times_pSEOB_ratio_phase_with_denom_condition_domega_dtau_scan_M1e6_q4_dense/run_data/bias_syst_recovery/M1e6/id_10/fti_dchiMinus2v/recovery_arrays_fti_dchiMinus2v_M1e6_id_10.h5
M1e6,1000000.0,10,0.005,0.005,fti_dchi0v,0.0,0.9999344508080967,6.554919190326913e-05,3,46.45642813239611,-0.2265876070519591,0.701738706908634,1.2003679974756079,/pbs/home/a/amahdi/pySEOBNR_deviation_2/Data/SEOBNRv5HMROM_times_pSEOB_ratio_phase_with_denom_condition_domega_dtau_scan_M1e6_q4_dense/run_data/bias_syst_recovery/M1e6/id_10/fti_dchi0v/recovery_arrays_fti_dchi0v_M1e6_id_10.h5
M1e6,1000000.0,10,0.005,0.005,fti_dchi1v,0.0,0.9999344508080967,6.554919190326913e-05,3,46.45642813239611,-0.2265876070519591,0.701738706908634,1.2003679974756079,/pbs/home/a/amahdi/pySEOBNR_deviation_2/Data/SEOBNRv5HMROM_times_pSEOB_ratio_phase_with_denom_condition_domega_dtau_scan_M1e6_q4_dense/run_data/bias_syst_recovery/M1e6/id_10/fti_dchi1v/recovery_arrays_fti_dchi1v_M1e6_id_10.h5
M1e6,1000000.0,10,0.005,0.005,fti_dchi2v,0.0,0.9999344508080967,6.554919190326913e-05,3,46.45642813239611,-0.2265876070519591,0.701738706908634,1.2003679974756079,/pbs/home/a/amahdi/pySEOBNR_deviation_2/Data/SEOBNRv5HMROM_times_pSEOB_ratio_phase_with_denom_condition_domega_dtau_scan_M1e6_q4_dense/run_data/bias_syst_recovery/M1e6/id_10/fti_dchi2v/recovery_arrays_fti_dchi2v_M1e6_id_10.h5
M1e6,1000000.0,10,0.005,0.005,fti_dchi3v,0.0,0.9999344508080967,6.554919190326913e-05,3,46.45642813239611,-0.2265876070519591,0.701738706908634,1.2003679974756079,/pbs/home/a/amahdi/pySEOBNR_deviation_2/Data/SEOBNRv5HMROM_times_pSEOB_ratio_phase_with_denom_condition_domega_dtau_scan_M1e6_q4_dense/run_data/bias_syst_recovery/M1e6/id_10/fti_dchi3v/recovery_arrays_fti_dchi3v_M1e6_id_10.h5
M1e6,1000000.0,10,0.005,0.005,fti_dchi4v,0.0,0.9999344508080967,6.554919190326913e-05,3,46.45642813239611,-0.2265876070519591,0.701738706908634,1.2003679974756079,/pbs/home/a/amahdi/pySEOBNR_deviation_2/Data/SEOBNRv5HMROM_times_pSEOB_ratio_phase_with_denom_condition_domega_dtau_scan_M1e6_q4_dense/run_data/bias_syst_recovery/M1e6/id_10/fti_dchi4v/recovery_arrays_fti_dchi4v_M1e6_id_10.h5
M1e6,1000000.0,10,0.005,0.005,fti_dchi5lv,0.0,0.9999344508080967,6.554919190326913e-05,3,46.45642813239611,-0.2265876070519591,0.701738706908634,1.2003679974756079,/pbs/home/a/amahdi/pySEOBNR_deviation_2/Data/SEOBNRv5HMROM_times_pSEOB_ratio_phase_with_denom_condition_domega_dtau_scan_M1e6_q4_dense/run_data/bias_syst_recovery/M1e6/id_10/fti_dchi5lv/recovery_arrays_fti_dchi5lv_M1e6_id_10.h5
M1e6,1000000.0,10,0.005,0.005,fti_dchi6v,0.0,0.9999344508080967,6.554919190326913e-05,3,46.45642813239611,-0.2265876070519591,0.701738706908634,1.2003679974756079,/pbs/home/a/amahdi/pySEOBNR_deviation_2/Data/SEOBNRv5HMROM_times_pSEOB_ratio_phase_with_denom_condition_domega_dtau_scan_M1e6_q4_dense/run_data/bias_syst_recovery/M1e6/id_10/fti_dchi6v/recovery_arrays_fti_dchi6v_M1e6_id_10.h5
M1e6,1000000.0,10,0.005,0.005,fti_dchi6lv,0.0,0.9999344508080967,6.554919190326913e-05,3,46.45642813239611,-0.2265876070519591,0.701738706908634,1.2003679974756079,/pbs/home/a/amahdi/pySEOBNR_deviation_2/Data/SEOBNRv5HMROM_times_pSEOB_ratio_phase_with_denom_condition_domega_dtau_scan_M1e6_q4_dense/run_data/bias_syst_recovery/M1e6/id_10/fti_dchi6lv/recovery_arrays_fti_dchi6lv_M1e6_id_10.h5
M1e6,1000000.0,10,0.005,0.005,fti_dchi7v,0.0,0.9999344508080967,6.554919190326913e-05,3,46.45642813239611,-0.2265876070519591,0.701738706908634,1.2003679974756079,/pbs/home/a/amahdi/pySEOBNR_deviation_2/Data/SEOBNRv5HMROM_times_pSEOB_ratio_phase_with_denom_condition_domega_dtau_scan_M1e6_q4_dense/run_data/bias_syst_recovery/M1e6/id_10/fti_dchi7v/recovery_arrays_fti_dchi7v_M1e6_id_10.h5
M1e6,1000000.0,10,0.005,0.005,fti_dkappa_S,0.0,0.9999344508080967,6.554919190326913e-05,3,46.45642813239611,-0.2265876070519591,0.701738706908634,1.2003679974756079,/pbs/home/a/amahdi/pySEOBNR_deviation_2/Data/SEOBNRv5HMROM_times_pSEOB_ratio_phase_with_denom_condition_domega_dtau_scan_M1e6_q4_dense/run_data/bias_syst_recovery/M1e6/id_10/fti_dkappa_S/recovery_arrays_fti_dkappa_S_M1e6_id_10.h5
M1e6,1000000.0,10,0.005,0.005,fti_dxi0v,0.0,0.9999344508080967,6.554919190326913e-05,3,46.45642813239611,-0.2265876070519591,0.701738706908634,1.2003679974756079,/pbs/home/a/amahdi/pySEOBNR_deviation_2/Data/SEOBNRv5HMROM_times_pSEOB_ratio_phase_with_denom_condition_domega_dtau_scan_M1e6_q4_dense/run_data/bias_syst_recovery/M1e6/id_10/fti_dxi0v/recovery_arrays_fti_dxi0v_M1e6_id_10.h5
M1e6,1000000.0,11,0.0075,0.0075,fti_dchiMinus2v,0.0,0.9999192435926193,8.075640738069989e-05,4,104.74430284699301,-0.33595805681484786,0.7026097293530587,1.2005428226185666,/pbs/home/a/amahdi/pySEOBNR_deviation_2/Data/SEOBNRv5HMROM_times_pSEOB_ratio_phase_with_denom_condition_domega_dtau_scan_M1e6_q4_dense/run_data/bias_syst_recovery/M1e6/id_11/fti_dchiMinus2v/recovery_arrays_fti_dchiMinus2v_M1e6_id_11.h5
M1e6,1000000.0,11,0.0075,0.0075,fti_dchi0v,0.0,0.9999192435926193,8.075640738069989e-05,4,104.74430284699301,-0.33595805681484786,0.7026097293530587,1.2005428226185666,/pbs/home/a/amahdi/pySEOBNR_deviation_2/Data/SEOBNRv5HMROM_times_pSEOB_ratio_phase_with_denom_condition_domega_dtau_scan_M1e6_q4_dense/run_data/bias_syst_recovery/M1e6/id_11/fti_dchi0v/recovery_arrays_fti_dchi0v_M1e6_id_11.h5
M1e6,1000000.0,11,0.0075,0.0075,fti_dchi1v,0.0,0.9999192435926193,8.075640738069989e-05,4,104.74430284699301,-0.33595805681484786,0.7026097293530587,1.2005428226185666,/pbs/home/a/amahdi/pySEOBNR_deviation_2/Data/SEOBNRv5HMROM_times_pSEOB_ratio_phase_with_denom_condition_domega_dtau_scan_M1e6_q4_dense/run_data/bias_syst_recovery/M1e6/id_11/fti_dchi1v/recovery_arrays_fti_dchi1v_M1e6_id_11.h5
M1e6,1000000.0,11,0.0075,0.0075,fti_dchi2v,0.0,0.9999192435926193,8.075640738069989e-05,4,104.74430284699301,-0.33595805681484786,0.7026097293530587,1.2005428226185666,/pbs/home/a/amahdi/pySEOBNR_deviation_2/Data/SEOBNRv5HMROM_times_pSEOB_ratio_phase_with_denom_condition_domega_dtau_scan_M1e6_q4_dense/run_data/bias_syst_recovery/M1e6/id_11/fti_dchi2v/recovery_arrays_fti_dchi2v_M1e6_id_11.h5
M1e6,1000000.0,11,0.0075,0.0075,fti_dchi3v,0.0,0.9999192435926193,8.075640738069989e-05,4,104.74430284699301,-0.33595805681484786,0.7026097293530587,1.2005428226185666,/pbs/home/a/amahdi/pySEOBNR_deviation_2/Data/SEOBNRv5HMROM_times_pSEOB_ratio_phase_with_denom_condition_domega_dtau_scan_M1e6_q4_dense/run_data/bias_syst_recovery/M1e6/id_11/fti_dchi3v/recovery_arrays_fti_dchi3v_M1e6_id_11.h5
M1e6,1000000.0,11,0.0075,0.0075,fti_dchi4v,0.0,0.9999192435926193,8.075640738069989e-05,4,104.74430284699301,-0.33595805681484786,0.7026097293530587,1.2005428226185666,/pbs/home/a/amahdi/pySEOBNR_deviation_2/Data/SEOBNRv5HMROM_times_pSEOB_ratio_phase_with_denom_condition_domega_dtau_scan_M1e6_q4_dense/run_data/bias_syst_recovery/M1e6/id_11/fti_dchi4v/recovery_arrays_fti_dchi4v_M1e6_id_11.h5
M1e6,1000000.0,11,0.0075,0.0075,fti_dchi5lv,0.0,0.9999192435926193,8.075640738069989e-05,4,104.74430284699301,-0.33595805681484786,0.7026097293530587,1.2005428226185666,/pbs/home/a/amahdi/pySEOBNR_deviation_2/Data/SEOBNRv5HMROM_times_pSEOB_ratio_phase_with_denom_condition_domega_dtau_scan_M1e6_q4_dense/run_data/bias_syst_recovery/M1e6/id_11/fti_dchi5lv/recovery_arrays_fti_dchi5lv_M1e6_id_11.h5
M1e6,1000000.0,11,0.0075,0.0075,fti_dchi6v,0.0,0.9999192435926193,8.075640738069989e-05,4,104.74430284699301,-0.33595805681484786,0.7026097293530587,1.2005428226185666,/pbs/home/a/amahdi/pySEOBNR_deviation_2/Data/SEOBNRv5HMROM_times_pSEOB_ratio_phase_with_denom_condition_domega_dtau_scan_M1e6_q4_dense/run_data/bias_syst_recovery/M1e6/id_11/fti_dchi6v/recovery_arrays_fti_dchi6v_M1e6_id_11.h5
M1e6,1000000.0,11,0.0075,0.0075,fti_dchi6lv,0.0,0.9999192435926193,8.075640738069989e-05,4,104.74430284699301,-0.33595805681484786,0.7026097293530587,1.2005428226185666,/pbs/home/a/amahdi/pySEOBNR_deviation_2/Data/SEOBNRv5HMROM_times_pSEOB_ratio_phase_with_denom_condition_domega_dtau_scan_M1e6_q4_dense/run_data/bias_syst_recovery/M1e6/id_11/fti_dchi6lv/recovery_arrays_fti_dchi6lv_M1e6_id_11.h5
M1e6,1000000.0,11,0.0075,0.0075,fti_dchi7v,0.0,0.9999192435926193,8.075640738069989e-05,4,104.74430284699301,-0.33595805681484786,0.7026097293530587,1.2005428226185666,/pbs/home/a/amahdi/pySEOBNR_deviation_2/Data/SEOBNRv5HMROM_times_pSEOB_ratio_phase_with_denom_condition_domega_dtau_scan_M1e6_q4_dense/run_data/bias_syst_recovery/M1e6/id_11/fti_dchi7v/recovery_arrays_fti_dchi7v_M1e6_id_11.h5
M1e6,1000000.0,11,0.0075,0.0075,fti_dkappa_S,0.0,0.9999192435926193,8.075640738069989e-05,4,104.74430284699301,-0.33595805681484786,0.7026097293530587,1.2005428226185666,/pbs/home/a/amahdi/pySEOBNR_deviation_2/Data/SEOBNRv5HMROM_times_pSEOB_ratio_phase_with_denom_condition_domega_dtau_scan_M1e6_q4_dense/run_data/bias_syst_recovery/M1e6/id_11/fti_dkappa_S/recovery_arrays_fti_dkappa_S_M1e6_id_11.h5
M1e6,1000000.0,11,0.0075,0.0075,fti_dxi0v,0.0,0.9999192435926193,8.075640738069989e-05,4,104.74430284699301,-0.33595805681484786,0.7026097293530587,1.2005428226185666,/pbs/home/a/amahdi/pySEOBNR_deviation_2/Data/SEOBNRv5HMROM_times_pSEOB_ratio_phase_with_denom_condition_domega_dtau_scan_M1e6_q4_dense/run_data/bias_syst_recovery/M1e6/id_11/fti_dxi0v/recovery_arrays_fti_dxi0v_M1e6_id_11.h5
M1e6,1000000.0,12,0.00025,0.00025,fti_dchiMinus2v,0.0,0.9999465369615594,5.3463038440559885e-05,4,0.11566619877482867,-0.014260095198668384,0.7000905896361092,1.2000242681460334,/pbs/home/a/amahdi/pySEOBNR_deviation_2/Data/SEOBNRv5HMROM_times_pSEOB_ratio_phase_with_denom_condition_domega_dtau_scan_M1e6_q4_dense/run_data/bias_syst_recovery/M1e6/id_12/fti_dchiMinus2v/recovery_arrays_fti_dchiMinus2v_M1e6_id_12.h5
M1e6,1000000.0,12,0.00025,0.00025,fti_dchi0v,0.0,0.9999465369615594,5.3463038440559885e-05,4,0.11566619877482867,-0.014260095198668384,0.7000905896361092,1.2000242681460334,/pbs/home/a/amahdi/pySEOBNR_deviation_2/Data/SEOBNRv5HMROM_times_pSEOB_ratio_phase_with_denom_condition_domega_dtau_scan_M1e6_q4_dense/run_data/bias_syst_recovery/M1e6/id_12/fti_dchi0v/recovery_arrays_fti_dchi0v_M1e6_id_12.h5
M1e6,1000000.0,12,0.00025,0.00025,fti_dchi1v,0.0,0.9999465369615594,5.3463038440559885e-05,4,0.11566619877482867,-0.014260095198668384,0.7000905896361092,1.2000242681460334,/pbs/home/a/amahdi/pySEOBNR_deviation_2/Data/SEOBNRv5HMROM_times_pSEOB_ratio_phase_with_denom_condition_domega_dtau_scan_M1e6_q4_dense/run_data/bias_syst_recovery/M1e6/id_12/fti_dchi1v/recovery_arrays_fti_dchi1v_M1e6_id_12.h5
M1e6,1000000.0,12,0.00025,0.00025,fti_dchi2v,0.0,0.9999465369615594,5.3463038440559885e-05,4,0.11566619877482867,-0.014260095198668384,0.7000905896361092,1.2000242681460334,/pbs/home/a/amahdi/pySEOBNR_deviation_2/Data/SEOBNRv5HMROM_times_pSEOB_ratio_phase_with_denom_condition_domega_dtau_scan_M1e6_q4_dense/run_data/bias_syst_recovery/M1e6/id_12/fti_dchi2v/recovery_arrays_fti_dchi2v_M1e6_id_12.h5
M1e6,1000000.0,12,0.00025,0.00025,fti_dchi3v,0.0,0.9999465369615594,5.3463038440559885e-05,4,0.11566619877482867,-0.014260095198668384,0.7000905896361092,1.2000242681460334,/pbs/home/a/amahdi/pySEOBNR_deviation_2/Data/SEOBNRv5HMROM_times_pSEOB_ratio_phase_with_denom_condition_domega_dtau_scan_M1e6_q4_dense/run_data/bias_syst_recovery/M1e6/id_12/fti_dchi3v/recovery_arrays_fti_dchi3v_M1e6_id_12.h5
M1e6,1000000.0,12,0.00025,0.00025,fti_dchi4v,0.0,0.9999465369615594,5.3463038440559885e-05,4,0.11566619877482867,-0.014260095198668384,0.7000905896361092,1.2000242681460334,/pbs/home/a/amahdi/pySEOBNR_deviation_2/Data/SEOBNRv5HMROM_times_pSEOB_ratio_phase_with_denom_condition_domega_dtau_scan_M1e6_q4_dense/run_data/bias_syst_recovery/M1e6/id_12/fti_dchi4v/recovery_arrays_fti_dchi4v_M1e6_id_12.h5
M1e6,1000000.0,12,0.00025,0.00025,fti_dchi5lv,0.0,0.9999465369615594,5.3463038440559885e-05,4,0.11566619877482867,-0.014260095198668384,0.7000905896361092,1.2000242681460334,/pbs/home/a/amahdi/pySEOBNR_deviation_2/Data/SEOBNRv5HMROM_times_pSEOB_ratio_phase_with_denom_condition_domega_dtau_scan_M1e6_q4_dense/run_data/bias_syst_recovery/M1e6/id_12/fti_dchi5lv/recovery_arrays_fti_dchi5lv_M1e6_id_12.h5
M1e6,1000000.0,12,0.00025,0.00025,fti_dchi6v,0.0,0.9999465369615594,5.3463038440559885e-05,4,0.11566619877482867,-0.014260095198668384,0.7000905896361092,1.2000242681460334,/pbs/home/a/amahdi/pySEOBNR_deviation_2/Data/SEOBNRv5HMROM_times_pSEOB_ratio_phase_with_denom_condition_domega_dtau_scan_M1e6_q4_dense/run_data/bias_syst_recovery/M1e6/id_12/fti_dchi6v/recovery_arrays_fti_dchi6v_M1e6_id_12.h5
M1e6,1000000.0,12,0.00025,0.00025,fti_dchi6lv,0.0,0.9999465369615594,5.3463038440559885e-05,4,0.11566619877482867,-0.014260095198668384,0.7000905896361092,1.2000242681460334,/pbs/home/a/amahdi/pySEOBNR_deviation_2/Data/SEOBNRv5HMROM_times_pSEOB_ratio_phase_with_denom_condition_domega_dtau_scan_M1e6_q4_dense/run_data/bias_syst_recovery/M1e6/id_12/fti_dchi6lv/recovery_arrays_fti_dchi6lv_M1e6_id_12.h5
M1e6,1000000.0,12,0.00025,0.00025,fti_dchi7v,0.0,0.9999465369615594,5.3463038440559885e-05,4,0.11566619877482867,-0.014260095198668384,0.7000905896361092,1.2000242681460334,/pbs/home/a/amahdi/pySEOBNR_deviation_2/Data/SEOBNRv5HMROM_times_pSEOB_ratio_phase_with_denom_condition_domega_dtau_scan_M1e6_q4_dense/run_data/bias_syst_recovery/M1e6/id_12/fti_dchi7v/recovery_arrays_fti_dchi7v_M1e6_id_12.h5
M1e6,1000000.0,12,0.00025,0.00025,fti_dkappa_S,0.0,0.9999465369615594,5.3463038440559885e-05,4,0.11566619877482867,-0.014260095198668384,0.7000905896361092,1.2000242681460334,/pbs/home/a/amahdi/pySEOBNR_deviation_2/Data/SEOBNRv5HMROM_times_pSEOB_ratio_phase_with_denom_condition_domega_dtau_scan_M1e6_q4_dense/run_data/bias_syst_recovery/M1e6/id_12/fti_dkappa_S/recovery_arrays_fti_dkappa_S_M1e6_id_12.h5
M1e6,1000000.0,12,0.00025,0.00025,fti_dxi0v,0.0,0.9999465369615594,5.3463038440559885e-05,4,0.11566619877482867,-0.014260095198668384,0.7000905896361092,1.2000242681460334,/pbs/home/a/amahdi/pySEOBNR_deviation_2/Data/SEOBNRv5HMROM_times_pSEOB_ratio_phase_with_denom_condition_domega_dtau_scan_M1e6_q4_dense/run_data/bias_syst_recovery/M1e6/id_12/fti_dxi0v/recovery_arrays_fti_dxi0v_M1e6_id_12.h5
M1e6,1000000.0,13,0.0005,0.0005,fti_dchiMinus2v,0.0,0.9999464466270439,5.3553372956094414e-05,3,0.46270342224962346,-0.023606473814004915,0.700169307851116,1.2000356339090474,/pbs/home/a/amahdi/pySEOBNR_deviation_2/Data/SEOBNRv5HMROM_times_pSEOB_ratio_phase_with_denom_condition_domega_dtau_scan_M1e6_q4_dense/run_data/bias_syst_recovery/M1e6/id_13/fti_dchiMinus2v/recovery_arrays_fti_dchiMinus2v_M1e6_id_13.h5
M1e6,1000000.0,13,0.0005,0.0005,fti_dchi0v,0.0,0.9999464466270439,5.3553372956094414e-05,3,0.46270342224962346,-0.023606473814004915,0.700169307851116,1.2000356339090474,/pbs/home/a/amahdi/pySEOBNR_deviation_2/Data/SEOBNRv5HMROM_times_pSEOB_ratio_phase_with_denom_condition_domega_dtau_scan_M1e6_q4_dense/run_data/bias_syst_recovery/M1e6/id_13/fti_dchi0v/recovery_arrays_fti_dchi0v_M1e6_id_13.h5
M1e6,1000000.0,13,0.0005,0.0005,fti_dchi1v,0.0,0.9999464466270439,5.3553372956094414e-05,3,0.46270342224962346,-0.023606473814004915,0.700169307851116,1.2000356339090474,/pbs/home/a/amahdi/pySEOBNR_deviation_2/Data/SEOBNRv5HMROM_times_pSEOB_ratio_phase_with_denom_condition_domega_dtau_scan_M1e6_q4_dense/run_data/bias_syst_recovery/M1e6/id_13/fti_dchi1v/recovery_arrays_fti_dchi1v_M1e6_id_13.h5
M1e6,1000000.0,13,0.0005,0.0005,fti_dchi2v,0.0,0.9999464466270439,5.3553372956094414e-05,3,0.46270342224962346,-0.023606473814004915,0.700169307851116,1.2000356339090474,/pbs/home/a/amahdi/pySEOBNR_deviation_2/Data/SEOBNRv5HMROM_times_pSEOB_ratio_phase_with_denom_condition_domega_dtau_scan_M1e6_q4_dense/run_data/bias_syst_recovery/M1e6/id_13/fti_dchi2v/recovery_arrays_fti_dchi2v_M1e6_id_13.h5
M1e6,1000000.0,13,0.0005,0.0005,fti_dchi3v,0.0,0.9999464466270439,5.3553372956094414e-05,3,0.46270342224962346,-0.023606473814004915,0.700169307851116,1.2000356339090474,/pbs/home/a/amahdi/pySEOBNR_deviation_2/Data/SEOBNRv5HMROM_times_pSEOB_ratio_phase_with_denom_condition_domega_dtau_scan_M1e6_q4_dense/run_data/bias_syst_recovery/M1e6/id_13/fti_dchi3v/recovery_arrays_fti_dchi3v_M1e6_id_13.h5
M1e6,1000000.0,13,0.0005,0.0005,fti_dchi4v,0.0,0.9999464466270439,5.3553372956094414e-05,3,0.46270342224962346,-0.023606473814004915,0.700169307851116,1.2000356339090474,/pbs/home/a/amahdi/pySEOBNR_deviation_2/Data/SEOBNRv5HMROM_times_pSEOB_ratio_phase_with_denom_condition_domega_dtau_scan_M1e6_q4_dense/run_data/bias_syst_recovery/M1e6/id_13/fti_dchi4v/recovery_arrays_fti_dchi4v_M1e6_id_13.h5
M1e6,1000000.0,13,0.0005,0.0005,fti_dchi5lv,0.0,0.9999464466270439,5.3553372956094414e-05,3,0.46270342224962346,-0.023606473814004915,0.700169307851116,1.2000356339090474,/pbs/home/a/amahdi/pySEOBNR_deviation_2/Data/SEOBNRv5HMROM_times_pSEOB_ratio_phase_with_denom_condition_domega_dtau_scan_M1e6_q4_dense/run_data/bias_syst_recovery/M1e6/id_13/fti_dchi5lv/recovery_arrays_fti_dchi5lv_M1e6_id_13.h5
M1e6,1000000.0,13,0.0005,0.0005,fti_dchi6v,0.0,0.9999464466270439,5.3553372956094414e-05,3,0.46270342224962346,-0.023606473814004915,0.700169307851116,1.2000356339090474,/pbs/home/a/amahdi/pySEOBNR_deviation_2/Data/SEOBNRv5HMROM_times_pSEOB_ratio_phase_with_denom_condition_domega_dtau_scan_M1e6_q4_dense/run_data/bias_syst_recovery/M1e6/id_13/fti_dchi6v/recovery_arrays_fti_dchi6v_M1e6_id_13.h5
M1e6,1000000.0,13,0.0005,0.0005,fti_dchi6lv,0.0,0.9999464466270439,5.3553372956094414e-05,3,0.46270342224962346,-0.023606473814004915,0.700169307851116,1.2000356339090474,/pbs/home/a/amahdi/pySEOBNR_deviation_2/Data/SEOBNRv5HMROM_times_pSEOB_ratio_phase_with_denom_condition_domega_dtau_scan_M1e6_q4_dense/run_data/bias_syst_recovery/M1e6/id_13/fti_dchi6lv/recovery_arrays_fti_dchi6lv_M1e6_id_13.h5
M1e6,1000000.0,13,0.0005,0.0005,fti_dchi7v,0.0,0.9999464466270439,5.3553372956094414e-05,3,0.46270342224962346,-0.023606473814004915,0.700169307851116,1.2000356339090474,/pbs/home/a/amahdi/pySEOBNR_deviation_2/Data/SEOBNRv5HMROM_times_pSEOB_ratio_phase_with_denom_condition_domega_dtau_scan_M1e6_q4_dense/run_data/bias_syst_recovery/M1e6/id_13/fti_dchi7v/recovery_arrays_fti_dchi7v_M1e6_id_13.h5
M1e6,1000000.0,13,0.0005,0.0005,fti_dkappa_S,0.0,0.9999464466270439,5.3553372956094414e-05,3,0.46270342224962346,-0.023606473814004915,0.700169307851116,1.2000356339090474,/pbs/home/a/amahdi/pySEOBNR_deviation_2/Data/SEOBNRv5HMROM_times_pSEOB_ratio_phase_with_denom_condition_domega_dtau_scan_M1e6_q4_dense/run_data/bias_syst_recovery/M1e6/id_13/fti_dkappa_S/recovery_arrays_fti_dkappa_S_M1e6_id_13.h5
M1e6,1000000.0,13,0.0005,0.0005,fti_dxi0v,0.0,0.9999464466270439,5.3553372956094414e-05,3,0.46270342224962346,-0.023606473814004915,0.700169307851116,1.2000356339090474,/pbs/home/a/amahdi/pySEOBNR_deviation_2/Data/SEOBNRv5HMROM_times_pSEOB_ratio_phase_with_denom_condition_domega_dtau_scan_M1e6_q4_dense/run_data/bias_syst_recovery/M1e6/id_13/fti_dxi0v/recovery_arrays_fti_dxi0v_M1e6_id_13.h5
M1e6,1000000.0,14,0.00075,0.00075,fti_dchiMinus2v,0.0,0.9999462961072821,5.3703892717860136e-05,2,1.0413009813588348,-0.037044517134648056,0.7002598480206448,1.200053555963274,/pbs/home/a/amahdi/pySEOBNR_deviation_2/Data/SEOBNRv5HMROM_times_pSEOB_ratio_phase_with_denom_condition_domega_dtau_scan_M1e6_q4_dense/run_data/bias_syst_recovery/M1e6/id_14/fti_dchiMinus2v/recovery_arrays_fti_dchiMinus2v_M1e6_id_14.h5
M1e6,1000000.0,14,0.00075,0.00075,fti_dchi0v,0.0,0.9999462961072821,5.3703892717860136e-05,2,1.0413009813588348,-0.037044517134648056,0.7002598480206448,1.200053555963274,/pbs/home/a/amahdi/pySEOBNR_deviation_2/Data/SEOBNRv5HMROM_times_pSEOB_ratio_phase_with_denom_condition_domega_dtau_scan_M1e6_q4_dense/run_data/bias_syst_recovery/M1e6/id_14/fti_dchi0v/recovery_arrays_fti_dchi0v_M1e6_id_14.h5
M1e6,1000000.0,14,0.00075,0.00075,fti_dchi1v,0.0,0.9999462961072821,5.3703892717860136e-05,2,1.0413009813588348,-0.037044517134648056,0.7002598480206448,1.200053555963274,/pbs/home/a/amahdi/pySEOBNR_deviation_2/Data/SEOBNRv5HMROM_times_pSEOB_ratio_phase_with_denom_condition_domega_dtau_scan_M1e6_q4_dense/run_data/bias_syst_recovery/M1e6/id_14/fti_dchi1v/recovery_arrays_fti_dchi1v_M1e6_id_14.h5
M1e6,1000000.0,14,0.00075,0.00075,fti_dchi2v,0.0,0.9999462961072821,5.3703892717860136e-05,2,1.0413009813588348,-0.037044517134648056,0.7002598480206448,1.200053555963274,/pbs/home/a/amahdi/pySEOBNR_deviation_2/Data/SEOBNRv5HMROM_times_pSEOB_ratio_phase_with_denom_condition_domega_dtau_scan_M1e6_q4_dense/run_data/bias_syst_recovery/M1e6/id_14/fti_dchi2v/recovery_arrays_fti_dchi2v_M1e6_id_14.h5
M1e6,1000000.0,14,0.00075,0.00075,fti_dchi3v,0.0,0.9999462961072821,5.3703892717860136e-05,2,1.0413009813588348,-0.037044517134648056,0.7002598480206448,1.200053555963274,/pbs/home/a/amahdi/pySEOBNR_deviation_2/Data/SEOBNRv5HMROM_times_pSEOB_ratio_phase_with_denom_condition_domega_dtau_scan_M1e6_q4_dense/run_data/bias_syst_recovery/M1e6/id_14/fti_dchi3v/recovery_arrays_fti_dchi3v_M1e6_id_14.h5
M1e6,1000000.0,14,0.00075,0.00075,fti_dchi4v,0.0,0.9999462961072821,5.3703892717860136e-05,2,1.0413009813588348,-0.037044517134648056,0.7002598480206448,1.200053555963274,/pbs/home/a/amahdi/pySEOBNR_deviation_2/Data/SEOBNRv5HMROM_times_pSEOB_ratio_phase_with_denom_condition_domega_dtau_scan_M1e6_q4_dense/run_data/bias_syst_recovery/M1e6/id_14/fti_dchi4v/recovery_arrays_fti_dchi4v_M1e6_id_14.h5
M1e6,1000000.0,14,0.00075,0.00075,fti_dchi5lv,0.0,0.9999462961072821,5.3703892717860136e-05,2,1.0413009813588348,-0.037044517134648056,0.7002598480206448,1.200053555963274,/pbs/home/a/amahdi/pySEOBNR_deviation_2/Data/SEOBNRv5HMROM_times_pSEOB_ratio_phase_with_denom_condition_domega_dtau_scan_M1e6_q4_dense/run_data/bias_syst_recovery/M1e6/id_14/fti_dchi5lv/recovery_arrays_fti_dchi5lv_M1e6_id_14.h5
M1e6,1000000.0,14,0.00075,0.00075,fti_dchi6v,0.0,0.9999462961072821,5.3703892717860136e-05,2,1.0413009813588348,-0.037044517134648056,0.7002598480206448,1.200053555963274,/pbs/home/a/amahdi/pySEOBNR_deviation_2/Data/SEOBNRv5HMROM_times_pSEOB_ratio_phase_with_denom_condition_domega_dtau_scan_M1e6_q4_dense/run_data/bias_syst_recovery/M1e6/id_14/fti_dchi6v/recovery_arrays_fti_dchi6v_M1e6_id_14.h5
M1e6,1000000.0,14,0.00075,0.00075,fti_dchi6lv,0.0,0.9999462961072821,5.3703892717860136e-05,2,1.0413009813588348,-0.037044517134648056,0.7002598480206448,1.200053555963274,/pbs/home/a/amahdi/pySEOBNR_deviation_2/Data/SEOBNRv5HMROM_times_pSEOB_ratio_phase_with_denom_condition_domega_dtau_scan_M1e6_q4_dense/run_data/bias_syst_recovery/M1e6/id_14/fti_dchi6lv/recovery_arrays_fti_dchi6lv_M1e6_id_14.h5
M1e6,1000000.0,14,0.00075,0.00075,fti_dchi7v,0.0,0.9999462961072821,5.3703892717860136e-05,2,1.0413009813588348,-0.037044517134648056,0.7002598480206448,1.200053555963274,/pbs/home/a/amahdi/pySEOBNR_deviation_2/Data/SEOBNRv5HMROM_times_pSEOB_ratio_phase_with_denom_condition_domega_dtau_scan_M1e6_q4_dense/run_data/bias_syst_recovery/M1e6/id_14/fti_dchi7v/recovery_arrays_fti_dchi7v_M1e6_id_14.h5
M1e6,1000000.0,14,0.00075,0.00075,fti_dkappa_S,0.0,0.9999462961072821,5.3703892717860136e-05,2,1.0413009813588348,-0.037044517134648056,0.7002598480206448,1.200053555963274,/pbs/home/a/amahdi/pySEOBNR_deviation_2/Data/SEOBNRv5HMROM_times_pSEOB_ratio_phase_with_denom_condition_domega_dtau_scan_M1e6_q4_dense/run_data/bias_syst_recovery/M1e6/id_14/fti_dkappa_S/recovery_arrays_fti_dkappa_S_M1e6_id_14.h5
M1e6,1000000.0,14,0.00075,0.00075,fti_dxi0v,0.0,0.9999462961072821,5.3703892717860136e-05,2,1.0413009813588348,-0.037044517134648056,0.7002598480206448,1.200053555963274,/pbs/home/a/amahdi/pySEOBNR_deviation_2/Data/SEOBNRv5HMROM_times_pSEOB_ratio_phase_with_denom_condition_domega_dtau_scan_M1e6_q4_dense/run_data/bias_syst_recovery/M1e6/id_14/fti_dxi0v/recovery_arrays_fti_dxi0v_M1e6_id_14.h5
M1e6,1000000.0,15,2.5e-05,2.5e-05,fti_dchiMinus2v,0.0,0.9999465660313046,5.34339686953933e-05,3,0.0011761248491615776,-0.0005640764215935265,0.7000097917094887,1.2000011913278747,/pbs/home/a/amahdi/pySEOBNR_deviation_2/Data/SEOBNRv5HMROM_times_pSEOB_ratio_phase_with_denom_condition_domega_dtau_scan_M1e6_q4_dense/run_data/bias_syst_recovery/M1e6/id_15/fti_dchiMinus2v/recovery_arrays_fti_dchiMinus2v_M1e6_id_15.h5
M1e6,1000000.0,15,2.5e-05,2.5e-05,fti_dchi0v,0.0,0.9999465660313046,5.34339686953933e-05,3,0.0011761248491615776,-0.0005640764215935265,0.7000097917094887,1.2000011913278747,/pbs/home/a/amahdi/pySEOBNR_deviation_2/Data/SEOBNRv5HMROM_times_pSEOB_ratio_phase_with_denom_condition_domega_dtau_scan_M1e6_q4_dense/run_data/bias_syst_recovery/M1e6/id_15/fti_dchi0v/recovery_arrays_fti_dchi0v_M1e6_id_15.h5
M1e6,1000000.0,15,2.5e-05,2.5e-05,fti_dchi1v,0.0,0.9999465660313046,5.34339686953933e-05,3,0.0011761248491615776,-0.0005640764215935265,0.7000097917094887,1.2000011913278747,/pbs/home/a/amahdi/pySEOBNR_deviation_2/Data/SEOBNRv5HMROM_times_pSEOB_ratio_phase_with_denom_condition_domega_dtau_scan_M1e6_q4_dense/run_data/bias_syst_recovery/M1e6/id_15/fti_dchi1v/recovery_arrays_fti_dchi1v_M1e6_id_15.h5
M1e6,1000000.0,15,2.5e-05,2.5e-05,fti_dchi2v,0.0,0.9999465660313046,5.34339686953933e-05,3,0.0011761248491615776,-0.0005640764215935265,0.7000097917094887,1.2000011913278747,/pbs/home/a/amahdi/pySEOBNR_deviation_2/Data/SEOBNRv5HMROM_times_pSEOB_ratio_phase_with_denom_condition_domega_dtau_scan_M1e6_q4_dense/run_data/bias_syst_recovery/M1e6/id_15/fti_dchi2v/recovery_arrays_fti_dchi2v_M1e6_id_15.h5
M1e6,1000000.0,15,2.5e-05,2.5e-05,fti_dchi3v,0.0,0.9999465660313046,5.34339686953933e-05,3,0.0011761248491615776,-0.0005640764215935265,0.7000097917094887,1.2000011913278747,/pbs/home/a/amahdi/pySEOBNR_deviation_2/Data/SEOBNRv5HMROM_times_pSEOB_ratio_phase_with_denom_condition_domega_dtau_scan_M1e6_q4_dense/run_data/bias_syst_recovery/M1e6/id_15/fti_dchi3v/recovery_arrays_fti_dchi3v_M1e6_id_15.h5
M1e6,1000000.0,15,2.5e-05,2.5e-05,fti_dchi4v,0.0,0.9999465660313046,5.34339686953933e-05,3,0.0011761248491615776,-0.0005640764215935265,0.7000097917094887,1.2000011913278747,/pbs/home/a/amahdi/pySEOBNR_deviation_2/Data/SEOBNRv5HMROM_times_pSEOB_ratio_phase_with_denom_condition_domega_dtau_scan_M1e6_q4_dense/run_data/bias_syst_recovery/M1e6/id_15/fti_dchi4v/recovery_arrays_fti_dchi4v_M1e6_id_15.h5
M1e6,1000000.0,15,2.5e-05,2.5e-05,fti_dchi5lv,0.0,0.9999465660313046,5.34339686953933e-05,3,0.0011761248491615776,-0.0005640764215935265,0.7000097917094887,1.2000011913278747,/pbs/home/a/amahdi/pySEOBNR_deviation_2/Data/SEOBNRv5HMROM_times_pSEOB_ratio_phase_with_denom_condition_domega_dtau_scan_M1e6_q4_dense/run_data/bias_syst_recovery/M1e6/id_15/fti_dchi5lv/recovery_arrays_fti_dchi5lv_M1e6_id_15.h5
M1e6,1000000.0,15,2.5e-05,2.5e-05,fti_dchi6v,0.0,0.9999465660313046,5.34339686953933e-05,3,0.0011761248491615776,-0.0005640764215935265,0.7000097917094887,1.2000011913278747,/pbs/home/a/amahdi/pySEOBNR_deviation_2/Data/SEOBNRv5HMROM_times_pSEOB_ratio_phase_with_denom_condition_domega_dtau_scan_M1e6_q4_dense/run_data/bias_syst_recovery/M1e6/id_15/fti_dchi6v/recovery_arrays_fti_dchi6v_M1e6_id_15.h5
M1e6,1000000.0,15,2.5e-05,2.5e-05,fti_dchi6lv,0.0,0.9999465660313046,5.34339686953933e-05,3,0.0011761248491615776,-0.0005640764215935265,0.7000097917094887,1.2000011913278747,/pbs/home/a/amahdi/pySEOBNR_deviation_2/Data/SEOBNRv5HMROM_times_pSEOB_ratio_phase_with_denom_condition_domega_dtau_scan_M1e6_q4_dense/run_data/bias_syst_recovery/M1e6/id_15/fti_dchi6lv/recovery_arrays_fti_dchi6lv_M1e6_id_15.h5
M1e6,1000000.0,15,2.5e-05,2.5e-05,fti_dchi7v,0.0,0.9999465660313046,5.34339686953933e-05,3,0.0011761248491615776,-0.0005640764215935265,0.7000097917094887,1.2000011913278747,/pbs/home/a/amahdi/pySEOBNR_deviation_2/Data/SEOBNRv5HMROM_times_pSEOB_ratio_phase_with_denom_condition_domega_dtau_scan_M1e6_q4_dense/run_data/bias_syst_recovery/M1e6/id_15/fti_dchi7v/recovery_arrays_fti_dchi7v_M1e6_id_15.h5
M1e6,1000000.0,15,2.5e-05,2.5e-05,fti_dkappa_S,0.0,0.9999465660313046,5.34339686953933e-05,3,0.0011761248491615776,-0.0005640764215935265,0.7000097917094887,1.2000011913278747,/pbs/home/a/amahdi/pySEOBNR_deviation_2/Data/SEOBNRv5HMROM_times_pSEOB_ratio_phase_with_denom_condition_domega_dtau_scan_M1e6_q4_dense/run_data/bias_syst_recovery/M1e6/id_15/fti_dkappa_S/recovery_arrays_fti_dkappa_S_M1e6_id_15.h5
M1e6,1000000.0,15,2.5e-05,2.5e-05,fti_dxi0v,0.0,0.9999465660313046,5.34339686953933e-05,3,0.0011761248491615776,-0.0005640764215935265,0.7000097917094887,1.2000011913278747,/pbs/home/a/amahdi/pySEOBNR_deviation_2/Data/SEOBNRv5HMROM_times_pSEOB_ratio_phase_with_denom_condition_domega_dtau_scan_M1e6_q4_dense/run_data/bias_syst_recovery/M1e6/id_15/fti_dxi0v/recovery_arrays_fti_dxi0v_M1e6_id_15.h5
M1e6,1000000.0,16,5e-05,5e-05,fti_dchiMinus2v,0.0,0.9999465651026906,5.34348973093568e-05,0,0.004647562364822028,-0.00972199256215601,0.7000146915319823,1.2000010859709298,/pbs/home/a/amahdi/pySEOBNR_deviation_2/Data/SEOBNRv5HMROM_times_pSEOB_ratio_phase_with_denom_condition_domega_dtau_scan_M1e6_q4_dense/run_data/bias_syst_recovery/M1e6/id_16/fti_dchiMinus2v/recovery_arrays_fti_dchiMinus2v_M1e6_id_16.h5
M1e6,1000000.0,16,5e-05,5e-05,fti_dchi0v,0.0,0.9999465651026906,5.34348973093568e-05,0,0.004647562364822028,-0.00972199256215601,0.7000146915319823,1.2000010859709298,/pbs/home/a/amahdi/pySEOBNR_deviation_2/Data/SEOBNRv5HMROM_times_pSEOB_ratio_phase_with_denom_condition_domega_dtau_scan_M1e6_q4_dense/run_data/bias_syst_recovery/M1e6/id_16/fti_dchi0v/recovery_arrays_fti_dchi0v_M1e6_id_16.h5
M1e6,1000000.0,16,5e-05,5e-05,fti_dchi1v,0.0,0.9999465651026906,5.34348973093568e-05,0,0.004647562364822028,-0.00972199256215601,0.7000146915319823,1.2000010859709298,/pbs/home/a/amahdi/pySEOBNR_deviation_2/Data/SEOBNRv5HMROM_times_pSEOB_ratio_phase_with_denom_condition_domega_dtau_scan_M1e6_q4_dense/run_data/bias_syst_recovery/M1e6/id_16/fti_dchi1v/recovery_arrays_fti_dchi1v_M1e6_id_16.h5
M1e6,1000000.0,16,5e-05,5e-05,fti_dchi2v,0.0,0.9999465651026906,5.34348973093568e-05,0,0.004647562364822028,-0.00972199256215601,0.7000146915319823,1.2000010859709298,/pbs/home/a/amahdi/pySEOBNR_deviation_2/Data/SEOBNRv5HMROM_times_pSEOB_ratio_phase_with_denom_condition_domega_dtau_scan_M1e6_q4_dense/run_data/bias_syst_recovery/M1e6/id_16/fti_dchi2v/recovery_arrays_fti_dchi2v_M1e6_id_16.h5
M1e6,1000000.0,16,5e-05,5e-05,fti_dchi3v,0.0,0.9999465651026906,5.34348973093568e-05,0,0.004647562364822028,-0.00972199256215601,0.7000146915319823,1.2000010859709298,/pbs/home/a/amahdi/pySEOBNR_deviation_2/Data/SEOBNRv5HMROM_times_pSEOB_ratio_phase_with_denom_condition_domega_dtau_scan_M1e6_q4_dense/run_data/bias_syst_recovery/M1e6/id_16/fti_dchi3v/recovery_arrays_fti_dchi3v_M1e6_id_16.h5
M1e6,1000000.0,16,5e-05,5e-05,fti_dchi4v,0.0,0.9999465651026906,5.34348973093568e-05,0,0.004647562364822028,-0.00972199256215601,0.7000146915319823,1.2000010859709298,/pbs/home/a/amahdi/pySEOBNR_deviation_2/Data/SEOBNRv5HMROM_times_pSEOB_ratio_phase_with_denom_condition_domega_dtau_scan_M1e6_q4_dense/run_data/bias_syst_recovery/M1e6/id_16/fti_dchi4v/recovery_arrays_fti_dchi4v_M1e6_id_16.h5
M1e6,1000000.0,16,5e-05,5e-05,fti_dchi5lv,0.0,0.9999465651026906,5.34348973093568e-05,0,0.004647562364822028,-0.00972199256215601,0.7000146915319823,1.2000010859709298,/pbs/home/a/amahdi/pySEOBNR_deviation_2/Data/SEOBNRv5HMROM_times_pSEOB_ratio_phase_with_denom_condition_domega_dtau_scan_M1e6_q4_dense/run_data/bias_syst_recovery/M1e6/id_16/fti_dchi5lv/recovery_arrays_fti_dchi5lv_M1e6_id_16.h5
M1e6,1000000.0,16,5e-05,5e-05,fti_dchi6v,0.0,0.9999465651026906,5.34348973093568e-05,0,0.004647562364822028,-0.00972199256215601,0.7000146915319823,1.2000010859709298,/pbs/home/a/amahdi/pySEOBNR_deviation_2/Data/SEOBNRv5HMROM_times_pSEOB_ratio_phase_with_denom_condition_domega_dtau_scan_M1e6_q4_dense/run_data/bias_syst_recovery/M1e6/id_16/fti_dchi6v/recovery_arrays_fti_dchi6v_M1e6_id_16.h5
M1e6,1000000.0,16,5e-05,5e-05,fti_dchi6lv,0.0,0.9999465651026906,5.34348973093568e-05,0,0.004647562364822028,-0.00972199256215601,0.7000146915319823,1.2000010859709298,/pbs/home/a/amahdi/pySEOBNR_deviation_2/Data/SEOBNRv5HMROM_times_pSEOB_ratio_phase_with_denom_condition_domega_dtau_scan_M1e6_q4_dense/run_data/bias_syst_recovery/M1e6/id_16/fti_dchi6lv/recovery_arrays_fti_dchi6lv_M1e6_id_16.h5
M1e6,1000000.0,16,5e-05,5e-05,fti_dchi7v,0.0,0.9999465651026906,5.34348973093568e-05,0,0.004647562364822028,-0.00972199256215601,0.7000146915319823,1.2000010859709298,/pbs/home/a/amahdi/pySEOBNR_deviation_2/Data/SEOBNRv5HMROM_times_pSEOB_ratio_phase_with_denom_condition_domega_dtau_scan_M1e6_q4_dense/run_data/bias_syst_recovery/M1e6/id_16/fti_dchi7v/recovery_arrays_fti_dchi7v_M1e6_id_16.h5
M1e6,1000000.0,16,5e-05,5e-05,fti_dkappa_S,0.0,0.9999465651026906,5.34348973093568e-05,0,0.004647562364822028,-0.00972199256215601,0.7000146915319823,1.2000010859709298,/pbs/home/a/amahdi/pySEOBNR_deviation_2/Data/SEOBNRv5HMROM_times_pSEOB_ratio_phase_with_denom_condition_domega_dtau_scan_M1e6_q4_dense/run_data/bias_syst_recovery/M1e6/id_16/fti_dkappa_S/recovery_arrays_fti_dkappa_S_M1e6_id_16.h5
M1e6,1000000.0,16,5e-05,5e-05,fti_dxi0v,0.0,0.9999465651026906,5.34348973093568e-05,0,0.004647562364822028,-0.00972199256215601,0.7000146915319823,1.2000010859709298,/pbs/home/a/amahdi/pySEOBNR_deviation_2/Data/SEOBNRv5HMROM_times_pSEOB_ratio_phase_with_denom_condition_domega_dtau_scan_M1e6_q4_dense/run_data/bias_syst_recovery/M1e6/id_16/fti_dxi0v/recovery_arrays_fti_dxi0v_M1e6_id_16.h5
M1e6,1000000.0,17,7.5e-05,7.5e-05,fti_dchiMinus2v,0.0,0.9999465637175161,5.343628248388743e-05,4,0.01042106157854333,-0.010144171780076622,0.7000224755918856,1.2000041929832257,/pbs/home/a/amahdi/pySEOBNR_deviation_2/Data/SEOBNRv5HMROM_times_pSEOB_ratio_phase_with_denom_condition_domega_dtau_scan_M1e6_q4_dense/run_data/bias_syst_recovery/M1e6/id_17/fti_dchiMinus2v/recovery_arrays_fti_dchiMinus2v_M1e6_id_17.h5
M1e6,1000000.0,17,7.5e-05,7.5e-05,fti_dchi0v,0.0,0.9999465637175161,5.343628248388743e-05,4,0.01042106157854333,-0.010144171780076622,0.7000224755918856,1.2000041929832257,/pbs/home/a/amahdi/pySEOBNR_deviation_2/Data/SEOBNRv5HMROM_times_pSEOB_ratio_phase_with_denom_condition_domega_dtau_scan_M1e6_q4_dense/run_data/bias_syst_recovery/M1e6/id_17/fti_dchi0v/recovery_arrays_fti_dchi0v_M1e6_id_17.h5
M1e6,1000000.0,17,7.5e-05,7.5e-05,fti_dchi1v,0.0,0.9999465637175161,5.343628248388743e-05,4,0.01042106157854333,-0.010144171780076622,0.7000224755918856,1.2000041929832257,/pbs/home/a/amahdi/pySEOBNR_deviation_2/Data/SEOBNRv5HMROM_times_pSEOB_ratio_phase_with_denom_condition_domega_dtau_scan_M1e6_q4_dense/run_data/bias_syst_recovery/M1e6/id_17/fti_dchi1v/recovery_arrays_fti_dchi1v_M1e6_id_17.h5
M1e6,1000000.0,17,7.5e-05,7.5e-05,fti_dchi2v,0.0,0.9999465637175161,5.343628248388743e-05,4,0.01042106157854333,-0.010144171780076622,0.7000224755918856,1.2000041929832257,/pbs/home/a/amahdi/pySEOBNR_deviation_2/Data/SEOBNRv5HMROM_times_pSEOB_ratio_phase_with_denom_condition_domega_dtau_scan_M1e6_q4_dense/run_data/bias_syst_recovery/M1e6/id_17/fti_dchi2v/recovery_arrays_fti_dchi2v_M1e6_id_17.h5
M1e6,1000000.0,17,7.5e-05,7.5e-05,fti_dchi3v,0.0,0.9999465637175161,5.343628248388743e-05,4,0.01042106157854333,-0.010144171780076622,0.7000224755918856,1.2000041929832257,/pbs/home/a/amahdi/pySEOBNR_deviation_2/Data/SEOBNRv5HMROM_times_pSEOB_ratio_phase_with_denom_condition_domega_dtau_scan_M1e6_q4_dense/run_data/bias_syst_recovery/M1e6/id_17/fti_dchi3v/recovery_arrays_fti_dchi3v_M1e6_id_17.h5
M1e6,1000000.0,17,7.5e-05,7.5e-05,fti_dchi4v,0.0,0.9999465637175161,5.343628248388743e-05,4,0.01042106157854333,-0.010144171780076622,0.7000224755918856,1.2000041929832257,/pbs/home/a/amahdi/pySEOBNR_deviation_2/Data/SEOBNRv5HMROM_times_pSEOB_ratio_phase_with_denom_condition_domega_dtau_scan_M1e6_q4_dense/run_data/bias_syst_recovery/M1e6/id_17/fti_dchi4v/recovery_arrays_fti_dchi4v_M1e6_id_17.h5
M1e6,1000000.0,17,7.5e-05,7.5e-05,fti_dchi5lv,0.0,0.9999465637175161,5.343628248388743e-05,4,0.01042106157854333,-0.010144171780076622,0.7000224755918856,1.2000041929832257,/pbs/home/a/amahdi/pySEOBNR_deviation_2/Data/SEOBNRv5HMROM_times_pSEOB_ratio_phase_with_denom_condition_domega_dtau_scan_M1e6_q4_dense/run_data/bias_syst_recovery/M1e6/id_17/fti_dchi5lv/recovery_arrays_fti_dchi5lv_M1e6_id_17.h5
M1e6,1000000.0,17,7.5e-05,7.5e-05,fti_dchi6v,0.0,0.9999465637175161,5.343628248388743e-05,4,0.01042106157854333,-0.010144171780076622,0.7000224755918856,1.2000041929832257,/pbs/home/a/amahdi/pySEOBNR_deviation_2/Data/SEOBNRv5HMROM_times_pSEOB_ratio_phase_with_denom_condition_domega_dtau_scan_M1e6_q4_dense/run_data/bias_syst_recovery/M1e6/id_17/fti_dchi6v/recovery_arrays_fti_dchi6v_M1e6_id_17.h5
M1e6,1000000.0,17,7.5e-05,7.5e-05,fti_dchi6lv,0.0,0.9999465637175161,5.343628248388743e-05,4,0.01042106157854333,-0.010144171780076622,0.7000224755918856,1.2000041929832257,/pbs/home/a/amahdi/pySEOBNR_deviation_2/Data/SEOBNRv5HMROM_times_pSEOB_ratio_phase_with_denom_condition_domega_dtau_scan_M1e6_q4_dense/run_data/bias_syst_recovery/M1e6/id_17/fti_dchi6lv/recovery_arrays_fti_dchi6lv_M1e6_id_17.h5
M1e6,1000000.0,17,7.5e-05,7.5e-05,fti_dchi7v,0.0,0.9999465637175161,5.343628248388743e-05,4,0.01042106157854333,-0.010144171780076622,0.7000224755918856,1.2000041929832257,/pbs/home/a/amahdi/pySEOBNR_deviation_2/Data/SEOBNRv5HMROM_times_pSEOB_ratio_phase_with_denom_condition_domega_dtau_scan_M1e6_q4_dense/run_data/bias_syst_recovery/M1e6/id_17/fti_dchi7v/recovery_arrays_fti_dchi7v_M1e6_id_17.h5
M1e6,1000000.0,17,7.5e-05,7.5e-05,fti_dkappa_S,0.0,0.9999465637175161,5.343628248388743e-05,4,0.01042106157854333,-0.010144171780076622,0.7000224755918856,1.2000041929832257,/pbs/home/a/amahdi/pySEOBNR_deviation_2/Data/SEOBNRv5HMROM_times_pSEOB_ratio_phase_with_denom_condition_domega_dtau_scan_M1e6_q4_dense/run_data/bias_syst_recovery/M1e6/id_17/fti_dkappa_S/recovery_arrays_fti_dkappa_S_M1e6_id_17.h5
M1e6,1000000.0,17,7.5e-05,7.5e-05,fti_dxi0v,0.0,0.9999465637175161,5.343628248388743e-05,4,0.01042106157854333,-0.010144171780076622,0.7000224755918856,1.2000041929832257,/pbs/home/a/amahdi/pySEOBNR_deviation_2/Data/SEOBNRv5HMROM_times_pSEOB_ratio_phase_with_denom_condition_domega_dtau_scan_M1e6_q4_dense/run_data/bias_syst_recovery/M1e6/id_17/fti_dxi0v/recovery_arrays_fti_dxi0v_M1e6_id_17.h5
