inj_id,d_omega,d_tau,active_fti_run,fti_value,parameter,CV_bias_over_sigma,CV_delta_theta,sigma_CV,is_active_fti_parameter,posterior_source,true_value,posterior_median,median_PE_delta_theta,sigma_method,sigma_PE,median_PE_bias_over_sigma,_merge
6,0.02,0.02,fti_dchi0v,0.0,Deltat,10.72717111103286,1.0243243787554377,0.0954887703526909,False,processed,0.0,1.295835322752433,1.295835322752433,std,0.1003089813258064,12.918437667545671,both
6,0.02,0.02,fti_dchi0v,0.0,Mchirp,-2.0363492420816884,-183.307703011189,90.01781188761116,False,processed,333021.2829607493,332882.98869993724,-138.2942608120502,std,91.27270934467936,-1.515176461890707,both
6,0.02,0.02,fti_dchi0v,0.0,beta,-2.187442257801253,-0.0037292944866446,0.0017048653391167,False,processed,0.5235987755982988,0.5183651445729429,-0.0052336310253559,std,0.0018440666287111,-2.838092151265656,both
6,0.02,0.02,fti_dchi0v,0.0,chiPN,-22.802115421032155,-0.0069012675824544,0.0003026590934667,False,processed,0.4461946902654867,0.4390368076274185,-0.0071578826380682,std,0.0003034988267429,-23.584547969701525,both
6,0.02,0.02,fti_dchi0v,0.0,chim,-9.620541278409611,-0.0252952711597657,0.0026292981265548,False,processed,0.3,0.2812724788642374,-0.0187275211357625,std,0.0025455193763624,-7.357053067309374,both
6,0.02,0.02,fti_dchi0v,0.0,dist,-9.69981452163418,-273.007817646072,28.14567402677272,False,processed,6791.810623950696,6529.208687797349,-262.6019361533472,std,31.454234241312932,-8.348699069851712,both
6,0.02,0.02,fti_dchi0v,0.0,fti_dchi0v,1.6024581153240691,0.0007356743463781,0.0004590911546099,True,processed,0.0,0.0004853443476393,0.0004853443476393,std,0.0004653167183969,1.043040854649361,both
6,0.02,0.02,fti_dchi0v,0.0,inc,10.461894082178103,0.0298626382983473,0.0028544198654446,False,processed,1.0471975511965976,1.0737552876268983,0.0265577364303009,std,0.0029002103731495,9.157175864266636,both
6,0.02,0.02,fti_dchi0v,0.0,lambda,-9.741455054413905,-0.0330630907263931,0.0033940607991012,False,processed,1.0,0.9702205191476708,-0.029779480852329,std,0.003616376504246,-8.234618496543233,both
6,0.02,0.02,fti_dchi0v,0.0,phi,-28.809431020630942,-0.455250809520745,0.015802145109868,False,processed,0.7,0.2691287313590305,-0.4308712686409695,std,0.0151819662581317,-28.380465436101552,both
6,0.02,0.02,fti_dchi0v,0.0,psi,-9.811115791061695,-0.0382115663971496,0.0038947217840362,False,processed,1.2,1.1656776388441823,-0.0343223611558176,std,0.0040061071290371,-8.56750956734083,both
6,0.02,0.02,fti_dchi0v,0.0,q,-30.82102580159985,-0.1439655596660571,0.0046710177848325,False,processed,4.0,3.8643361609554354,-0.1356638390445645,std,0.0044093933466182,-30.7670076992815,both
6,0.02,0.02,fti_dchi1v,0.0,Deltat,10.511614061128936,0.9746794407176936,0.0927240512303411,False,processed,0.0,1.2228918724763145,1.2228918724763145,std,0.0979693277728887,12.482395258556911,both
6,0.02,0.02,fti_dchi1v,0.0,Mchirp,-2.5758949415525363,-40.1899487631872,15.602324502785828,False,processed,333021.2829607493,332986.70332628954,-34.57963445974747,std,15.725739587558778,-2.198919438237723,both
6,0.02,0.02,fti_dchi1v,0.0,beta,-1.7847882813460827,-0.0031171189827927,0.001746492295681,False,processed,0.5235987755982988,0.519230639446431,-0.0043681361518678,std,0.0019166866547371,-2.2790037907718994,both
6,0.02,0.02,fti_dchi1v,0.0,chiPN,-18.98193766181896,-0.0068842065782064,0.0003626714353853,False,processed,0.4461946902654867,0.4389253504765162,-0.0072693397889705,std,0.0003631637213335,-20.016701454310105,both
6,0.02,0.02,fti_dchi1v,0.0,chim,-7.903158929727885,-0.023243503279047,0.0029410395875522,False,processed,0.3,0.2836496847346041,-0.0163503152653959,std,0.0028382194954545,-5.7607649061607455,both
6,0.02,0.02,fti_dchi1v,0.0,dist,-9.452485601606346,-268.39556169619755,28.39417831544612,False,processed,6791.810623950696,6535.378839714383,-256.43178423631343,std,31.20847781700177,-8.216734752010698,both
6,0.02,0.02,fti_dchi1v,0.0,fti_dchi1v,0.0655146678680675,4.4869370516037455e-05,0.0006848751886584,True,processed,0.0,-0.0003894772179501,-0.0003894772179501,std,0.0006887788098483,-0.5654605112428981,both
6,0.02,0.02,fti_dchi1v,0.0,inc,10.66007203006461,0.0302943654816714,0.0028418537319665,False,processed,1.0471975511965976,1.074091890431114,0.0268943392345164,std,0.0028194070637202,9.539005410247102,both
6,0.02,0.02,fti_dchi1v,0.0,lambda,-9.968307731876166,-0.0336421902716075,0.0033749148979448,False,processed,1.0,0.96953879414379,-0.0304612058562101,std,0.0035606183494877,-8.555032543881804,both
6,0.02,0.02,fti_dchi1v,0.0,phi,-28.37161925101605,-0.4467636528920913,0.0157468507151241,False,processed,0.7,0.2775741420399777,-0.4224258579600222,std,0.0149413605565464,-28.27224845831996,both
6,0.02,0.02,fti_dchi1v,0.0,psi,-9.625700753085985,-0.037999522573235,0.0039477149298509,False,processed,1.2,1.1661184833245417,-0.0338815166754582,std,0.0039905505674515,-8.490436620903587,both
6,0.02,0.02,fti_dchi1v,0.0,q,-29.06644038624514,-0.1440553972003089,0.0049560728897673,False,processed,4.0,3.865123529987333,-0.1348764700126667,std,0.0046116861695361,-29.24667140267085,both
6,0.02,0.02,fti_dchi2v,0.0,Deltat,10.425242913483402,0.9864075835583748,0.0946172277945305,False,processed,0.0,1.2449062644417648,1.2449062644417648,std,0.1026813085843244,12.123981293240115,both
6,0.02,0.02,fti_dchi2v,0.0,Mchirp,-5.938899064035176,-41.81229339417996,7.040411521284663,False,processed,333021.2829607493,332978.328539949,-42.9544208002626,std,7.0555267935843,-6.088052962866177,both
6,0.02,0.02,fti_dchi2v,0.0,beta,-1.9076307903897127,-0.0033306535022859,0.0017459633798453,False,processed,0.5235987755982988,0.5188944185328181,-0.0047043570654806,std,0.0018890707608956,-2.490302196647326,both
6,0.02,0.02,fti_dchi2v,0.0,chiPN,-18.02395145969136,-0.0067956682905305,0.0003770354300902,False,processed,0.4461946902654867,0.4390356911784299,-0.0071589990870568,std,0.0003817256018027,-18.75430689806449,both
6,0.02,0.02,fti_dchi2v,0.0,chim,-8.154538475661269,-0.0239739724491396,0.0029399545444165,False,processed,0.3,0.282631574927974,-0.017368425072026,std,0.0028281217046903,-6.141328728258459,both
6,0.02,0.02,fti_dchi2v,0.0,dist,-9.496775481528148,-270.4926149032617,28.482574472713143,False,processed,6791.810623950696,6533.294232707964,-258.5163912427324,std,31.551062376376024,-8.193587529917775,both
6,0.02,0.02,fti_dchi2v,0.0,fti_dchi2v,0.451984106912714,0.0002083297497244,0.0004609227327647,True,processed,0.0,-1.7890632347179264e-05,-1.7890632347179264e-05,std,0.0004615163733753,-0.0387648919502799,both
6,0.02,0.02,fti_dchi2v,0.0,inc,10.669463490859313,0.030346528872905,0.002844241315311,False,processed,1.0471975511965976,1.0740074764005303,0.0268099252039326,std,0.0028773028415245,9.31772798365828,both
6,0.02,0.02,fti_dchi2v,0.0,lambda,-9.976824616957364,-0.0336726231537931,0.0033750842022982,False,processed,1.0,0.9697706572510418,-0.0302293427489581,std,0.0035759834727924,-8.45343469256938,both
6,0.02,0.02,fti_dchi2v,0.0,phi,-28.35038379669211,-0.4489488017320653,0.0158357221881577,False,processed,0.7,0.2749857656770154,-0.4250142343229846,std,0.01518734087617,-27.98476953854774,both
6,0.02,0.02,fti_dchi2v,0.0,psi,-9.654970690140631,-0.0383052163484389,0.0039674088692527,False,processed,1.2,1.1658881267157888,-0.0341118732842111,std,0.0040289643827797,-8.466660422715284,both
6,0.02,0.02,fti_dchi2v,0.0,q,-28.496374176311573,-0.1448531795510979,0.005083214399659,False,processed,4.0,3.8643952532949326,-0.1356047467050674,std,0.0047658895891815,-28.453186790748923,both
6,0.02,0.02,fti_dchi3v,0.0,Deltat,10.35986841080824,1.01365739587321,0.0978446207690902,False,processed,0.0,1.300157264964205,1.300157264964205,std,0.1102710586187195,11.790557570139178,both
6,0.02,0.02,fti_dchi3v,0.0,Mchirp,-9.144894021874768,-41.37302231218928,4.524166405124454,False,processed,333021.2829607493,332976.33991694386,-44.94304380542599,std,4.499042045533953,-9.98946961387912,both
6,0.02,0.02,fti_dchi3v,0.0,beta,-2.0908628918863146,-0.003630413772891,0.0017363232122866,False,processed,0.5235987755982988,0.5183996855969648,-0.005199090001334,std,0.0019138189378409,-2.716604950727048,both
6,0.02,0.02,fti_dchi3v,0.0,chiPN,-17.465442174225355,-0.0066534914733845,0.0003809517907999,False,processed,0.4461946902654867,0.4392184655637686,-0.0069762247017181,std,0.0003723632112245,-18.734999837324025,both
6,0.02,0.02,fti_dchi3v,0.0,chim,-8.69095061217937,-0.0250075183919242,0.0028774203775682,False,processed,0.3,0.2812559119176365,-0.0187440880823634,std,0.0027430661801948,-6.833261340064302,both
6,0.02,0.02,fti_dchi3v,0.0,dist,-9.601240869957357,-274.0252462788703,28.540607405893297,False,processed,6791.810623950696,6528.320478000958,-263.4901459497378,std,31.64298349957711,-8.3269691036959,both
6,0.02,0.02,fti_dchi3v,0.0,fti_dchi3v,-1.053796187754143,-0.0004580499060563,0.0004346665051356,True,processed,0.0,-0.0003509412077285,-0.0003509412077285,std,0.0004366685738042,-0.8036786450444934,both
6,0.02,0.02,fti_dchi3v,0.0,inc,10.708121007944412,0.03050934195435,0.0028491779212912,False,processed,1.0471975511965976,1.0741818136612653,0.0269842624646676,std,0.0028300996316066,9.534739400445964,both
6,0.02,0.02,fti_dchi3v,0.0,lambda,-10.009556616478154,-0.0338170326787405,0.0033784745892809,False,processed,1.0,0.969636439713295,-0.0303635602867049,std,0.0035182110357036,-8.630397659085267,both
6,0.02,0.02,fti_dchi3v,0.0,phi,-28.4532991244716,-0.4525260197248038,0.0159041669560069,False,processed,0.7,0.2699451666947932,-0.4300548333052068,std,0.0153412347094748,-28.032608942460307,both
6,0.02,0.02,fti_dchi3v,0.0,psi,-9.757427282946042,-0.0388370642150364,0.0039802565869914,False,processed,1.2,1.1652355540962798,-0.0347644459037201,std,0.0040079918200812,-8.673781650336682,both
6,0.02,0.02,fti_dchi3v,0.0,q,-28.28774945548088,-0.1462853431002546,0.0051713319693557,False,processed,4.0,3.8625779488497662,-0.1374220511502337,std,0.0048827874814223,-28.14418028085102,both
6,0.02,0.02,fti_dchi4v,0.0,Deltat,10.351400169926622,1.0533480851632504,0.1017589956790084,False,processed,0.0,1.3698516376360217,1.3698516376360217,std,0.1133812330606597,12.081819897858589,both
6,0.02,0.02,fti_dchi4v,0.0,Mchirp,-9.756049386270792,-39.30227220088773,4.028502792964115,False,processed,333021.2829607493,332977.95159791387,-43.331362835422624,std,3.991677313627817,-10.855427288044265,both
6,0.02,0.02,fti_dchi4v,0.0,beta,-2.243963748793178,-0.0038568986656082,0.0017187883127267,False,processed,0.5235987755982988,0.5179472499297391,-0.0056515256685597,std,0.0019019436568101,-2.9714474707616705,both
6,0.02,0.02,fti_dchi4v,0.0,chiPN,-17.28310975564933,-0.0065175842077935,0.0003771071468005,False,processed,0.4461946902654867,0.439429129115489,-0.0067655611499977,std,0.0003692080572242,-18.324521953453857,both
6,0.02,0.02,fti_dchi4v,0.0,chim,-9.356461026992074,-0.0258090071803882,0.0027584155062403,False,processed,0.3,0.2800047014970527,-0.0199952985029473,std,0.0025903695988516,-7.719090940463406,both
6,0.02,0.02,fti_dchi4v,0.0,dist,-9.72628889699902,-277.66840039086856,28.54823698240561,False,processed,6791.810623950696,6523.21289844356,-268.5977255071357,std,32.18591301658951,-8.345195159406943,both
6,0.02,0.02,fti_dchi4v,0.0,fti_dchi4v,1.6878133382597598,0.0068198211868404,0.0040406252470264,True,processed,0.0,0.0069947904378362,0.0069947904378362,std,0.0039520315092031,1.7699227401268047,both
6,0.02,0.02,fti_dchi4v,0.0,inc,10.775077894568806,0.0307736968451943,0.0028560069028091,False,processed,1.0471975511965976,1.074404596822914,0.0272070456263164,std,0.0028864823556501,9.425675363322322,both
6,0.02,0.02,fti_dchi4v,0.0,lambda,-10.070838130936332,-0.0340860834131035,0.0033846322391376,False,processed,1.0,0.9694669311291,-0.0305330688709,std,0.0035812864463873,-8.52572653095111,both
6,0.02,0.02,fti_dchi4v,0.0,phi,-28.71272472791195,-0.4561175661941572,0.0158855549418046,False,processed,0.7,0.265383361254297,-0.4346166387457029,std,0.0150909742870055,-28.799773326758704,both
6,0.02,0.02,fti_dchi4v,0.0,psi,-9.888563738131063,-0.0394003882571409,0.0039844399349128,False,processed,1.2,1.1645882555855775,-0.0354117444144224,std,0.0040797663733845,-8.679846141543912,both
6,0.02,0.02,fti_dchi4v,0.0,q,-28.362984771816443,-0.1478529336394611,0.0052128834404755,False,processed,4.0,3.86065409604981,-0.1393459039501898,std,0.0048328416569854,-28.83312010621718,both
6,0.02,0.02,fti_dchi5lv,0.0,Deltat,10.395737719674957,1.0966688551186508,0.1054921627200248,False,,,,,,,,left_only
6,0.02,0.02,fti_dchi5lv,0.0,Mchirp,-8.810558148861693,-36.76136994493072,4.172422373681311,False,,,,,,,,left_only
6,0.02,0.02,fti_dchi5lv,0.0,beta,-2.311450840980956,-0.0039258291632788,0.0016984264141273,False,,,,,,,,left_only
6,0.02,0.02,fti_dchi5lv,0.0,chiPN,-17.477429470006296,-0.0064283568016736,0.000367809054112,False,,,,,,,,left_only
6,0.02,0.02,fti_dchi5lv,0.0,chim,-9.987379649087996,-0.0260921841888945,0.0026125155051332,False,,,,,,,,left_only
6,0.02,0.02,fti_dchi5lv,0.0,dist,-9.83443080141691,-280.33416901551027,28.505378163332107,False,,,,,,,,left_only
6,0.02,0.02,fti_dchi5lv,0.0,fti_dchi5lv,-2.243584419805638,-0.0164254139688517,0.0073210590267313,True,,,,,,,,left_only
6,0.02,0.02,fti_dchi5lv,0.0,inc,10.8542612965433,0.0310785734933114,0.0028632601191578,False,,,,,,,,left_only
6,0.02,0.02,fti_dchi5lv,0.0,lambda,-10.147162379333544,-0.0344215152601334,0.0033922306526047,False,,,,,,,,left_only
6,0.02,0.02,fti_dchi5lv,0.0,phi,-29.06956089524341,-0.4586224070695053,0.0157767229000197,False,,,,,,,,left_only
6,0.02,0.02,fti_dchi5lv,0.0,psi,-10.007281422796687,-0.039827669065882,0.0039798689957048,False,,,,,,,,left_only
6,0.02,0.02,fti_dchi5lv,0.0,q,-28.64653717313588,-0.1490978733062853,0.0052047433309358,False,,,,,,,,left_only
6,0.02,0.02,fti_dchi6lv,0.0,Deltat,10.38841338295412,1.0688286312171869,0.1028866095154607,False,processed,0.0,1.3985852668928165,1.3985852668928165,std,0.1157196627831515,12.085977726306044,both
6,0.02,0.02,fti_dchi6lv,0.0,Mchirp,-9.12873542512018,-37.57653672393144,4.116291575340156,False,processed,333021.2829607493,332979.8441896281,-41.4387711212039,std,4.0515438487723285,-10.227896492780252,both
6,0.02,0.02,fti_dchi6lv,0.0,beta,-2.283057278446261,-0.0039067876943179,0.0017112087949789,False,processed,0.5235987755982988,0.5177767323917251,-0.0058220432065737,std,0.0018968187431017,-3.069372457303546,both
6,0.02,0.02,fti_dchi6lv,0.0,chiPN,-17.382868491221014,-0.006479862348488,0.0003727729029164,False,processed,0.4461946902654867,0.4394757753493324,-0.0067189149161542,std,0.000363286971318,-18.494786344186306,both
6,0.02,0.02,fti_dchi6lv,0.0,chim,-9.613903048842616,-0.0259889415187783,0.0027032664451413,False,processed,0.3,0.279791180839,-0.020208819161,std,0.0025475053469593,-7.932787730993587,both
6,0.02,0.02,fti_dchi6lv,0.0,dist,-9.772160864316444,-278.8493523184752,28.535075935631404,False,processed,6791.810623950696,6519.66867652906,-272.1419474216364,std,32.209371000320296,-8.449154360044167,both
6,0.02,0.02,fti_dchi6lv,0.0,fti_dchi6lv,-1.918092605486124,-0.0193823836759405,0.0101050301849363,True,processed,0.0,-0.0211489055478525,-0.0211489055478525,std,0.0101422838133043,-2.085221231938907,both
6,0.02,0.02,fti_dchi6lv,0.0,inc,10.805014965813864,0.0308874064400441,0.002858617645396,False,processed,1.0471975511965976,1.074644144278755,0.0274465930821576,std,0.0028635355005897,9.584862166543898,both
6,0.02,0.02,fti_dchi6lv,0.0,lambda,-10.099071381600764,-0.0342085115477748,0.0033872927772446,False,processed,1.0,0.9692255286213124,-0.0307744713786877,std,0.0035419569223045,-8.688550440829296,both
6,0.02,0.02,fti_dchi6lv,0.0,phi,-28.83987021066687,-0.4572838323365911,0.0158559601342261,False,processed,0.7,0.2639351511395544,-0.4360648488604455,std,0.0152052950461032,-28.678486510013308,both
6,0.02,0.02,fti_dchi6lv,0.0,psi,-9.938271843122994,-0.039588412198896,0.003983430200321,False,processed,1.2,1.1641626716082345,-0.0358373283917656,std,0.0040582598805304,-8.83071302646137,both
6,0.02,0.02,fti_dchi6lv,0.0,q,-28.456761209084405,-0.1483937485609807,0.0052147096948477,False,processed,4.0,3.859946226700899,-0.1400537732991011,std,0.0049006462505822,-28.578633538885317,both
6,0.02,0.02,fti_dchi6v,0.0,Deltat,10.463131532709829,1.1344987301698666,0.1084282202343722,False,processed,0.0,1.5116150612421455,1.5116150612421455,std,0.1174979175699285,12.865037036443743,both
6,0.02,0.02,fti_dchi6v,0.0,Mchirp,-7.900025700702901,-34.60844595111712,4.380801691320808,False,processed,333021.2829607493,332983.9999131384,-37.283047610893846,std,4.332814914884917,-8.604809654530122,both
6,0.02,0.02,fti_dchi6v,0.0,beta,-2.287014252921714,-0.0038436697095664,0.0016806496525572,False,processed,0.5235987755982988,0.5176222839970703,-0.0059764916012284,std,0.0018700916034261,-3.195828263320869,both
6,0.02,0.02,fti_dchi6v,0.0,chiPN,-17.948823234497176,-0.0063956231166777,0.0003563254834659,False,processed,0.4461946902654867,0.4396623689622544,-0.0065323213032322,std,0.0003519563005924,-18.560035130031817,both
6,0.02,0.02,fti_dchi6v,0.0,chim,-10.446265097323629,-0.0258700812175221,0.0024764909732331,False,processed,0.3,0.2794712849229659,-0.0205287150770341,std,0.002357876696323,-8.706441311815531,both
6,0.02,0.02,fti_dchi6v,0.0,dist,-9.904045176529063,-281.5930016088041,28.43212006707447,False,processed,6791.810623950696,6515.071921778508,-276.7387021721879,std,32.110080136996906,-8.618436982763317,both
6,0.02,0.02,fti_dchi6v,0.0,fti_dchi6v,-2.6674513631103958,-0.0167431258879344,0.006276825182076,True,processed,0.0,-0.0237367566414228,-0.0237367566414228,std,0.0070619862430451,-3.361201200979342,both
6,0.02,0.02,fti_dchi6v,0.0,inc,10.926852576196652,0.0313546855028106,0.0028695075076893,False,processed,1.0471975511965976,1.075247847359428,0.0280502961628303,std,0.0028964581110301,9.684343804597187,both
6,0.02,0.02,fti_dchi6v,0.0,lambda,-10.220055498115144,-0.0347439271357157,0.0033995830200847,False,processed,1.0,0.9685689304627352,-0.0314310695372648,std,0.0035961512805347,-8.740196695115475,both
6,0.02,0.02,fti_dchi6v,0.0,phi,-29.43372212365136,-0.4596339611969409,0.0156158965986705,False,processed,0.7,0.2589095630099767,-0.4410904369900232,std,0.0149895504406348,-29.426528749940456,both
6,0.02,0.02,fti_dchi6v,0.0,psi,-10.088362632183513,-0.0400469886485417,0.0039696222378828,False,processed,1.2,1.163408790213187,-0.0365912097868126,std,0.0040603064649118,-9.01193299151787,both
6,0.02,0.02,fti_dchi6v,0.0,q,-29.027464563017144,-0.1497991965105019,0.0051606021664515,False,processed,4.0,3.857375134562287,-0.1426248654377131,std,0.0048576292376484,-29.361002756718538,both
6,0.02,0.02,fti_dchi7v,0.0,Deltat,10.527335668651594,1.1624855888997558,0.1104254319885911,False,processed,0.0,1.5526271203434,1.5526271203434,std,0.1177699649217047,13.183557636071388,both
6,0.02,0.02,fti_dchi7v,0.0,Mchirp,-7.339516513269425,-33.154034403303285,4.517195968339698,False,processed,333021.2829607493,332986.18864510243,-35.09431564685656,std,4.424705525077942,-7.931446612198755,both
6,0.02,0.02,fti_dchi7v,0.0,beta,-2.2002417744597618,-0.0036701708232977,0.0016680761477674,False,processed,0.5235987755982988,0.5177697999714372,-0.0058289756268615,std,0.0018485780072133,-3.153221343170879,both
6,0.02,0.02,fti_dchi7v,0.0,chiPN,-18.550242056979155,-0.0064054632994782,0.0003453034887524,False,processed,0.4461946902654867,0.4396768439739971,-0.0065178462914896,std,0.0003371696429635,-19.33105909002134,both
6,0.02,0.02,fti_dchi7v,0.0,chim,-10.676947677190956,-0.0253347353168738,0.002372844382388,False,processed,0.3,0.2800233305868547,-0.0199766694131453,std,0.0022905793817269,-8.721229909126354,both
6,0.02,0.02,fti_dchi7v,0.0,dist,-9.93473744427125,-281.6639478258767,28.35142341766615,False,processed,6791.810623950696,6512.141073528832,-279.6695504218642,std,31.92077288484998,-8.761365253615116,both
6,0.02,0.02,fti_dchi7v,0.0,fti_dchi7v,2.9584597390304173,0.0079884436765036,0.0027002036130874,True,processed,0.0,0.0111207421404935,0.0111207421404935,std,0.0028853855993617,3.8541615175987007,both
6,0.02,0.02,fti_dchi7v,0.0,inc,10.982553210123418,0.0315651839547985,0.0028741207395838,False,processed,1.0471975511965976,1.075730978218485,0.0285334270218873,std,0.0028849178743945,9.890550880196384,both
6,0.02,0.02,fti_dchi7v,0.0,lambda,-10.27819131232034,-0.0350038527627798,0.0034056432400534,False,processed,1.0,0.9678620560548356,-0.0321379439451643,std,0.003584497571784,-8.965815515720589,both
6,0.02,0.02,fti_dchi7v,0.0,phi,-29.742244174230454,-0.4594102960432167,0.0154463897664206,False,processed,0.7,0.2581441387024246,-0.4418558612975753,std,0.0149027019740501,-29.64937915734828,both
6,0.02,0.02,fti_dchi7v,0.0,psi,-10.12907523597441,-0.0400854015320248,0.0039574591557635,False,processed,1.2,1.1629482592817872,-0.0370517407182127,std,0.0040428094020114,-9.164849745273251,both
6,0.02,0.02,fti_dchi7v,0.0,q,-29.412812318449124,-0.1500034572445203,0.005099935892578,False,processed,4.0,3.8566354875406974,-0.1433645124593017,std,0.0048359541763232,-29.64554816528504,both
6,0.02,0.02,fti_dchiMinus2v,0.0,Deltat,10.865793012209856,0.9786418654303332,0.0900663084903823,False,processed,0.0,1.221443777634016,1.221443777634016,std,0.0911153928755454,13.405460253048432,both
6,0.02,0.02,fti_dchiMinus2v,0.0,Mchirp,-4.220558479763395,-62.65520775570076,14.84524099265963,False,processed,333021.2829607493,332943.056938834,-78.22602191532496,std,15.21451327266358,-5.141539562483162,both
6,0.02,0.02,fti_dchiMinus2v,0.0,beta,-1.38472389616556,-0.0023703238343885,0.0017117663968623,False,processed,0.5235987755982988,0.5200783580774064,-0.0035204175208923,std,0.0018971595474884,-1.855625440439576,both
6,0.02,0.02,fti_dchiMinus2v,0.0,chiPN,-19.99675343054726,-0.0072205633429567,0.0003610867818136,False,processed,0.4461946902654867,0.4385441999783241,-0.0076504902871625,std,0.0003673865338178,-20.824090114733814,both
6,0.02,0.02,fti_dchiMinus2v,0.0,chim,-7.633023250461397,-0.0206556918978315,0.0027060957657351,False,processed,0.3,0.2861153563162963,-0.0138846436837036,std,0.0026496429871948,-5.2401941509874765,both
6,0.02,0.02,fti_dchiMinus2v,0.0,dist,-9.341304984204942,-262.9599884932559,28.150241206971675,False,processed,6791.810623950696,6540.716699894745,-251.093924055951,std,31.881739804752243,-7.875791145454468,both
6,0.02,0.02,fti_dchiMinus2v,0.0,fti_dchiMinus2v,1.6413967024377292,1.811091157746824e-06,1.1033841819330284e-06,True,processed,0.0,2.7066561786209377e-06,2.7066561786209377e-06,std,1.1320694487148974e-06,2.3908923447174373,both
6,0.02,0.02,fti_dchiMinus2v,0.0,inc,10.660326272228843,0.0302941350683432,0.0028417643414219,False,processed,1.0471975511965976,1.0741056714691306,0.0269081202725329,std,0.0028997548152474,9.279446707371568,both
6,0.02,0.02,fti_dchiMinus2v,0.0,lambda,-9.997536545224632,-0.0337423338721254,0.0033750648191671,False,processed,1.0,0.9692395628921912,-0.0307604371078087,std,0.0036403107534301,-8.449948147647502,both
6,0.02,0.02,fti_dchiMinus2v,0.0,phi,-29.336293397610444,-0.4418879612769366,0.0150628423055289,False,processed,0.7,0.280052374641959,-0.419947625358041,std,0.0144425190507153,-29.07717302524451,both
6,0.02,0.02,fti_dchiMinus2v,0.0,psi,-9.46868577236364,-0.0371437237884888,0.0039227961177992,False,processed,1.2,1.1668261552653454,-0.0331738447346545,std,0.0040692281286586,-8.152367890366802,both
6,0.02,0.02,fti_dchiMinus2v,0.0,q,-29.244819282392168,-0.1418098342011928,0.0048490583180513,False,processed,4.0,3.866864563853521,-0.1331354361464791,std,0.0045557135708689,-29.2238381705556,both
6,0.02,0.02,fti_dkappa_S,0.0,Deltat,10.38406947618538,1.0955213746412085,0.1055001969270001,False,processed,0.0,1.4448677985096583,1.4448677985096583,std,0.1170646244397506,12.342480108098622,both
6,0.02,0.02,fti_dkappa_S,0.0,Mchirp,-9.061316379516358,-37.30807847589995,4.117291231573932,False,processed,333021.2829607493,332980.09665635804,-41.18630439124536,std,4.011404981956857,-10.267301500721006,both
6,0.02,0.02,fti_dkappa_S,0.0,beta,-2.3096214459839497,-0.0039242214825472,0.001699075616643,False,processed,0.5235987755982988,0.5176163520821491,-0.0059824235161497,std,0.0018728597017531,-3.194272112614584,both
6,0.02,0.02,fti_dkappa_S,0.0,chiPN,-17.444675911988664,-0.0064298232220545,0.0003685837016688,False,processed,0.4461946902654867,0.4395770492333334,-0.0066176410321533,std,0.0003593801216909,-18.4140430500604,both
6,0.02,0.02,fti_dkappa_S,0.0,chim,-9.964612652157902,-0.026087944236228,0.0026180590402155,False,processed,0.3,0.2795026967201136,-0.0204973032798864,std,0.002499737430024,-8.199782518634093,both
6,0.02,0.02,fti_dkappa_S,0.0,dist,-9.83046600922501,-280.2453067630795,28.50783538645009,False,processed,6791.810623950696,6517.524213741792,-274.2864102089043,std,32.22641809492214,-8.511228564124012,both
6,0.02,0.02,fti_dkappa_S,0.0,fti_dkappa_S,-2.222107997611375,-0.0145926542068073,0.006567031945564,True,processed,0.0,-0.0182261842514687,-0.0182261842514687,std,0.007057252475674,-2.582617571681523,both
6,0.02,0.02,fti_dkappa_S,0.0,inc,10.851047828563756,0.0310668972625944,0.0028630320088365,False,processed,1.0471975511965976,1.0748262282506953,0.0276286770540976,std,0.0028969440294219,9.537180136549056,both
6,0.02,0.02,fti_dkappa_S,0.0,lambda,-10.14405964075356,-0.0344083120889517,0.0033919666590599,False,processed,1.0,0.9689990834543049,-0.0310009165456952,std,0.0036004396475565,-8.610314178362614,both
6,0.02,0.02,fti_dkappa_S,0.0,phi,-29.05647794752536,-0.4585310065165018,0.015780680898235,False,processed,0.7,0.2615592201926171,-0.4384407798073828,std,0.0149509191617843,-29.32533946996849,both
6,0.02,0.02,fti_dkappa_S,0.0,psi,-10.00281391474724,-0.0398121896759369,0.003980099001666,False,processed,1.2,1.163813284048461,-0.0361867159515389,std,0.0041072061020375,-8.810542995051325,both
6,0.02,0.02,fti_dkappa_S,0.0,q,-28.634909369576903,-0.1490509589663693,0.0052052184640307,False,processed,4.0,3.858825220196163,-0.1411747798038369,std,0.0048401512468662,-29.16743147132834,both
6,0.02,0.02,fti_dxi0v,0.0,Deltat,10.734847824242294,1.0268456556873389,0.0956553527818469,False,processed,0.0,1.2939391004124894,1.2939391004124894,std,0.1004116350976545,12.886346280030988,both
6,0.02,0.02,fti_dxi0v,0.0,Mchirp,-2.0822640756133803,-189.97153961697768,91.233163863242,False,processed,333021.2829607493,332885.1840872056,-136.09887354372768,std,91.6128367106862,-1.4855873743275585,both
6,0.02,0.02,fti_dxi0v,0.0,beta,-2.2110521591050234,-0.0037769588075668,0.0017082178690419,False,processed,0.5235987755982988,0.5184800544101035,-0.0051187211881953,std,0.0018634520576833,-2.7469025388069315,both
6,0.02,0.02,fti_dxi0v,0.0,chiPN,-22.80430151731704,-0.0069020160264163,0.0003026628998557,False,processed,0.4461946902654867,0.4390370755246533,-0.0071576147408334,std,0.0003043075532838,-23.520989418743586,both
6,0.02,0.02,fti_dxi0v,0.0,chim,-9.621740246121323,-0.0253983262130177,0.0026396811349439,False,processed,0.3,0.2812751964037785,-0.0187248035962214,std,0.0024838886277842,-7.538503694074715,both
6,0.02,0.02,fti_dxi0v,0.0,dist,-9.71028542082615,-273.4714217364417,28.163067292534308,False,processed,6791.810623950696,6531.360479197343,-260.450144753353,std,31.33016103409827,-8.313080308457124,both
6,0.02,0.02,fti_dxi0v,0.0,fti_dxi0v,-8.178112168680947,-0.0001810662474351,2.214034776003436e-05,True,processed,0.0,-0.0002062576310288,-0.0002062576310288,std,2.1764456920701667e-05,-9.476810369327524,both
6,0.02,0.02,fti_dxi0v,0.0,inc,10.458273014853065,0.0298518068980098,0.0028543725006617,False,processed,1.0471975511965976,1.073595357864214,0.0263978066676164,std,0.0028741121203622,9.184682281736828,both
6,0.02,0.02,fti_dxi0v,0.0,lambda,-9.736068745930892,-0.0330455020124431,0.0033941319514875,False,processed,1.0,0.9703153963086464,-0.0296846036913536,std,0.0035663414480564,-8.323545045730405,both
6,0.02,0.02,fti_dxi0v,0.0,phi,-28.77366066409192,-0.4557159817666196,0.0158379563548314,False,processed,0.7,0.2692259019258267,-0.4307740980741732,std,0.0152614077313439,-28.22636716463888,both
6,0.02,0.02,fti_dxi0v,0.0,psi,-9.819061361942136,-0.0382484139180447,0.0038953228326174,False,processed,1.2,1.1659082418633375,-0.0340917581366622,std,0.0039691400611071,-8.589205120454444,both
6,0.02,0.02,fti_dxi0v,0.0,q,-30.823857256763475,-0.1439802431222601,0.0046710650754349,False,processed,4.0,3.864415728534208,-0.1355842714657917,std,0.0044245727014655,-30.64347240150036,both
