active_fti_run,posterior_source,number_of_parameters,png_file,pdf_file
fti_dchi0v,processed,12,/pbs/home/a/amahdi/PE_for_my_work/config_files/M1e6_SEOBv5_id_1/cv_posterior_violin_plots/per_fti_run/fti_dchi0v_posterior_violin_cv_bias_inj_id_1.png,/pbs/home/a/amahdi/PE_for_my_work/config_files/M1e6_SEOBv5_id_1/cv_posterior_violin_plots/per_fti_run/fti_dchi0v_posterior_violin_cv_bias_inj_id_1.pdf
fti_dchi1v,processed,12,/pbs/home/a/amahdi/PE_for_my_work/config_files/M1e6_SEOBv5_id_1/cv_posterior_violin_plots/per_fti_run/fti_dchi1v_posterior_violin_cv_bias_inj_id_1.png,/pbs/home/a/amahdi/PE_for_my_work/config_files/M1e6_SEOBv5_id_1/cv_posterior_violin_plots/per_fti_run/fti_dchi1v_posterior_violin_cv_bias_inj_id_1.pdf
fti_dchi2v,processed,12,/pbs/home/a/amahdi/PE_for_my_work/config_files/M1e6_SEOBv5_id_1/cv_posterior_violin_plots/per_fti_run/fti_dchi2v_posterior_violin_cv_bias_inj_id_1.png,/pbs/home/a/amahdi/PE_for_my_work/config_files/M1e6_SEOBv5_id_1/cv_posterior_violin_plots/per_fti_run/fti_dchi2v_posterior_violin_cv_bias_inj_id_1.pdf
fti_dchi3v,processed,12,/pbs/home/a/amahdi/PE_for_my_work/config_files/M1e6_SEOBv5_id_1/cv_posterior_violin_plots/per_fti_run/fti_dchi3v_posterior_violin_cv_bias_inj_id_1.png,/pbs/home/a/amahdi/PE_for_my_work/config_files/M1e6_SEOBv5_id_1/cv_posterior_violin_plots/per_fti_run/fti_dchi3v_posterior_violin_cv_bias_inj_id_1.pdf
fti_dchi4v,processed,12,/pbs/home/a/amahdi/PE_for_my_work/config_files/M1e6_SEOBv5_id_1/cv_posterior_violin_plots/per_fti_run/fti_dchi4v_posterior_violin_cv_bias_inj_id_1.png,/pbs/home/a/amahdi/PE_for_my_work/config_files/M1e6_SEOBv5_id_1/cv_posterior_violin_plots/per_fti_run/fti_dchi4v_posterior_violin_cv_bias_inj_id_1.pdf
fti_dchi5lv,processed,12,/pbs/home/a/amahdi/PE_for_my_work/config_files/M1e6_SEOBv5_id_1/cv_posterior_violin_plots/per_fti_run/fti_dchi5lv_posterior_violin_cv_bias_inj_id_1.png,/pbs/home/a/amahdi/PE_for_my_work/config_files/M1e6_SEOBv5_id_1/cv_posterior_violin_plots/per_fti_run/fti_dchi5lv_posterior_violin_cv_bias_inj_id_1.pdf
fti_dchi6lv,processed,12,/pbs/home/a/amahdi/PE_for_my_work/config_files/M1e6_SEOBv5_id_1/cv_posterior_violin_plots/per_fti_run/fti_dchi6lv_posterior_violin_cv_bias_inj_id_1.png,/pbs/home/a/amahdi/PE_for_my_work/config_files/M1e6_SEOBv5_id_1/cv_posterior_violin_plots/per_fti_run/fti_dchi6lv_posterior_violin_cv_bias_inj_id_1.pdf
fti_dchi6v,processed,12,/pbs/home/a/amahdi/PE_for_my_work/config_files/M1e6_SEOBv5_id_1/cv_posterior_violin_plots/per_fti_run/fti_dchi6v_posterior_violin_cv_bias_inj_id_1.png,/pbs/home/a/amahdi/PE_for_my_work/config_files/M1e6_SEOBv5_id_1/cv_posterior_violin_plots/per_fti_run/fti_dchi6v_posterior_violin_cv_bias_inj_id_1.pdf
fti_dchi7v,processed,12,/pbs/home/a/amahdi/PE_for_my_work/config_files/M1e6_SEOBv5_id_1/cv_posterior_violin_plots/per_fti_run/fti_dchi7v_posterior_violin_cv_bias_inj_id_1.png,/pbs/home/a/amahdi/PE_for_my_work/config_files/M1e6_SEOBv5_id_1/cv_posterior_violin_plots/per_fti_run/fti_dchi7v_posterior_violin_cv_bias_inj_id_1.pdf
fti_dchiMinus2v,processed,12,/pbs/home/a/amahdi/PE_for_my_work/config_files/M1e6_SEOBv5_id_1/cv_posterior_violin_plots/per_fti_run/fti_dchiMinus2v_posterior_violin_cv_bias_inj_id_1.png,/pbs/home/a/amahdi/PE_for_my_work/config_files/M1e6_SEOBv5_id_1/cv_posterior_violin_plots/per_fti_run/fti_dchiMinus2v_posterior_violin_cv_bias_inj_id_1.pdf
fti_dkappa_S,processed,12,/pbs/home/a/amahdi/PE_for_my_work/config_files/M1e6_SEOBv5_id_1/cv_posterior_violin_plots/per_fti_run/fti_dkappa_S_posterior_violin_cv_bias_inj_id_1.png,/pbs/home/a/amahdi/PE_for_my_work/config_files/M1e6_SEOBv5_id_1/cv_posterior_violin_plots/per_fti_run/fti_dkappa_S_posterior_violin_cv_bias_inj_id_1.pdf
fti_dxi0v,processed,12,/pbs/home/a/amahdi/PE_for_my_work/config_files/M1e6_SEOBv5_id_1/cv_posterior_violin_plots/per_fti_run/fti_dxi0v_posterior_violin_cv_bias_inj_id_1.png,/pbs/home/a/amahdi/PE_for_my_work/config_files/M1e6_SEOBv5_id_1/cv_posterior_violin_plots/per_fti_run/fti_dxi0v_posterior_violin_cv_bias_inj_id_1.pdf
