inj_id,active_fti_run,parameter,posterior_source,reference_mode,reference_value,sigma_CV,CV_delta_theta,CV_bias_over_sigma,number_of_posterior_samples,PE_mean_over_sigma_CV,PE_median_over_sigma_CV,PE_q05_over_sigma_CV,PE_q16_over_sigma_CV,PE_q84_over_sigma_CV,PE_q95_over_sigma_CV,PE_median_minus_CV,raw_burnin_used,raw_burnin_reason,absolute_PE_median_minus_CV
1,fti_dchiMinus2v,Deltat,processed,truth,-0.4506218604171057,0.0900663084903823,0.5223830265977227,5.799982650043942,40000,11.567133284774123,11.563947863081804,9.899431019370468,10.557634865957832,12.578594169463297,13.269481149742495,5.763965213037862,0,processed posterior,5.763965213037862
1,fti_dchi1v,Deltat,processed,truth,-0.4506218604171057,0.0927240512303411,0.5143843571723181,5.547475011575008,40000,11.137782651486184,11.1459592482998,9.461437253245412,10.095648310895594,12.160063562364304,12.814910922158859,5.598484236724792,0,processed posterior,5.598484236724792
1,fti_dchi2v,Deltat,processed,truth,-0.4506218604171057,0.0946172277945305,0.5201656083444846,5.49757819447077,40000,11.042961052792645,11.039623513346733,9.31322929143654,10.002834283000164,12.090059683830576,12.792575127227503,5.542045318875963,0,processed posterior,5.542045318875963
1,fti_dchi0v,Deltat,processed,truth,-0.4506218604171057,0.0954887703526909,0.5366418068932575,5.619946773962565,35584,11.15530075334744,11.15491802904381,9.453459078299106,10.147185088985562,12.1678646243598,12.854535908829842,5.534971255081245,0,processed posterior,5.534971255081245
1,fti_dxi0v,Deltat,processed,truth,-0.4506218604171057,0.0956553527818469,0.5377032431938744,5.621256182287769,35584,11.138594794824675,11.1357157434771,9.417349005710419,10.09013088578696,12.187719069807507,12.870853988545202,5.514459561189331,0,processed posterior,5.514459561189331
1,fti_dchi3v,Deltat,processed,truth,-0.4506218604171057,0.0978446207690902,0.5348064161251784,5.465874484682223,40000,10.903957319316076,10.901725847017936,9.190904019141877,9.859930124815302,11.946173276368947,12.627401858394363,5.435851362335713,0,processed posterior,5.435851362335713
1,fti_dchi4v,Deltat,processed,truth,-0.4506218604171057,0.1017589956790084,0.5576117535535943,5.479729333341117,40000,10.800602722269986,10.797008111869218,9.061235752895254,9.750974239919637,11.860129090017278,12.567177796103996,5.317278778528101,0,processed posterior,5.317278778528101
1,fti_dchi6lv,Deltat,processed,truth,-0.4506218604171057,0.1028866095154607,0.5667552698827194,5.508542584422062,35584,10.79449540517099,10.798385152804741,9.02815172291044,9.73298460952567,11.866916245764328,12.545315095880444,5.289842568382679,0,processed posterior,5.289842568382679
1,fti_dchi5lv,Deltat,processed,truth,-0.4506218604171057,0.1054921627200248,0.5838457798847898,5.534494362716887,35584,10.734633247986556,10.730566972128702,8.954157344914524,9.658796449368962,11.81335798051388,12.500037575232087,5.196072609411815,0,processed posterior,5.196072609411815
1,fti_dkappa_S,Deltat,processed,truth,-0.4506218604171057,0.1055001969270001,0.5831704214173854,5.52767140160795,35584,10.726621853586424,10.710604336628219,9.01086688291973,9.678453881710134,11.788145350024253,12.491658545074289,5.182932935020268,0,processed posterior,5.182932935020268
1,fti_dchi6v,Deltat,processed,truth,-0.4506218604171057,0.1084282202343722,0.6079297920241231,5.6067487846803825,35584,10.753955138758373,10.748139311399143,9.039358475377167,9.701483906800805,11.807114152995343,12.492763058110882,5.1413905267187605,0,processed posterior,5.1413905267187605
1,fti_dchi7v,Deltat,processed,truth,-0.4506218604171057,0.1104254319885911,0.6267799096303719,5.6760467072035485,40000,10.72970913661193,10.726112398110322,9.026052502648318,9.685603754361164,11.772252791115122,12.432619089920294,5.050065690906774,0,processed posterior,5.050065690906774
1,fti_dchi0v,chim,processed,truth,0.30000000000000004,0.0026292981265548,-0.010801327453486,-4.108064941132828,35584,-3.413416833600417,-3.420650506916594,-5.001440002977219,-4.379255344662178,-2.4351930241896023,-1.821961217920202,0.6874144342162345,0,processed posterior,0.6874144342162345
1,fti_dchiMinus2v,chim,processed,truth,0.30000000000000004,0.0027060957657351,-0.0084582081088308,-3.12561300155361,40000,-2.440085913270142,-2.4519498039683505,-4.082150364831068,-3.429335334395725,-1.4300288225408162,-0.7541760330372894,0.6736631975852596,0,processed posterior,0.6736631975852596
1,fti_dxi0v,chim,processed,truth,0.30000000000000004,0.0026396811349439,-0.0108445248472668,-4.108270769415213,35584,-3.4353366951664475,-3.4424800411711503,-5.048563166152006,-4.4158059744470215,-2.4494523601314055,-1.8140159182739655,0.6657907282440632,0,processed posterior,0.6657907282440632
1,fti_dchi6v,chim,processed,truth,0.30000000000000004,0.0024764909732331,-0.0115640846190879,-4.669544425591342,35584,-4.053434638147488,-4.051901502307252,-5.6885927814214465,-5.03872537353469,-3.075971409101374,-2.4541573515179493,0.6176429232840901,0,processed posterior,0.6176429232840901
1,fti_dchi7v,chim,processed,truth,0.30000000000000004,0.002372844382388,-0.0113083086681406,-4.765718625323446,40000,-4.154912623622914,-4.151929654338165,-5.726273939891237,-5.119493895758192,-3.211701656392571,-2.588276424379355,0.6137889709852811,0,processed posterior,0.6137889709852811
1,fti_dchi0v,q,processed,truth,4.0,0.0046710177848325,-0.0709868113048357,-15.197289878737049,35584,-14.599644689540701,-14.596105503633966,-16.194898928995343,-15.550646714142813,-13.644447372471962,-13.015990706178973,0.6011843751030828,0,processed posterior,0.6011843751030828
1,fti_dchi2v,chim,processed,truth,0.30000000000000004,0.0029399545444165,-0.0101282224819513,-3.4450268971629536,40000,-2.8346217135058547,-2.8467911679591493,-4.455066963120282,-3.8155859184853154,-1.8329084748014404,-1.1973494134934477,0.5982357292038043,0,processed posterior,0.5982357292038043
1,fti_dchi4v,chim,processed,truth,0.30000000000000004,0.0027584155062403,-0.0113452317484937,-4.112952426067662,40000,-3.508654897499879,-3.515934985750368,-5.069532631731197,-4.469627895968236,-2.551140150936752,-1.917970214669954,0.5970174403172939,0,processed posterior,0.5970174403172939
1,fti_dchi6lv,chim,processed,truth,0.30000000000000004,0.0027032664451413,-0.0114820807574169,-4.247483920075341,35584,-3.651753892427378,-3.652034899754091,-5.218230562298171,-4.616749055478761,-2.6962019122959964,-2.0602923758464793,0.5954490203212504,0,processed posterior,0.5954490203212504
1,fti_dchi1v,chim,processed,truth,0.30000000000000004,0.0029410395875522,-0.0096630824999354,-3.2856009626099234,40000,-2.6729106743766087,-2.693346589402211,-4.229022688950572,-3.620531232149672,-1.7055267603479658,-1.0388150572559949,0.5922543732077123,0,processed posterior,0.5922543732077123
1,fti_dchi5lv,chim,processed,truth,0.30000000000000004,0.0026125155051332,-0.0116096823336523,-4.443871169698713,35584,-3.8430725921602806,-3.852880777976363,-5.384691838483524,-4.779944671238682,-2.8929487011081796,-2.279856985040391,0.5909903917223502,0,processed posterior,0.5909903917223502
1,fti_dchi1v,q,processed,truth,4.0,0.0049560728897673,-0.0706454470135029,-14.254319616517963,40000,-13.661573092436461,-13.665109906880616,-15.211411919362305,-14.604169870058822,-12.716653421238382,-12.102295588245035,0.5892097096373465,0,processed posterior,0.5892097096373465
1,fti_dxi0v,q,processed,truth,4.0,0.0046710650754349,-0.0709925740747174,-15.198369735430765,35584,-14.610048622316025,-14.613230314853242,-16.181970654770563,-15.574293742003071,-13.643686082265347,-13.010884286425762,0.5851394205775229,0,processed posterior,0.5851394205775229
1,fti_dchiMinus2v,q,processed,truth,4.0,0.0048490583180513,-0.0696035318569114,-14.354030678039585,40000,-13.771334145759102,-13.775520559166878,-15.360960760619138,-14.7308296804149,-12.79878318901362,-12.183218131202352,0.5785101188727069,0,processed posterior,0.5785101188727069
1,fti_dchi2v,q,processed,truth,4.0,0.005083214399659,-0.071068011018093,-13.980919440041815,40000,-13.403466326980782,-13.410591302123727,-15.002149507009225,-14.354152326390835,-12.445905080382738,-11.808648822103171,0.5703281379180876,0,processed posterior,0.5703281379180876
1,fti_dchi3v,chim,processed,truth,0.30000000000000004,0.0028774203775682,-0.0107886769185504,-3.7494267444050893,40000,-3.1653766645844046,-3.1853924346502542,-4.744884461182856,-4.1303771047489075,-2.193376394464671,-1.5436735830701436,0.564034309754835,0,processed posterior,0.564034309754835
1,fti_dchi3v,q,processed,truth,4.0,0.0051713319693557,-0.0719007685821422,-13.903723258961532,40000,-13.340415582539677,-13.341645009763408,-14.907867511421065,-14.285722295736116,-12.389301311434952,-11.787544447874298,0.5620782491981249,0,processed posterior,0.5620782491981249
1,fti_dkappa_S,chim,processed,truth,0.30000000000000004,0.0026180590402155,-0.011605714018288,-4.4329458732652185,35584,-3.8761084503343235,-3.8812629482795833,-5.432781634278066,-4.822633946742747,-2.9366562389806816,-2.2924902695826197,0.5516829249856352,0,processed posterior,0.5516829249856352
1,fti_dchi4v,q,processed,truth,4.0,0.0052128834404755,-0.0728679246054158,-13.978429680516522,40000,-13.438506549910104,-13.445985543419368,-14.990605760607073,-14.366276655882848,-12.506098038763618,-11.873282194579842,0.5324441370971531,0,processed posterior,0.5324441370971531
1,fti_dchi6lv,q,processed,truth,4.0,0.0052147096948477,-0.0732065999247293,-14.038480415709387,35584,-13.508998177132224,-13.508591593902619,-15.060959001750577,-14.445858237098465,-12.57257949992232,-11.947206485283338,0.5298888218067681,0,processed posterior,0.5298888218067681
1,fti_dkappa_S,q,processed,truth,4.0,0.0052052184640307,-0.0736629842849594,-14.151756510123096,35584,-13.642699916349743,-13.63620073610857,-15.200400303613726,-14.59433421187102,-12.700974413467954,-12.089460320661528,0.5155557740145262,0,processed posterior,0.5155557740145262
1,fti_dchi0v,phi,processed,truth,0.7,0.015802145109868,-0.2235556277992785,-14.147169656078797,35584,-13.634311711208628,-13.63503468817879,-15.249330827545256,-14.596751205592781,-12.6764537594286,-12.013892174146962,0.5121349679000069,0,processed posterior,0.5121349679000069
1,fti_dxi0v,phi,processed,truth,0.7,0.0158379563548314,-0.223749918183282,-14.127448843172663,35584,-13.61765800109756,-13.623508778295001,-15.22112320264511,-14.590897479572147,-12.635355517103998,-11.990512797266296,0.5039400648776624,0,processed posterior,0.5039400648776624
1,fti_dchi1v,phi,processed,truth,0.7,0.0157468507151241,-0.2194031795119873,-13.93314660062542,40000,-13.42498368890553,-13.430445266486826,-14.997467275769532,-14.379051217124807,-12.473452532993141,-11.855438582038554,0.5027013341385942,0,processed posterior,0.5027013341385942
1,fti_dchi5lv,q,processed,truth,4.0,0.0052047433309358,-0.0736906568429058,-14.158365198319279,35584,-13.647694573523196,-13.657788129275135,-15.210102400557565,-14.591389812285465,-12.7014528319332,-12.067938787096816,0.5005770690441445,0,processed posterior,0.5005770690441445
1,fti_dchi6v,q,processed,truth,4.0,0.0051606021664515,-0.0742113131476283,-14.380359259248422,35584,-13.903551541316842,-13.885725735116335,-15.488608104263953,-14.860415573317454,-12.964048560869305,-12.32960263129014,0.4946335241320874,0,processed posterior,0.4946335241320874
1,fti_dchi3v,phi,processed,truth,0.7,0.0159041669560069,-0.222891814535215,-14.014680250261723,40000,-13.527161324809507,-13.52524112348706,-15.111176210333207,-14.486249104872021,-12.56597300184439,-11.96874035406597,0.4894391267746627,0,processed posterior,0.4894391267746627
1,fti_dchi2v,phi,processed,truth,0.7,0.0158357221881577,-0.2207309738493386,-13.938800594418488,40000,-13.44156151183702,-13.449685425979244,-15.075254789935013,-14.408565477565482,-12.469771760430383,-11.828228478208667,0.48911516843924474,0,processed posterior,0.48911516843924474
1,fti_dchiMinus2v,phi,processed,truth,0.7,0.0150628423055289,-0.217570438570549,-14.444182190680477,40000,-13.953424703506048,-13.95558441833128,-15.564599667447064,-14.920321657679754,-12.980933672538999,-12.344171307591669,0.48859777234919655,0,processed posterior,0.48859777234919655
1,fti_dchi7v,q,processed,truth,4.0,0.005099935892578,-0.0744328501632236,-14.594859961190227,40000,-14.120549225482263,-14.122152464652437,-15.679987016591019,-15.068475944987636,-13.165971081101857,-12.556480872197492,0.4727074965377902,0,processed posterior,0.4727074965377902
1,fti_dchi4v,phi,processed,truth,0.7,0.0158855549418046,-0.2251754064336211,-14.174853019521972,40000,-13.707486860646101,-13.71019278267555,-15.279946336998124,-14.648562293396443,-12.767960447123688,-12.126603502484345,0.4646602368464219,0,processed posterior,0.4646602368464219
1,fti_dchi6lv,phi,processed,truth,0.7,0.0158559601342261,-0.2259280394292089,-14.2487769593674,35584,-13.792274832082036,-13.786506186812652,-15.366037104696881,-14.739316534104347,-12.845695688244517,-12.19981609769533,0.46227077255474747,0,processed posterior,0.46227077255474747
1,fti_dkappa_S,phi,processed,truth,0.7,0.015780680898235,-0.2268548004480788,-14.375476059049614,35584,-13.925103608647534,-13.9175543691135,-15.51459026356144,-14.894011785042574,-12.973191357863211,-12.344021089394078,0.45792168993611426,0,processed posterior,0.45792168993611426
1,fti_dchi6v,phi,processed,truth,0.7,0.0156158965986705,-0.2277848070347392,-14.586726134837,35584,-14.1661747613999,-14.15387270862071,-15.761395148397744,-15.131416375236874,-13.221430515181044,-12.581473776715852,0.4328534262162904,0,processed posterior,0.4328534262162904
1,fti_dchi7v,phi,processed,truth,0.7,0.0154463897664206,-0.2278947393347579,-14.753916143575863,40000,-14.321398592106014,-14.32148634074925,-15.904908169685616,-15.28384352322055,-13.355646644142896,-12.7343726366535,0.43242980282661314,0,processed posterior,0.43242980282661314
1,fti_dchi5lv,phi,processed,truth,0.7,0.0157767229000197,-0.2269099858186525,-14.382580416517877,35584,-13.942028691388447,-13.956462424631631,-15.522432162875091,-14.897196795306035,-12.981942000800073,-12.334570629601695,0.42611799188624566,0,processed posterior,0.42611799188624566
1,fti_dchi6lv,inc,processed,truth,1.0471975511965976,0.002858617645396,0.0146202526703116,5.114448479620393,35584,4.795904038471236,4.7862401419377285,3.148602707187241,3.8040114418362427,5.8082644861362684,6.450716804312616,-0.3282083376826641,0,processed posterior,0.3282083376826641
1,fti_dchi2v,inc,processed,truth,1.0471975511965976,0.002844241315311,0.0143278038632963,5.037478285041241,40000,4.711494460840203,4.714481420410081,3.044487914011546,3.721726065435299,5.707014499053234,6.359814294124954,-0.3229968646311603,0,processed posterior,0.3229968646311603
1,fti_dchi4v,inc,processed,truth,1.0471975511965976,0.0028560069028091,0.0145549644800738,5.096263761042694,40000,4.773259829198598,4.774756219657105,3.1543540044761866,3.784782897383169,5.748305276053581,6.391859981453809,-0.32150754138558924,0,processed posterior,0.32150754138558924
1,fti_dchi1v,inc,processed,truth,1.0471975511965976,0.0028418537319665,0.0143180547516333,5.038279975699355,40000,4.724893608262968,4.721708610821953,3.083888616368723,3.7223171071005283,5.727038934237541,6.383676796229455,-0.3165713648774027,0,processed posterior,0.3165713648774027
1,fti_dchi7v,fti_dchi7v,processed,truth,0.0,0.0027002036130874,0.004553775695689,1.6864564115156615,40000,1.9818742598642711,1.987521706673237,0.24176745858794543,0.9561438102040593,2.9988708207142354,3.6826390895146406,0.3010652951575754,0,processed posterior,0.3010652951575754
1,fti_dxi0v,inc,processed,truth,1.0471975511965976,0.0028543725006617,0.0141683122043192,4.963722219519248,35584,4.668890777725755,4.672423472718126,2.9976356172919187,3.656709618988809,5.673995689301096,6.339564482921792,-0.29129874680112167,0,processed posterior,0.29129874680112167
1,fti_dchi6v,beta,processed,truth,0.5235987755982988,0.0016806496525572,-0.0018768553735623,-1.1167439749900059,35584,-1.4005457308017484,-1.40603002109557,-3.12006079778755,-2.4488120220084038,-0.34564895055062034,0.3453632146906692,-0.2892860461055642,0,processed posterior,0.2892860461055642
1,fti_dchi6lv,lambda,processed,truth,1.0,0.0033872927772446,-0.0160955940696195,-4.751757562188791,35584,-4.491773241432236,-4.462908033803883,-6.205535348695911,-5.527493142522281,-3.4729218601412204,-2.831272953940757,0.2888495283849082,0,processed posterior,0.2888495283849082
1,fti_dchiMinus2v,Mchirp,processed,truth,333021.2829607493,14.84524099265963,-36.139611833053095,-2.4344240589238444,40000,-2.7170774735892045,-2.718452125212631,-4.410308260777938,-3.7348757012781597,-1.694316755263464,-1.023283864023678,-0.28402806628878663,0,processed posterior,0.28402806628878663
1,fti_dchi1v,psi,processed,truth,1.2,0.0039477149298509,-0.0176849932461697,-4.479805041758078,40000,-4.206049074387982,-4.1966286920680504,-5.890488951328973,-5.230397521059835,-3.1983433808838577,-2.542532974409925,0.28317634969002725,0,processed posterior,0.28317634969002725
1,fti_dchi2v,psi,processed,truth,1.2,0.0039674088692527,-0.0178530230217796,-4.499920126745694,40000,-4.219663869766744,-4.216795905659023,-5.8805537315210925,-5.236207346354394,-3.2078240648221246,-2.545474929618727,0.28312422108667157,0,processed posterior,0.28312422108667157
1,fti_dchi3v,inc,processed,truth,1.0471975511965976,0.0028491779212912,0.0144078123654624,5.056831396100746,40000,4.763512906562142,4.774104717440434,3.0611740260888913,3.755489035405706,5.779089576146706,6.426116585592647,-0.2827266786603122,0,processed posterior,0.2827266786603122
1,fti_dchi5lv,beta,processed,truth,0.5235987755982988,0.0016984264141273,-0.0019003192578408,-1.1188705274683557,35584,-1.3950916691561275,-1.3992094180958012,-3.1160969300748924,-2.4272064614617785,-0.3670097295963759,0.3077116409044152,-0.28033889062744555,0,processed posterior,0.28033889062744555
1,fti_dchiMinus2v,inc,processed,truth,1.0471975511965976,0.0028417643414219,0.0143234171080703,5.040325441237489,40000,4.764363490457641,4.760660228753329,3.1144668734655494,3.774680755389628,5.753986474820435,6.419801772915023,-0.27966521248416054,0,processed posterior,0.27966521248416054
1,fti_dkappa_S,inc,processed,truth,1.0471975511965976,0.0028630320088365,0.0147294261188515,5.144694880598752,35584,4.871128632657142,4.870133591751449,3.2085240895134923,3.859666959577634,5.885488942329533,6.534556003714902,-0.2745612888473028,0,processed posterior,0.2745612888473028
1,fti_dchi0v,inc,processed,truth,1.0471975511965976,0.0028544198654446,0.0141731586019433,4.965337711358631,35584,4.6935159766292545,4.693936707073045,3.07307900635688,3.707242486871284,5.678927061861066,6.311390008168726,-0.2714010042855852,0,processed posterior,0.2714010042855852
1,fti_dchi6lv,psi,processed,truth,1.2,0.003983430200321,-0.0186364763981824,-4.678499549629513,35584,-4.418684815029745,-4.408849641213724,-6.081674082245182,-5.422626274664311,-3.4169410336789876,-2.762004644328618,0.26964990841578906,0,processed posterior,0.26964990841578906
1,fti_dchi4v,lambda,processed,truth,1.0,0.0033846322391376,-0.0160266396097974,-4.735119941385705,40000,-4.47335140249949,-4.46615210066097,-6.130412366628799,-5.485379558763574,-3.4699627308495034,-2.831329958131772,0.26896784072473423,0,processed posterior,0.26896784072473423
1,fti_dchi7v,beta,processed,truth,0.5235987755982988,0.0016680761477674,-0.0017916532593846,-1.074083615296939,40000,-1.3388872952884445,-1.3429418010471605,-3.076413860004705,-2.4093103120688006,-0.2727958647178173,0.40891978827162506,-0.26885818575022147,0,processed posterior,0.26885818575022147
1,fti_dchi6v,inc,processed,truth,1.0471975511965976,0.0028695075076893,0.014908818181433,5.195601733566634,35584,4.937123126132157,4.93180983956877,3.3001109474681423,3.936849814220513,5.938759999153399,6.603851628822175,-0.2637918939978636,0,processed posterior,0.2637918939978636
1,fti_dchi5lv,inc,processed,truth,1.0471975511965976,0.0028632601191578,0.0147360228906522,5.146588950146331,35584,4.88383456689017,4.884039686294411,3.2565324674952167,3.8818895700065332,5.8857824340812686,6.5371759637032785,-0.2625492638519198,0,processed posterior,0.2625492638519198
1,fti_dchi4v,psi,processed,truth,1.2,0.0039844399349128,-0.0185172281931258,-4.6473854533161765,40000,-4.378068350386994,-4.385635610343526,-5.995408960627649,-5.3638067578741655,-3.3881759064600594,-2.7247287378166853,0.2617498429726508,0,processed posterior,0.2617498429726508
1,fti_dchi6v,fti_dchi6v,processed,truth,0.0,0.006276825182076,-0.0092436606912913,-1.4726649895694637,35584,-1.7310226803704518,-1.7311981206634235,-3.47307027967513,-2.788995510840499,-0.6755868370774837,0.018883398304585224,-0.2585331310939598,0,processed posterior,0.2585331310939598
1,fti_dchi7v,inc,processed,truth,1.0471975511965976,0.0028741207395838,0.0150478801531414,5.23564648690454,40000,4.970775484809634,4.978473754962839,3.289341766070764,3.957404345972078,5.980754349736484,6.651757647652631,-0.25717273194170076,0,processed posterior,0.25717273194170076
1,fti_dchi0v,psi,processed,truth,1.2,0.0038947217840362,-0.0179080053470617,-4.598019150036225,35584,-4.350471919573176,-4.346244315372672,-6.0163060437520945,-5.3624430025888685,-3.3366284320787494,-2.6910961792968684,0.25177483466355266,0,processed posterior,0.25177483466355266
1,fti_dchi1v,lambda,processed,truth,1.0,0.0033749148979448,-0.0158237531146553,-4.688637667365001,40000,-4.452141164636334,-4.4388683134354885,-6.182978150474393,-5.486522205330428,-3.4230977160081695,-2.77194069142435,0.24976935392951294,0,processed posterior,0.24976935392951294
1,fti_dxi0v,fti_dxi0v,processed,truth,0.0,2.214034776003436e-05,-9.99466627957038e-05,-4.514231839488898,35584,-4.756160804463506,-4.7575220064025245,-6.3867902586199925,-5.734866683927783,-3.765080807728353,-3.1319858701895322,-0.24329016691362693,0,processed posterior,0.24329016691362693
1,fti_dchi2v,lambda,processed,truth,1.0,0.0033750842022982,-0.0158163319330257,-4.686203657454196,40000,-4.443057106822286,-4.442962747935515,-6.137319389707982,-5.462491738658201,-3.4123895321711966,-2.731651136492252,0.24324090951868094,0,processed posterior,0.24324090951868094
1,fti_dxi0v,psi,processed,truth,1.2,0.0038953228326174,-0.0179226695485053,-4.601074241762511,35584,-4.340465126532298,-4.357850482430797,-6.012254169097886,-5.345757054518541,-3.318561590136932,-2.638456630736387,0.24322375933171436,0,processed posterior,0.24322375933171436
1,fti_dkappa_S,beta,processed,truth,0.5235987755982988,0.001699075616643,-0.001898979690057,-1.1176546066907642,35584,-1.3574289181999866,-1.3603032861402347,-3.0763925656575215,-2.393372455915991,-0.3230712900263129,0.3704115259151166,-0.24264867944947044,0,processed posterior,0.24264867944947044
1,fti_dchi4v,Mchirp,processed,truth,333021.2829607493,4.028502792964115,-21.07836721816807,-5.232307956936752,40000,-5.471190139815006,-5.466836386389471,-7.078534474398927,-6.429824743683817,-4.515368854039061,-3.8727775009215644,-0.23452842945271968,0,processed posterior,0.23452842945271968
1,fti_dchi3v,psi,processed,truth,1.2,0.0039802565869914,-0.0181660257939066,-4.564033849797094,40000,-4.325738287928027,-4.330275591271367,-5.9795873699036335,-5.340463859049786,-3.317647413942447,-2.6512349658106893,0.23375825852572696,0,processed posterior,0.23375825852572696
1,fti_dchiMinus2v,psi,processed,truth,1.2,0.0039227961177992,-0.017295915129094,-4.409078272157948,40000,-4.1728803076431875,-4.175411487067064,-5.818106528142661,-5.180273886182887,-3.168887704730231,-2.5076087543524777,0.23366678509088334,0,processed posterior,0.23366678509088334
1,fti_dchiMinus2v,fti_dchiMinus2v,processed,truth,0.0,1.1033841819330284e-06,1.1667985462982954e-06,1.0574726060094235,40000,1.29171645249822,1.2878303907405086,-0.40651079413638486,0.2728752549089727,2.3145220656771652,2.9968260299575813,0.23035778473108515,0,processed posterior,0.23035778473108515
1,fti_dxi0v,lambda,processed,truth,1.0,0.0033941319514875,-0.0156037138616315,-4.597262005324535,35584,-4.376325390344483,-4.3669870996718565,-6.128779061733006,-5.417556736017297,-3.3335828871380433,-2.6517180251465486,0.23027490565267872,0,processed posterior,0.23027490565267872
1,fti_dchi6lv,beta,processed,truth,0.5235987755982988,0.0017112087949789,-0.001869206097156,-1.0923308147087032,35584,-1.315923015973289,-1.3217538123945967,-3.015406656635248,-2.3620500214145657,-0.2688920828536979,0.4174979162030695,-0.22942299768589347,0,processed posterior,0.22942299768589347
1,fti_dchiMinus2v,chiPN,processed,truth,0.44619469026548675,0.0003610867818136,-0.0037570138858066,-10.404739456084668,40000,-10.643037796231292,-10.6324912887335,-12.305812811473114,-11.655548794115935,-9.636182683725334,-8.981872495276567,-0.22775183264883125,0,processed posterior,0.22775183264883125
1,fti_dkappa_S,psi,processed,truth,1.2,0.003980099001666,-0.0187948240864229,-4.722200145914893,35584,-4.498665321222255,-4.496436698374202,-6.211675917075248,-5.520767285144846,-3.479847878228222,-2.799456686343416,0.22576344754069044,0,processed posterior,0.22576344754069044
1,fti_dchi4v,beta,processed,truth,0.5235987755982988,0.0017187883127267,-0.0018307340553705,-1.0651306166180572,40000,-1.2929610020818134,-1.2900164999356547,-3.0209801196207993,-2.344274826788775,-0.24883723942273928,0.43287029157038365,-0.2248858833175975,0,processed posterior,0.2248858833175975
1,fti_dchi7v,psi,processed,truth,1.2,0.0039574591557635,-0.0190330820996349,-4.809419718688899,40000,-4.598483629614729,-4.588581818357758,-6.281634240845738,-5.618013487949978,-3.585852858972891,-2.9388740038651044,0.2208379003311407,0,processed posterior,0.2208379003311407
1,fti_dchi5lv,Mchirp,processed,truth,333021.2829607493,4.172422373681311,-19.745690545287744,-4.732428497613055,35584,-4.9437702582522345,-4.953227959574674,-6.567773714957011,-5.92632027794721,-3.95750017299278,-3.3055248566448547,-0.2207994619616187,0,processed posterior,0.2207994619616187
1,fti_dchi6lv,Mchirp,processed,truth,333021.2829607493,4.116291575340156,-20.216133396217856,-4.911249124655914,35584,-5.116996471876328,-5.131348426190057,-6.752382792105382,-6.11336355925003,-4.111689489168624,-3.4794195286616363,-0.2200993015341428,0,processed posterior,0.2200993015341428
1,fti_dchi6v,lambda,processed,truth,1.0,0.0033995830200847,-0.0164201585800376,-4.830050768881795,35584,-4.629050213175816,-4.6115464667140555,-6.347289972615158,-5.653246488233573,-3.6120984298336523,-2.9432991139578064,0.21850430216773908,0,processed posterior,0.21850430216773908
1,fti_dkappa_S,lambda,processed,truth,1.0,0.0033919666590599,-0.0162146572576546,-4.780311508766,35584,-4.5712801034869015,-4.562149642231207,-6.297654438126848,-5.609946979824688,-3.539264542266927,-2.8705991343983652,0.21816186653479352,0,processed posterior,0.21816186653479352
1,fti_dchi5lv,lambda,processed,truth,1.0,0.0033922306526047,-0.0162220509466388,-4.7821190856178415,35584,-4.57351313837227,-4.568987340623671,-6.269216932807576,-5.5949922468837645,-3.5478588643555606,-2.903534660914497,0.2131317449941701,0,processed posterior,0.2131317449941701
1,fti_dchi3v,lambda,processed,truth,1.0,0.0033784745892809,-0.0158812402333431,-4.700713240150012,40000,-4.48548824792387,-4.48882513770675,-6.193898322370969,-5.520892395185145,-3.4471639826438576,-2.7623755383133983,0.21188810244326195,0,processed posterior,0.21188810244326195
1,fti_dchi3v,beta,processed,truth,0.5235987755982988,0.0017363232122866,-0.0016720179538595,-0.9629646957593713,40000,-1.1657544565584137,-1.1711101505928436,-2.855452192261254,-2.1919607832933563,-0.14465405445088692,0.5347564450349177,-0.20814545483347235,0,processed posterior,0.20814545483347235
1,fti_dchi6v,psi,processed,truth,1.2,0.0039696222378828,-0.0189736342446168,-4.779707767542233,35584,-4.576459517522298,-4.573449449088333,-6.266680160591069,-5.608709038041833,-3.5519372334010137,-2.9140818913326427,0.20625831845389975,0,processed posterior,0.20625831845389975
1,fti_dchi5lv,psi,processed,truth,1.2,0.0039798689957048,-0.0188040553637329,-4.7247925456910345,35584,-4.524555699405944,-4.5187452891942215,-6.185009774358893,-5.5278203685717635,-3.5207154282065285,-2.8810649648662223,0.206047256496813,0,processed posterior,0.206047256496813
1,fti_dchi0v,lambda,processed,truth,1.0,0.0033940607991012,-0.0156114101786762,-4.5996259651006675,35584,-4.400588303051821,-4.395827804800575,-6.0863813140971565,-5.418040377746719,-3.3832625142453625,-2.728924707382634,0.20379816030009223,0,processed posterior,0.20379816030009223
1,fti_dchi7v,lambda,processed,truth,1.0,0.0034056432400534,-0.0165880550370808,-4.870755351585418,40000,-4.671887629577602,-4.669988668506495,-6.394131618334701,-5.69808352086934,-3.637882679701969,-2.9785029900812745,0.20076668307892298,0,processed posterior,0.20076668307892298
1,fti_dchiMinus2v,lambda,processed,truth,1.0,0.0033750648191671,-0.0158761215369532,-4.703945668477892,40000,-4.521462961848488,-4.520112849660871,-6.224415041529561,-5.5395953383805825,-3.50505447428267,-2.832353994485464,0.18383281881702107,0,processed posterior,0.18383281881702107
1,fti_dkappa_S,Mchirp,processed,truth,333021.2829607493,4.117291231573932,-20.034464433400217,-4.865933281513722,35584,-5.043435466577739,-5.041407297150348,-6.688402221913965,-6.022795362405226,-4.0729967011778765,-3.4053981002782656,-0.17547401563662657,0,processed posterior,0.17547401563662657
1,fti_dchi1v,chiPN,processed,truth,0.44619469026548675,0.0003626714353853,-0.0035891449654204,-9.896409298425485,40000,-10.075792800071289,-10.069264592589963,-11.730287590174655,-11.061952186924097,-9.083021954234095,-8.447728537565883,-0.17285529416447787,0,processed posterior,0.17285529416447787
1,fti_dchi2v,chiPN,processed,truth,0.44619469026548675,0.0003770354300902,-0.0035389164808954,-9.386164265912006,40000,-9.562292681323775,-9.553772273860659,-11.232798470649977,-10.5592836718046,-8.566349967540944,-7.933560205476567,-0.16760800794865283,0,processed posterior,0.16760800794865283
1,fti_dchi1v,fti_dchi1v,processed,truth,0.0,0.0006848751886584,-0.0001384411283008,-0.20214066824641713,40000,-0.3748412068657798,-0.3662495794621286,-2.0372389563290336,-1.3767105865643285,0.6257369971909712,1.2613956897645817,-0.16410891121571147,0,processed posterior,0.16410891121571147
1,fti_dxi0v,beta,processed,truth,0.5235987755982988,0.0017082178690419,-0.0017003976200137,-0.995421983828921,35584,-1.1622821941849115,-1.1583014338985647,-2.8550592917183937,-2.174734364106133,-0.14026420589644414,0.5081722294606257,-0.16287945006964366,0,processed posterior,0.16287945006964366
1,fti_dchi6v,Mchirp,processed,truth,333021.2829607493,4.380801691320808,-18.4938406762833,-4.221565361637592,35584,-4.384211979655711,-4.381352031781997,-6.009230036859156,-5.359895890564286,-3.4052306875379763,-2.7644275353113734,-0.15978667014440529,0,processed posterior,0.15978667014440529
1,fti_dkappa_S,fti_dkappa_S,processed,truth,0.0,0.006567031945564,-0.0076697704118999,-1.1679203749086062,35584,-1.3141329179028225,-1.3212877205267044,-2.971420658401616,-2.3077766070288184,-0.31742587226819574,0.3541246452193321,-0.15336734561809817,0,processed posterior,0.15336734561809817
1,fti_dchi2v,beta,processed,truth,0.5235987755982988,0.0017459633798453,-0.0014798571127603,-0.8475877156664201,40000,-0.9986352378058265,-1.0008664093856372,-2.71390647594495,-2.058872513720663,0.06114135077696346,0.7370832122260317,-0.1532786937192171,0,processed posterior,0.1532786937192171
1,fti_dchi1v,beta,processed,truth,0.5235987755982988,0.001746492295681,-0.001343598482718,-0.7693125735742786,40000,-0.931153003801832,-0.9197363285792919,-2.663814308154542,-1.9718386150187532,0.0904375579803649,0.769472068909487,-0.15042375500501326,0,processed posterior,0.15042375500501326
1,fti_dchi0v,beta,processed,truth,0.5235987755982988,0.0017048653391167,-0.0016809498264889,-0.9859721984610287,35584,-1.1421264526154078,-1.1341913193285653,-2.862852059290587,-2.182989708686524,-0.11060028918397653,0.5575661485182276,-0.14821912086753664,0,processed posterior,0.14821912086753664
1,fti_dchi3v,Mchirp,processed,truth,333021.2829607493,4.524166405124454,-21.884487078241364,-4.837241851549302,40000,-4.991492341350142,-4.982497766983164,-6.640937133736084,-5.981054449809719,-4.004752187368788,-3.3670062861091736,-0.14525591543386174,0,processed posterior,0.14525591543386174
1,fti_dchi0v,chiPN,processed,truth,0.44619469026548675,0.0003026590934667,-0.0035501287633444,-11.729793817462161,35584,-11.875461169585929,-11.870812864026025,-13.487076368761352,-12.861306955081131,-10.900241519075985,-10.262672545940019,-0.14101904656386388,0,processed posterior,0.14101904656386388
1,fti_dchi2v,fti_dchi2v,processed,truth,0.0,0.0004609227327647,2.0157714282459382e-05,0.043733391411505514,40000,-0.09122425954520093,-0.09086227693356957,-1.741357379612421,-1.0822174064998278,0.9087466640641197,1.5577970930770073,-0.13459566834507508,0,processed posterior,0.13459566834507508
1,fti_dxi0v,Mchirp,processed,truth,333021.2829607493,91.233163863242,-73.89631405923501,-0.8099720642156527,35584,-0.6883417440652286,-0.6788977955192975,-2.347078369209786,-1.6884680578333349,0.31375160701043264,0.9661134705551663,0.1310742686963552,0,processed posterior,0.1310742686963552
1,fti_dchiMinus2v,beta,processed,truth,0.5235987755982988,0.0017117663968623,-0.0009979602004268,-0.5830002284517792,40000,-0.7065647346856591,-0.7132318899199309,-2.4182042091960665,-1.7511636890257245,0.3485883230294283,1.034556845858877,-0.13023166146815168,0,processed posterior,0.13023166146815168
1,fti_dchi2v,dist,processed,truth,6791.810623950696,28.482574472713143,-127.7301920341588,-4.484503047873246,40000,-4.3669822774346105,-4.356633531293918,-6.113131592512805,-5.429094385528878,-3.3024217757935017,-2.639234131865488,0.1278695165793282,0,processed posterior,0.1278695165793282
1,fti_dxi0v,chiPN,processed,truth,0.44619469026548675,0.0003026628998557,-0.0035504488200697,-11.730703768986688,35584,-11.85417308831882,-11.848076362936261,-13.522676276809266,-12.84919584783606,-10.852674866237283,-10.200563116740554,-0.11737259394957356,0,processed posterior,0.11737259394957356
1,fti_dchi1v,dist,processed,truth,6791.810623950696,28.39417831544612,-126.5163136283345,-4.455713147350034,40000,-4.350576911585158,-4.339863507584008,-6.110749153011234,-5.413531214697963,-3.300022872044955,-2.6134353599547273,0.1158496397660258,0,processed posterior,0.1158496397660258
1,fti_dchi0v,fti_dchi0v,processed,truth,0.0,0.0004590911546099,0.000255549863785,0.5566429699612628,35584,0.4448188374706522,0.4415191936885271,-1.2046661349418402,-0.5679068189099067,1.4522423060981855,2.099038421358289,-0.11512377627273573,0,processed posterior,0.11512377627273573
1,fti_dchi4v,chiPN,processed,truth,0.44619469026548675,0.0003771071468005,-0.0033652531191304,-8.923864603687056,40000,-9.039661685433094,-9.034435851624789,-10.688158502935325,-10.027768404223792,-8.039941705164031,-7.418015646033504,-0.11057124793773276,0,processed posterior,0.11057124793773276
1,fti_dchi0v,Mchirp,processed,truth,333021.2829607493,90.01781188761116,-71.08770457767241,-0.7897070933742166,35584,-0.6892127815515859,-0.6855986718935628,-2.348968997209707,-1.6990091048960727,0.3216878471246951,0.9625690020673184,0.1041084214806538,0,processed posterior,0.1041084214806538
1,fti_dchi1v,Mchirp,processed,truth,333021.2829607493,15.602324502785828,-17.983167984251395,-1.152595434163702,40000,-1.0363778961898094,-1.0510097796524698,-2.663406851701089,-2.034908762041511,-0.03920216112578255,0.650160147014958,0.10158565451123214,0,processed posterior,0.10158565451123214
1,fti_dchi3v,chiPN,processed,truth,0.44619469026548675,0.0003809517907999,-0.0034527848427756,-9.063574253124385,40000,-9.18413506954411,-9.164323861591255,-10.85421885498115,-10.167883411111294,-8.200866799129116,-7.553125477547082,-0.1007496084668702,0,processed posterior,0.1007496084668702
1,fti_dchi6lv,chiPN,processed,truth,0.44619469026548675,0.0003727729029164,-0.0033397652615962,-8.959249010503301,35584,-9.063219960566217,-9.059331800876578,-10.697589965628008,-10.043417768419664,-8.066232384201836,-7.430509234028964,-0.10008279037327661,0,processed posterior,0.10008279037327661
1,fti_dxi0v,dist,processed,truth,6791.810623950696,28.163067292534308,-129.39631235239358,-4.594539046771194,35584,-4.496698385583111,-4.496865030381384,-6.221435857442901,-5.5468975144834385,-3.4400104254784587,-2.7655188188959507,0.09767401638980999,0,processed posterior,0.09767401638980999
1,fti_dchi5lv,chiPN,processed,truth,0.44619469026548675,0.000367809054112,-0.0033020039038315,-8.977494890123126,35584,-9.06147540369464,-9.06960352053822,-10.672868138165398,-10.04122182411888,-8.084513340705938,-7.435403691904695,-0.09210863041509398,0,processed posterior,0.09210863041509398
1,fti_dchi0v,dist,processed,truth,6791.810623950696,28.14567402677272,-129.20905275444693,-4.590725119303973,35584,-4.511534036836225,-4.502384830200558,-6.261898157620831,-5.568686144469244,-3.4520284652669604,-2.7891001887543783,0.08834028910341463,0,processed posterior,0.08834028910341463
1,fti_dchi6lv,dist,processed,truth,6791.810623950696,28.535075935631404,-132.8891685628614,-4.657046256425914,35584,-4.577590582050037,-4.572725147939291,-6.3401569229088865,-5.616503960986601,-3.533057828930245,-2.837182964644171,0.08432110848662244,0,processed posterior,0.08432110848662244
1,fti_dchi4v,dist,processed,truth,6791.810623950696,28.54823698240561,-132.13116900483783,-4.628347771046975,40000,-4.548999484785471,-4.547748598746854,-6.255250730516665,-5.586476425091067,-3.507105528412689,-2.8278756975362906,0.08059917230012115,0,processed posterior,0.08059917230012115
1,fti_dchiMinus2v,dist,processed,truth,6791.810623950696,28.150241206971675,-124.19934349658524,-4.412017026192518,40000,-4.327010554320956,-4.332596736711792,-6.074444061761328,-5.373050791053555,-3.270693174697324,-2.600983506607105,0.07942028948072632,0,processed posterior,0.07942028948072632
1,fti_dchi7v,Mchirp,processed,truth,333021.2829607493,4.517195968339698,-17.582259140723636,-3.892294968815803,40000,-3.9652281382408283,-3.967783856946147,-5.579677679891619,-4.945076999972714,-2.968145550504463,-2.3459856928152054,-0.07548888813034438,0,processed posterior,0.07548888813034438
1,fti_dchi3v,dist,processed,truth,6791.810623950696,28.540607405893297,-129.83749995419566,-4.549219927512326,40000,-4.485139658617723,-4.488557217116096,-6.2387533622772136,-5.541360889942999,-3.4177350719722788,-2.745091289545422,0.0606627103962305,0,processed posterior,0.0606627103962305
1,fti_dchi6v,chiPN,processed,truth,0.44619469026548675,0.0003563254834659,-0.0032717815701243,-9.182002752933627,35584,-9.224327975446682,-9.23697806472018,-10.828967304485927,-10.192032475870118,-8.244603520079016,-7.599499035479122,-0.054975311786552794,0,processed posterior,0.054975311786552794
1,fti_dchi3v,fti_dchi3v,processed,truth,0.0,0.0004346665051356,-0.0001802935746969,-0.41478598550089574,40000,-0.36262220934094264,-0.3744502695752936,-1.986545397734353,-1.3451352589471433,0.6276789451181405,1.2860161482537478,0.040335715925602145,0,processed posterior,0.040335715925602145
1,fti_dkappa_S,dist,processed,truth,6791.810623950696,28.50783538645009,-133.89164421097666,-4.6966611949294474,35584,-4.6615127122686975,-4.657190381496026,-6.45792280357328,-5.721751698352072,-3.598381897092781,-2.908207027703752,0.039470813433421625,0,processed posterior,0.039470813433421625
1,fti_dkappa_S,chiPN,processed,truth,0.44619469026548675,0.0003685837016688,-0.0033030491048718,-8.961462728593018,35584,-8.992647499793717,-8.994542008122131,-10.631147725797112,-9.968587934419848,-8.018686776199168,-7.36058664410251,-0.03307927952911349,0,processed posterior,0.03307927952911349
1,fti_dchi7v,dist,processed,truth,6791.810623950696,28.35142341766615,-135.2412283208796,-4.770174192968702,40000,-4.744351589026927,-4.738036914788024,-6.528587845530177,-5.821758553995718,-3.6651502184443503,-2.9943541998833667,0.03213727818067813,0,processed posterior,0.03213727818067813
1,fti_dchi5lv,dist,processed,truth,6791.810623950696,28.505378163332107,-133.94552282561017,-4.698956177957709,35584,-4.688935754474424,-4.6762469764882955,-6.424687097788064,-5.742270751910517,-3.641067080498252,-2.979414251711562,0.022709201469413465,0,processed posterior,0.022709201469413465
1,fti_dchi7v,chiPN,processed,truth,0.44619469026548675,0.0003453034887524,-0.0032683815786436,-9.465243431082719,40000,-9.440195062517905,-9.444622248376827,-11.07467662540238,-10.425545448409427,-8.447526239291584,-7.808947712057958,0.020621182705891528,0,processed posterior,0.020621182705891528
1,fti_dchi6lv,fti_dchi6lv,processed,truth,0.0,0.0101050301849363,-0.0097035733089303,-0.9602715807218016,35584,-0.965704303379267,-0.9789810372378988,-2.6060644155685675,-1.9496739137596628,0.028727939640919388,0.6912413040503378,-0.018709456516097123,0,processed posterior,0.018709456516097123
1,fti_dchi6v,dist,processed,truth,6791.810623950696,28.43212006707447,-134.95807413989405,-4.746676428683941,35584,-4.741865121610721,-4.72931994085231,-6.520268846564102,-5.816567935346377,-3.6613764705788476,-2.9978590644895733,0.017356487831630574,0,processed posterior,0.017356487831630574
1,fti_dchi4v,fti_dchi4v,processed,truth,0.0,0.0040406252470264,0.0032956776681861,0.8156355679387673,40000,0.8205493607693947,0.8262492861511526,-0.8433064991155205,-0.18862181015303722,1.8377064518195638,2.4836689216120136,0.010613718212385215,0,processed posterior,0.010613718212385215
1,fti_dchi2v,Mchirp,processed,truth,333021.2829607493,7.040411521284663,-21.28264174337596,-3.022925816059758,40000,-3.024288192997663,-3.0148198218623934,-4.680650032606862,-4.030375190629239,-2.0200653955976553,-1.3891367472069092,0.008105994197364463,0,processed posterior,0.008105994197364463
1,fti_dchi5lv,fti_dchi5lv,processed,truth,0.0,0.0073210590267313,-0.0086426662907327,-1.180521323373549,35584,-1.1866500568494909,-1.1877801816270317,-2.7334206939328802,-2.127195422639826,-0.25222436955081917,0.3717381123765948,-0.007258858253482714,0,processed posterior,0.007258858253482714
