fti_case,source,lnL_max,Mchirp,q,chiPN,chim,Deltat,dist,inc,phi,lambda,beta,psi,fti_dchi0v,fti_dchi1v,fti_dchi2v,fti_dchi3v,fti_dchi4v,fti_dchi5lv,fti_dchi6lv,fti_dchi6v,fti_dchi7v,fti_dchiMinus2v,fti_dkappa_S,fti_dxi0v
fti_dchi0v,processed,-9019.802346511839,331785.697179455,3.3426873979202893,0.40639509303774407,0.20619837307698993,7.8920223817688315,4744.147603179604,1.2147513303664612,-1.4064428493011434,2.176028856648803,0.4398497893347904,2.4143227649172534,0.004645984228208489,,,,,,,,,,,
fti_dchi1v,processed,-9065.441269407229,332666.5107787413,3.3370880204264464,0.40710220550190057,0.21255363382414985,7.518878652913433,4726.732274858591,1.2175255740927355,-1.3729394971674607,2.1724128658809154,0.43823967607669234,2.4128729748823683,,0.0015893943504395483,,,,,,,,,,
fti_dchi2v,processed,-9060.058603792815,332676.5235826805,3.3339351768944767,0.4073505885759088,0.2109012186141349,7.608184628156698,4725.61650332527,1.2173920612200935,-1.3800914013927175,2.1726554967515175,0.43786279882251955,2.4126551872089514,,,0.0017004496180188647,,,,,,,,,
fti_dchi3v,processed,-9046.408286899154,332687.10634026414,3.3284807255580837,0.4082548511144372,0.20522192931624747,7.848236212022023,4683.6991967424965,1.2193057122808955,-1.393880912697858,2.175456349612723,0.4336278390697413,2.412402015862846,,,,-0.0029746956660596942,,,,,,,,
fti_dchi4v,processed,-9019.923301299263,332694.7529007276,3.3203393934204706,0.4082632803593494,0.20573816232147424,8.135372955755896,4688.3439027064,1.2193284518023249,-1.4135061871220032,2.174164644084507,0.43437079835665154,2.4118046801031436,,,,,0.0366222854911533,,,,,,,
fti_dchi5lv,processed,-8984.070501406008,332713.38229680655,3.3183403438003896,0.40928155740580885,0.20505283221890122,8.428482522206531,4627.787448759642,1.2228705936354602,-1.411210945336192,2.174586240920122,0.42894609818251583,2.411052505211791,,,,,,-0.06343047625381162,,,,,,
fti_dchi6lv,processed,-9008.49855260583,332707.64961783605,3.321975266508856,0.4089143415783159,0.20452271042065212,8.179446546971018,4661.70996144858,1.2209114160802466,-1.4038606909263667,2.173839663923028,0.4319704357483721,2.4118028005091157,,,,,,,-0.11608896583239374,,,,,
fti_dchi6v,processed,-8944.712041874574,332730.0300264501,3.3094102484922616,0.4095435468450068,0.20248253868659302,8.650392243842699,4605.07571835538,1.224283597860695,-1.4327988671033802,2.174743197710252,0.4269801452884052,2.4104470074555047,,,,,,,,-0.22540294307760234,,,,
fti_dchi7v,processed,-8942.263348859655,332729.9068606157,3.3269285512828115,0.40950908470973524,0.21880945682539596,8.441470342373714,4566.961386401832,1.2269396706482287,-1.3705545840557418,2.170186777163449,0.42293169076265263,2.4088187206803373,,,,,,,,,0.062039979735701994,,,
fti_dchiMinus2v,processed,-9046.337273756533,332610.43965440063,3.3453555940267163,0.4060854977253714,0.21987783128718472,7.240350908775119,4827.739869572345,1.2116413819776557,-1.3538019484200543,2.172028161290525,0.44677421936035416,2.4146891314698222,,,,,,,,,,8.484302506995253e-06,,
fti_dkappa_S,processed,-8983.859384188101,332708.79261918046,3.317641410060468,0.40915971399231854,0.2038533211672685,8.353379096669602,4656.872809996215,1.2213840390062045,-1.4138681789272933,2.1742019057459796,0.43165698422380083,2.4112775189030224,,,,,,,,,,,-0.11730607729658596,
fti_dxi0v,processed,-9018.614732966496,331801.4281339263,3.341410591930719,0.40636741348511113,0.20657099628115538,7.913734105648183,4741.090259957612,1.2149669388290931,-1.4089378041227132,2.1762890360380838,0.43976845146871724,2.4146124951959678,,,,,,,,,,,,-0.0015211446858839318
