inj_id,d_omega,d_tau,active_fti_run,fti_value,parameter,CV_bias_over_sigma,CV_delta_theta,sigma_CV,is_active_fti_parameter,posterior_source,true_value,posterior_median,median_PE_delta_theta,sigma_method,sigma_PE,median_PE_bias_over_sigma,median_PE_minus_CV,absolute_difference,absolute_CV_bias_over_sigma,absolute_median_PE_bias_over_sigma,raw_shift_difference,sigma_PE_over_sigma_CV,same_sign
5,0.05,0.05,fti_dchi0v,0.0,Mchirp,-8.621786150387118,-776.1143238207587,90.01781188761116,False,processed,333021.2829607493,333020.026067561,-1.2568931882851757,std,91.6823227553213,-0.0137092206055853,8.608076929781532,8.608076929781532,8.621786150387118,0.0137092206055853,774.8574306324736,1.0184909056641847,True
5,0.05,0.05,fti_dchi0v,0.0,q,-75.7307727310036,-0.3537397862856331,0.0046710177848325,False,processed,4.0,4.000225335698206,0.0002253356982055,std,0.0046749628436467,0.0482005324409859,75.77897326344458,75.77897326344458,75.7307727310036,0.0482005324409859,0.35396512198383856,1.0008445822721999,False
5,0.05,0.05,fti_dchi0v,0.0,chiPN,-47.38102665721992,-0.0143402985755993,0.0003026590934667,False,processed,0.4461946902654867,0.4462008006722132,6.110406726433926e-06,std,0.0003022775388082,0.0202145576231827,47.401241214843104,47.401241214843104,47.38102665721992,0.0202145576231827,0.014346408982325734,0.9987393253110963,False
5,0.05,0.05,fti_dchi0v,0.0,chim,-34.86263596900118,-0.0916642634400575,0.0026292981265548,False,processed,0.3,0.2999795227485345,-2.0477251465478297e-05,std,0.0026337672409276,-0.0077748903347533,34.85486107866643,34.85486107866643,34.86263596900118,0.0077748903347533,0.09164378618859202,1.0016997366436555,True
5,0.05,0.05,fti_dchi0v,0.0,Deltat,18.34167508143609,1.751423999734925,0.0954887703526909,False,processed,0.0,0.0042362350063544,0.0042362350063544,std,0.0967159161492491,0.0438008052347575,-18.297874276201334,18.297874276201334,18.34167508143609,0.0438008052347575,-1.7471877647285705,1.0128512053514322,True
5,0.05,0.05,fti_dchi0v,0.0,dist,-26.86374614559308,-756.0982421518347,28.14567402677272,False,processed,6791.810623950696,6792.151641569171,0.3410176184752345,std,28.034454428595705,0.0121642323856814,26.875910377978762,26.875910377978762,26.86374614559308,0.0121642323856814,756.43925977031,0.9960484301043485,False
5,0.05,0.05,fti_dchi0v,0.0,inc,28.67984633319736,0.0818643231113793,0.0028544198654446,False,processed,1.0471975511965976,1.047173634539299,-2.391665729861714e-05,std,0.002836124143092,-0.0084328668605254,-28.688279200057885,28.688279200057885,28.67984633319736,0.0084328668605254,-0.08188823976867791,0.9935903885149879,False
5,0.05,0.05,fti_dchi0v,0.0,phi,-71.74426186517522,-1.1337132367938736,0.015802145109868,False,processed,0.7,0.7004983005039735,0.0004983005039735,std,0.0158584198524793,0.0314218256679392,71.77568369084315,71.77568369084315,71.74426186517522,0.0314218256679392,1.1342115372978472,1.0035612090776307,False
5,0.05,0.05,fti_dchi0v,0.0,lambda,-27.07281104928945,-0.0918867667038689,0.0033940607991012,False,processed,1.0,1.0000413799009864,4.137990098640465e-05,std,0.00339361566268,0.0121934553289176,27.085004504618368,27.085004504618368,27.07281104928945,0.0121934553289176,0.09192814660485531,0.9998688484244836,False
5,0.05,0.05,fti_dchi0v,0.0,beta,-6.978465123393738,-0.0118973433091089,0.0017048653391167,False,processed,0.5235987755982988,0.5236023338937452,3.5582954464041805e-06,std,0.0017286641464927,0.0020584076170166,6.980523531010754,6.980523531010754,6.978465123393738,0.0020584076170166,0.011900901604555304,1.0139593473044213,False
5,0.05,0.05,fti_dchi0v,0.0,psi,-27.91131284544936,-0.1087067981602212,0.0038947217840362,False,processed,1.2,1.2001094239071688,0.0001094239071688,std,0.0038779454675662,0.0282169793474455,27.939529824796804,27.939529824796804,27.91131284544936,0.0282169793474455,0.10881622206739,0.9956925507391149,False
5,0.05,0.05,fti_dchi0v,0.0,fti_dchi0v,7.893916491459346,0.0036240272364583,0.0004590911546099,True,processed,0.0,7.155144004800985e-06,7.155144004800985e-06,std,0.0004675062392878,0.0153049166053923,-7.878611574853954,7.878611574853954,7.893916491459346,0.0153049166053923,-0.003616872092453499,1.0183298776145022,True
5,0.05,0.05,fti_dchi1v,0.0,Mchirp,-8.408022218135446,-131.18469107398232,15.602324502785828,False,processed,333021.2829607493,333021.22212883737,-0.0608319119201041,std,15.519017301119025,-0.0039198301503096,8.404102387985137,8.404102387985137,8.408022218135446,0.0039198301503096,131.12385916206222,0.9946605903721635,True
5,0.05,0.05,fti_dchi1v,0.0,q,-72.7967723385699,-0.3607861098497533,0.0049560728897673,False,processed,4.0,3.99993329639472,-6.670360528016062e-05,std,0.0048976601779198,-0.0136194841734592,72.78315285439643,72.78315285439643,72.7967723385699,0.0136194841734592,0.36071940624447313,0.9882139118720179,True
5,0.05,0.05,fti_dchi1v,0.0,chiPN,-37.11252086200456,-0.0134596512117906,0.0003626714353853,False,processed,0.4461946902654867,0.4461883550377478,-6.335227738962779e-06,std,0.0003609638936424,-0.0175508627055039,37.09496999929905,37.09496999929905,37.11252086200456,0.0175508627055039,0.013453315984051637,0.9952917666617833,True
5,0.05,0.05,fti_dchi1v,0.0,chim,-30.295200077649376,-0.0890993827411836,0.0029410395875522,False,processed,0.3,0.2999827754101466,-1.722458985342623e-05,std,0.0029642902554895,-0.0058106961089683,30.289389381540406,30.289389381540406,30.295200077649376,0.0058106961089683,0.08908215815133018,1.0079055950269107,True
5,0.05,0.05,fti_dchi1v,0.0,Deltat,17.209238752184522,1.5957103356927291,0.0927240512303411,False,processed,0.0,0.010139981946841,0.010139981946841,std,0.092296250289148,0.1098634225667262,-17.099375329617796,17.099375329617796,17.209238752184522,0.1098634225667262,-1.585570353745888,0.995386300150644,True
5,0.05,0.05,fti_dchi1v,0.0,dist,-26.50924408786952,-752.7082036386528,28.39417831544612,False,processed,6791.810623950696,6791.466710324712,-0.343913625983987,std,28.473046116541344,-0.0120785680807151,26.497165519788805,26.497165519788805,26.50924408786952,0.0120785680807151,752.3642900126688,1.002777604627929,True
5,0.05,0.05,fti_dchi1v,0.0,inc,29.58666354439734,0.0840809702100844,0.0028418537319665,False,processed,1.0471975511965976,1.0472316454452066,3.409424860900678e-05,std,0.0028306137843424,0.0120448253299686,-29.57461871906737,29.57461871906737,29.58666354439734,0.0120448253299686,-0.08404687596147539,0.9960448535764991,True
5,0.05,0.05,fti_dchi1v,0.0,phi,-70.69668277975542,-1.1132501097872949,0.0157468507151241,False,processed,0.7,0.6996353202593497,-0.0003646797406502,std,0.0155598930115616,-0.0234371624778698,70.67324561727754,70.67324561727754,70.69668277975542,0.0234371624778698,1.1128854300466446,0.9881272956132788,True
5,0.05,0.05,fti_dchi1v,0.0,lambda,-28.01293851719906,-0.0945412835369077,0.0033749148979448,False,processed,1.0,0.9999992456651255,-7.543348743421774e-07,std,0.0033653356522793,-0.000224148480949,28.01271436871811,28.01271436871811,28.01293851719906,0.000224148480949,0.09454052920203336,0.997161633417384,True
5,0.05,0.05,fti_dchi1v,0.0,beta,-6.351014105421941,-0.0110919972048811,0.001746492295681,False,processed,0.5235987755982988,0.5235170112507037,-8.176434759510354e-05,std,0.0017742460785158,-0.0460839951037111,6.30493011031823,6.30493011031823,6.351014105421941,0.0460839951037111,0.011010232857285996,1.0158911567508393,True
5,0.05,0.05,fti_dchi1v,0.0,psi,-27.94262997106019,-0.1103095375160547,0.0039477149298509,False,processed,1.2,1.1998861963518708,-0.0001138036481291,std,0.0039338768930482,-0.028929133072337,27.91370083798785,27.91370083798785,27.94262997106019,0.028929133072337,0.1101957338679256,0.9964946717155124,True
5,0.05,0.05,fti_dchi1v,0.0,fti_dchi1v,4.309028176616018,0.0029511464853944,0.0006848751886584,True,processed,0.0,1.5198308304805149e-06,1.5198308304805149e-06,std,0.0006823226972119,0.0022274370128544,-4.306800739603164,4.306800739603164,4.309028176616018,0.0022274370128544,-0.0029496266545639195,0.9962730560417876,True
5,0.05,0.05,fti_dchi2v,0.0,Mchirp,-12.941851063746489,-91.11595733595097,7.040411521284663,False,processed,333021.2829607493,333021.5161314009,0.2331706515979021,std,7.094669552003711,0.032865611271782,12.974716675018271,12.974716675018271,12.941851063746489,0.032865611271782,91.34912798754887,1.0077066561457402,False
5,0.05,0.05,fti_dchi2v,0.0,q,-71.27156469948638,-0.3622886439666573,0.005083214399659,False,processed,4.0,4.0000329035559465,3.29035559465396e-05,std,0.0050625531285048,0.0064993996332156,71.27806409911959,71.27806409911959,71.27156469948638,0.0064993996332156,0.3623215475226038,0.995935392543036,False
5,0.05,0.05,fti_dchi2v,0.0,chiPN,-35.41255192798072,-0.0133517867467596,0.0003770354300902,False,processed,0.4461946902654867,0.446177252349697,-1.7437915789730862e-05,std,0.0003804360245147,-0.0458366575877534,35.366715270392966,35.366715270392966,35.41255192798072,0.0458366575877534,0.013334348830969869,1.0090192967374085,True
5,0.05,0.05,fti_dchi2v,0.0,chim,-30.30407569875709,-0.089092605064903,0.0029399545444165,False,processed,0.3,0.3000706566863794,7.065668637940004e-05,std,0.0029599128039927,0.0238712053558092,30.3279469041129,30.3279469041129,30.30407569875709,0.0238712053558092,0.0891632617512824,1.0067886286249235,False
5,0.05,0.05,fti_dchi2v,0.0,Deltat,17.178826770021768,1.6254129657419298,0.0946172277945305,False,processed,0.0,0.011042216865905,0.011042216865905,std,0.0950086720607204,0.1162232523242505,-17.062603517697518,17.062603517697518,17.178826770021768,0.1162232523242505,-1.6143707488760248,1.0041371352270008,True
5,0.05,0.05,fti_dchi2v,0.0,dist,-26.501651638015737,-754.8352664296835,28.482574472713143,False,processed,6791.810623950696,6791.277532087383,-0.5330918633135298,std,28.32204476287656,-0.0188225062059179,26.48282913180982,26.48282913180982,26.501651638015737,0.0188225062059179,754.30217456637,0.9943639325865583,True
5,0.05,0.05,fti_dchi2v,0.0,inc,29.70746871071525,0.0844952098803268,0.002844241315311,False,processed,1.0471975511965976,1.0472754371545483,7.788595795088504e-05,std,0.002819919884088,0.0276199187042053,-29.679848792011047,29.679848792011047,29.70746871071525,0.0276199187042053,-0.08441732392237591,0.9914488861785131,True
5,0.05,0.05,fti_dchi2v,0.0,phi,-70.36966911251712,-1.1143545305384066,0.0158357221881577,False,processed,0.7,0.6999645544543842,-3.544554561574209e-05,std,0.0157487319169317,-0.0022506920431881,70.36741842047392,70.36741842047392,70.36966911251712,0.0022506920431881,1.1143190849927909,0.9945067064076778,True
5,0.05,0.05,fti_dchi2v,0.0,lambda,-28.15177991177234,-0.0950146276468002,0.0033750842022982,False,processed,1.0,0.999950429627869,-4.957037213104698e-05,std,0.0033483063362585,-0.0148046107950915,28.136975300977248,28.136975300977248,28.15177991177234,0.0148046107950915,0.09496505727466915,0.992066015413344,True
5,0.05,0.05,fti_dchi2v,0.0,beta,-6.348903226148091,-0.0110849525350367,0.0017459633798453,False,processed,0.5235987755982988,0.523640460696826,4.1685098527199926e-05,std,0.0017418874183807,0.0239309946712577,6.372834220819349,6.372834220819349,6.348903226148091,0.0239309946712577,0.0111266376335639,0.9976654942986484,False
5,0.05,0.05,fti_dchi2v,0.0,psi,-27.9218166555617,-0.1107772630449237,0.0039674088692527,False,processed,1.2,1.1999931839625355,-6.816037464441038e-06,std,0.0039409087118728,-0.0017295598459071,27.920087095715793,27.920087095715793,27.9218166555617,0.0017295598459071,0.11077044700745926,0.9933205378489535,True
5,0.05,0.05,fti_dchi2v,0.0,fti_dchi2v,4.309288314280766,0.0019862489460896,0.0004609227327647,True,processed,0.0,-2.0138809477060823e-05,-2.0138809477060823e-05,std,0.0004651677283532,-0.0432936514068913,-4.352581965687658,4.352581965687658,4.309288314280766,0.0432936514068913,-0.0020063877555666606,1.0092097770119468,False
5,0.05,0.05,fti_dchi3v,0.0,Mchirp,-16.685023577348417,-75.48582313734914,4.524166405124454,False,processed,333021.2829607493,333021.29920929554,0.0162485462496988,std,4.57187710897173,0.0035540207801765,16.688577598128592,16.688577598128592,16.685023577348417,0.0035540207801765,75.50207168359884,1.0105457446908308,False
5,0.05,0.05,fti_dchi3v,0.0,q,-70.3138235187586,-0.3636161234501962,0.0051713319693557,False,processed,4.0,4.000168103764558,0.0001681037645582,std,0.005136071226733,0.0327300298491286,70.34655354860773,70.34655354860773,70.3138235187586,0.0327300298491286,0.36378422721475445,0.9931814969853708,False
5,0.05,0.05,fti_dchi3v,0.0,chiPN,-34.863858983679854,-0.0132814495140305,0.0003809517907999,False,processed,0.4461946902654867,0.446185531250137,-9.159015349702315e-06,std,0.000389853407092,-0.0234934854565447,34.840365498223306,34.840365498223306,34.863858983679854,0.0234934854565447,0.013272290498680797,1.0233667789654142,True
5,0.05,0.05,fti_dchi3v,0.0,chim,-30.92852872642516,-0.0889943788056211,0.0028774203775682,False,processed,0.3,0.3001078296987625,0.0001078296987624,std,0.0029279429710708,0.0368278002091699,30.96535652663433,30.96535652663433,30.92852872642516,0.0368278002091699,0.0891022085043835,1.0175582941917225,False
5,0.05,0.05,fti_dchi3v,0.0,Deltat,17.088856360398957,1.672052669960692,0.0978446207690902,False,processed,0.0,0.0083874456979932,0.0083874456979932,std,0.0988544571581722,0.0848464089441404,-17.004009951454815,17.004009951454815,17.088856360398957,0.0848464089441404,-1.6636652242626988,1.0103208166288997,True
5,0.05,0.05,fti_dchi3v,0.0,dist,-26.529395620689183,-757.165065125715,28.540607405893297,False,processed,6791.810623950696,6792.472988069796,0.6623641190999479,std,28.369555037684503,0.0233477091276229,26.552743329816806,26.552743329816806,26.529395620689183,0.0233477091276229,757.827429244815,0.99400670189754,False
5,0.05,0.05,fti_dchi3v,0.0,inc,29.80034520842108,0.0849064856146903,0.0028491779212912,False,processed,1.0471975511965976,1.0472154853876452,1.7934191047563885e-05,std,0.0028352182095213,0.0063255064415629,-29.79401970197952,29.79401970197952,29.80034520842108,0.0063255064415629,-0.08488855142364274,0.9951004422484175,True
5,0.05,0.05,fti_dchi3v,0.0,phi,-70.18509212027331,-1.1162354229035572,0.0159041669560069,False,processed,0.7,0.700376819615812,0.000376819615812,std,0.0158331578093984,0.023799397463743,70.20889151773706,70.20889151773706,70.18509212027331,0.023799397463743,1.1166122425193692,0.9955351860424427,False
5,0.05,0.05,fti_dchi3v,0.0,lambda,-28.263336038368983,-0.0954869626139385,0.0033784745892809,False,processed,1.0,0.9999438930114402,-5.6106988559845306e-05,std,0.0033674511176469,-0.0166615599156938,28.24667447845329,28.24667447845329,28.263336038368983,0.0166615599156938,0.09543085562537866,0.9967371453173054,True
5,0.05,0.05,fti_dchi3v,0.0,beta,-6.361520629117986,-0.0110456559337779,0.0017363232122866,False,processed,0.5235987755982988,0.5236300763910839,3.130079278512721e-05,std,0.0017098622755529,0.0183060315632757,6.379826660681261,6.379826660681261,6.361520629117986,0.0183060315632757,0.011076956726563027,0.9847603622721526,False
5,0.05,0.05,fti_dchi3v,0.0,psi,-27.93881237690097,-0.1112036419958792,0.0039802565869914,False,processed,1.2,1.199994249870023,-5.750129977055707e-06,std,0.0039557715187107,-0.0014536051816586,27.93735877171931,27.93735877171931,27.93881237690097,0.0014536051816586,0.11119789186590215,0.9938483693838422,True
5,0.05,0.05,fti_dchi3v,0.0,fti_dchi3v,-4.492106845633182,-0.0019525683832873,0.0004346665051356,True,processed,0.0,1.5077767110752448e-05,1.5077767110752448e-05,std,0.0004323011235395,0.034877927189505,4.526984772822686,4.526984772822686,4.492106845633182,0.034877927189505,0.0019676461503980525,0.9945581691523203,False
5,0.05,0.05,fti_dchi4v,0.0,Mchirp,-16.507250341846987,-66.49950410628844,4.028502792964115,False,processed,333021.2829607493,333021.30630162614,0.0233408768544904,std,4.071969108409521,0.0057320859351035,16.51298242778209,16.51298242778209,16.507250341846987,0.0057320859351035,66.52284498314293,1.0107896947524326,False
5,0.05,0.05,fti_dchi4v,0.0,q,-69.84089703141052,-0.3640724556029955,0.0052128834404755,False,processed,4.0,4.000168700533713,0.0001687005337132,std,0.0051673313928999,0.032647515881216,69.87354454729174,69.87354454729174,69.84089703141052,0.032647515881216,0.3642411561367087,0.9912616408757752,False
5,0.05,0.05,fti_dchi4v,0.0,chiPN,-35.287958484604964,-0.0133073413405453,0.0003771071468005,False,processed,0.4461946902654867,0.4461911502761495,-3.5399893372201063e-06,std,0.0003803282395367,-0.0093077215132162,35.27865076309175,35.27865076309175,35.287958484604964,0.0093077215132162,0.01330380135120808,1.008541584967373,True
5,0.05,0.05,fti_dchi4v,0.0,chim,-31.94738393835447,-0.0881241592393702,0.0027584155062403,False,processed,0.3,0.300035940187232,3.594018723196424e-05,std,0.0027488084204969,0.013074824336236,31.960458762690706,31.960458762690706,31.94738393835447,0.013074824336236,0.08816009942660216,0.9965171723688233,False
5,0.05,0.05,fti_dchi4v,0.0,Deltat,16.839066712441955,1.7135265168299156,0.1017589956790084,False,processed,0.0,0.0055044716268619,0.0055044716268619,std,0.1017832011039098,0.0540803547850933,-16.784986357656862,16.784986357656862,16.839066712441955,0.0540803547850933,-1.7080220452030537,1.0002378701238146,True
5,0.05,0.05,fti_dchi4v,0.0,dist,-26.53083214223628,-757.4084833369852,28.54823698240561,False,processed,6791.810623950696,6791.461828242984,-0.3487957077122701,std,29.12446959227521,-0.0119760363912269,26.518856105845053,26.518856105845053,26.53083214223628,0.0119760363912269,757.059687629273,1.020184525237924,True
5,0.05,0.05,fti_dchi4v,0.0,inc,29.855320644762543,0.0852670018470211,0.0028560069028091,False,processed,1.0471975511965976,1.0472465892830505,4.9038086452624086e-05,std,0.0029215933090974,0.0167847065845635,-29.83853593817798,29.83853593817798,29.855320644762543,0.0167847065845635,-0.08521796376056848,1.0229643724683546,True
5,0.05,0.05,fti_dchi4v,0.0,phi,-70.25733986870728,-1.116076832549389,0.0158855549418046,False,processed,0.7,0.7003478673783596,0.0003478673783596,std,0.0157483916045988,0.0220890734173828,70.27942894212465,70.27942894212465,70.25733986870728,0.0220890734173828,1.1164246999277487,0.9913655306529556,False
5,0.05,0.05,fti_dchi4v,0.0,lambda,-28.343265217098203,-0.0959315292162186,0.0033846322391376,False,processed,1.0,0.999897971734034,-0.000102028265966,std,0.0034633816536387,-0.0294591460513352,28.31380607104687,28.31380607104687,28.343265217098203,0.0294591460513352,0.0958295009502526,1.0232667566037146,True
5,0.05,0.05,fti_dchi4v,0.0,beta,-6.268404190596599,-0.0107740598622447,0.0017187883127267,False,processed,0.5235987755982988,0.5235853572424,-1.3418355898853209e-05,std,0.0017150921044928,-0.0078236940533412,6.260580496543258,6.260580496543258,6.268404190596599,0.0078236940533412,0.010760641506345847,0.9978495267820175,True
5,0.05,0.05,fti_dchi4v,0.0,psi,-27.93435311091996,-0.1113027520911078,0.0039844399349128,False,processed,1.2,1.199930262025465,-6.973797453491137e-05,std,0.0040601151009805,-0.0171763540688955,27.917176756851067,27.917176756851067,27.93435311091996,0.0171763540688955,0.1112330141165729,1.018992673325205,True
5,0.05,0.05,fti_dchi4v,0.0,fti_dchi4v,4.504543041956283,0.018201170341646,0.0040406252470264,True,processed,0.0,-0.0001561642596112,-0.0001561642596112,std,0.0040312138778418,-0.0387387681089444,-4.543281810065228,4.543281810065228,4.504543041956283,0.0387387681089444,-0.0183573346012572,0.9976708136465943,False
5,0.05,0.05,fti_dchi5lv,0.0,Mchirp,-14.759052834860698,-61.58100226251736,4.172422373681311,False,processed,333021.2829607493,333021.26257811644,-0.0203826328506693,std,4.153961501342641,-0.004906793874734,14.754146040985965,14.754146040985965,14.759052834860698,0.004906793874734,61.56061962966669,0.995575502505423,True
5,0.05,0.05,fti_dchi5lv,0.0,q,-69.83325763721597,-0.3634641819648259,0.0052047433309358,False,processed,4.0,3.999973032440909,-2.696755909159521e-05,std,0.005174418161879,-0.0052117084951251,69.82804592872084,69.82804592872084,69.83325763721597,0.0052117084951251,0.3634372144057343,0.9941735514839792,True
5,0.05,0.05,fti_dchi5lv,0.0,chiPN,-36.50553259482639,-0.0134270654135608,0.000367809054112,False,processed,0.4461946902654867,0.4461916451112979,-3.045154188807686e-06,std,0.0003712067149688,-0.0082033919808346,36.497329202845556,36.497329202845556,36.50553259482639,0.0082033919808346,0.013424020259371993,1.0092375672072644,True
5,0.05,0.05,fti_dchi5lv,0.0,chim,-33.15250504927168,-0.0866114334752303,0.0026125155051332,False,processed,0.3,0.3000130403625894,1.304036258942265e-05,std,0.0025801434993768,0.0050541229945435,33.157559172266225,33.157559172266225,33.15250504927168,0.0050541229945435,0.08662447383781972,0.9876088751654127,False
5,0.05,0.05,fti_dchi5lv,0.0,Deltat,16.44611912696345,1.7349366750545414,0.1054921627200248,False,processed,0.0,0.0097527972729984,0.0097527972729984,std,0.1070859326337531,0.091074495343419,-16.35504463162003,16.35504463162003,16.44611912696345,0.091074495343419,-1.725183877781543,1.0151079461510155,True
5,0.05,0.05,fti_dchi5lv,0.0,dist,-26.492193777230533,-755.17000199623,28.505378163332107,False,processed,6791.810623950696,6791.058257490158,-0.7523664605378144,std,28.73690165574958,-0.0261811962037766,26.466012581026757,26.466012581026757,26.492193777230533,0.0261811962037766,754.4176355356922,1.0081220986120891,True
5,0.05,0.05,fti_dchi5lv,0.0,inc,29.854466088440372,0.085481102129783,0.0028632601191578,False,processed,1.0471975511965976,1.0472968615472389,9.931035064103531e-05,std,0.0028750801203657,0.0345417680493727,-29.819924320391,29.819924320391,29.854466088440372,0.0345417680493727,-0.08538179177914196,1.0041281618560653,True
5,0.05,0.05,fti_dchi5lv,0.0,phi,-70.57514590805256,-1.113444520619808,0.0157767229000197,False,processed,0.7,0.6998263695171769,-0.000173630482823,std,0.0156890911098869,-0.011066956116637,70.56407895193593,70.56407895193593,70.57514590805256,0.011066956116637,1.113270890136985,0.9944455010911872,True
5,0.05,0.05,fti_dchi5lv,0.0,lambda,-28.369095953038357,-0.0962345168785834,0.0033922306526047,False,processed,1.0,0.9998895762360268,-0.0001104237639732,std,0.0033975845514913,-0.0325006669590697,28.336595286079287,28.336595286079287,28.369095953038357,0.0325006669590697,0.0961240931146102,1.0015782826803035,True
5,0.05,0.05,fti_dchi5lv,0.0,beta,-6.072185400234043,-0.0103131600752357,0.0016984264141273,False,processed,0.5235987755982988,0.5235695660944595,-2.9209503839333628e-05,std,0.0016869069507321,-0.0173154208811909,6.054869979352852,6.054869979352852,6.072185400234043,0.0173154208811909,0.010283950571396366,0.9932175669788326,True
5,0.05,0.05,fti_dchi5lv,0.0,psi,-27.89408537989183,-0.1110148055669766,0.0039798689957048,False,processed,1.2,1.199860558394468,-0.0001394416055318,std,0.0040147207271864,-0.0347325791773144,27.859352800714515,27.859352800714515,27.89408537989183,0.0347325791773144,0.1108753639614448,1.008757004695183,True
5,0.05,0.05,fti_dchi5lv,0.0,fti_dchi5lv,-4.27569182076112,-0.0313025921999043,0.0073210590267313,True,processed,0.0,-4.9873693625451104e-05,-4.9873693625451104e-05,std,0.0073675456741614,-0.0067693769175211,4.268922443843598,4.268922443843598,4.27569182076112,0.0067693769175211,0.03125271850627885,1.006349716244653,True
5,0.05,0.05,fti_dchi6lv,0.0,Mchirp,-15.158937936121252,-62.398608517560206,4.116291575340156,False,processed,333021.2829607493,333021.19019028265,-0.0927704666391946,std,4.075071991297954,-0.0227653564985599,15.136172579622691,15.136172579622691,15.158937936121252,0.0227653564985599,62.30583805092101,0.9899862331694043,True
5,0.05,0.05,fti_dchi6lv,0.0,q,-69.82843281689541,-0.3641350055862915,0.0052147096948477,False,processed,4.0,4.000297678357763,0.0002976783577626,std,0.0052466926131898,0.0567363822714292,69.88516919916684,69.88516919916684,69.82843281689541,0.0567363822714292,0.36443268394405415,1.006133211667315,False
5,0.05,0.05,fti_dchi6lv,0.0,chiPN,-35.77589941038901,-0.0133362858776591,0.0003727729029164,False,processed,0.4461946902654867,0.4461850280388238,-9.662226662876527e-06,std,0.0003742239221509,-0.0258193720148631,35.75008003837414,35.75008003837414,35.77589941038901,0.0258193720148631,0.013326623650996223,1.003892501904371,True
5,0.05,0.05,fti_dchi6lv,0.0,chim,-32.44718888883316,-0.087713396962346,0.0027032664451413,False,processed,0.3,0.3001000637941676,0.0001000637941676,std,0.0026801270579398,0.0373354665672154,32.484524355400374,32.484524355400374,32.44718888883316,0.0373354665672154,0.0878134607565136,0.9914402121762399,False
5,0.05,0.05,fti_dchi6lv,0.0,Deltat,16.76752821214974,1.725154127702922,0.1028866095154607,False,processed,0.0,0.0043390027103478,0.0043390027103478,std,0.1037592197732444,0.0418179967026576,-16.725710215447084,16.725710215447084,16.76752821214974,0.0418179967026576,-1.7208151249925743,1.0084812811102748,True
5,0.05,0.05,fti_dchi6lv,0.0,dist,-26.53630947709127,-757.2156059802146,28.535075935631404,False,processed,6791.810623950696,6792.431954452283,0.6213305015871811,std,28.563952458774427,0.0217522593374964,26.558061736428765,26.558061736428765,26.53630947709127,0.0217522593374964,757.8369364818018,1.0010119658769496,False
5,0.05,0.05,fti_dchi6lv,0.0,inc,29.869637231589717,0.0853858720518019,0.002858617645396,False,processed,1.0471975511965976,1.0471740779291976,-2.347326740004263e-05,std,0.0028717665576128,-0.008173807629947,-29.877811039219665,29.877811039219665,29.869637231589717,0.008173807629947,-0.08540934531920194,1.004599744998418,False
5,0.05,0.05,fti_dchi6lv,0.0,phi,-70.37188873498168,-1.11581386235207,0.0158559601342261,False,processed,0.7,0.7008548913966344,0.0008548913966344,std,0.0159780047217554,0.0535042648642108,70.4253929998459,70.4253929998459,70.37188873498168,0.0535042648642108,1.1166687537487043,1.0076970796152456,False
5,0.05,0.05,fti_dchi6lv,0.0,lambda,-28.365848892083115,-0.0960834350725674,0.0033872927772446,False,processed,1.0,1.0000231735433018,2.317354330183541e-05,std,0.0034050610076467,0.0068056176526043,28.372654509735717,28.372654509735717,28.365848892083115,0.0068056176526043,0.09610660861586924,1.0052455549521626,False
5,0.05,0.05,fti_dchi6lv,0.0,beta,-6.224094606233924,-0.0106507254309685,0.0017112087949789,False,processed,0.5235987755982988,0.5235964415653181,-2.3340329806664784e-06,std,0.0017403687289729,-0.0013411140649739,6.222753492168951,6.222753492168951,6.224094606233924,0.0013411140649739,0.010648391397987834,1.0170405470563044,True
5,0.05,0.05,fti_dchi6lv,0.0,psi,-27.940161492579524,-0.1112976830913874,0.003983430200321,False,processed,1.2,1.2000403412303533,4.03412303533468e-05,std,0.0039868985558627,0.010118449162451,27.950279941741975,27.950279941741975,27.940161492579524,0.010118449162451,0.11133802432174075,1.0008706956987523,False
5,0.05,0.05,fti_dchi6lv,0.0,fti_dchi6lv,-4.523536070107313,-0.0457104685310829,0.0101050301849363,True,processed,0.0,0.0002758489533076,0.0002758489533076,std,0.0101237062827898,0.0272478226454074,4.550783892752721,4.550783892752721,4.523536070107313,0.0272478226454074,0.0459863174843905,1.0018481981262501,False
5,0.05,0.05,fti_dchi6v,0.0,Mchirp,-13.602881112238704,-59.59152458333119,4.380801691320808,False,processed,333021.2829607493,333021.1132665186,-0.1696942307171411,std,4.378996671789679,-0.0387518519505491,13.564129260288155,13.564129260288155,13.602881112238704,0.0387518519505491,59.42183035261405,0.9995879704998506,True
5,0.05,0.05,fti_dchi6v,0.0,q,-70.16785443582278,-0.362108381616764,0.0051606021664515,False,processed,4.0,4.000114323151836,0.0001143231518359,std,0.0052007553869281,0.0219820282498287,70.1898364640726,70.1898364640726,70.16785443582278,0.0219820282498287,0.3622227047685999,1.0077807238732006,False
5,0.05,0.05,fti_dchi6v,0.0,chiPN,-38.15465881469379,-0.0135954772486255,0.0003563254834659,False,processed,0.4461946902654867,0.4461847306606723,-9.959604814424594e-06,std,0.0003578487355187,-0.0278318848884189,38.12682692980537,38.12682692980537,38.15465881469379,0.0278318848884189,0.013585517643811076,1.004274889457761,True
5,0.05,0.05,fti_dchi6v,0.0,chim,-34.291580485236494,-0.0849227895295849,0.0024764909732331,False,processed,0.3,0.3000561501122749,5.615011227488864e-05,std,0.0024977876028098,0.0224799387312691,34.31406042396776,34.31406042396776,34.291580485236494,0.0224799387312691,0.08497893964185979,1.0085995183535423,False
5,0.05,0.05,fti_dchi6v,0.0,Deltat,15.98139949077557,1.7328347036392984,0.1084282202343722,False,processed,0.0,0.0055069848579385,0.0055069848579385,std,0.1093826151932792,0.050346070517766,-15.931053420257804,15.931053420257804,15.98139949077557,0.050346070517766,-1.7273277187813598,1.0088020900540842,True
5,0.05,0.05,fti_dchi6v,0.0,dist,-26.42614856913993,-751.3514290281346,28.43212006707447,False,processed,6791.810623950696,6792.338138125568,0.5275141748716123,std,28.363428819861458,0.0185983922544026,26.444746961394333,26.444746961394333,26.42614856913993,0.0185983922544026,751.8789432030062,0.9975840265498681,False
5,0.05,0.05,fti_dchi6v,0.0,inc,29.80261401939338,0.0855188246774161,0.0028695075076893,False,processed,1.0471975511965976,1.0471362973885554,-6.125380804222758e-05,std,0.002840634176259,-0.0215634271227758,-29.824177446516156,29.824177446516156,29.80261401939338,0.0215634271227758,-0.08558007848545833,0.989937879112381,False
5,0.05,0.05,fti_dchi6v,0.0,phi,-71.03594410561865,-1.1092899579422806,0.0156158965986705,False,processed,0.7,0.7001733761677462,0.0001733761677462,std,0.0157203860553589,0.0110287474579647,71.04697285307662,71.04697285307662,71.03594410561865,0.0110287474579647,1.1094633341100268,1.006691223653293,False
5,0.05,0.05,fti_dchi6v,0.0,lambda,-28.33982847497164,-0.096343599675627,0.0033995830200847,False,processed,1.0,1.0000041285678214,4.128567821393148e-06,std,0.0033572659181859,0.0012297410815834,28.341058216053224,28.341058216053224,28.33982847497164,0.0012297410815834,0.0963477282434484,0.9875522669548615,False
5,0.05,0.05,fti_dchi6v,0.0,beta,-5.834426550410173,-0.0098056269548179,0.0016806496525572,False,processed,0.5235987755982988,0.5236170682601209,1.8292661822072454e-05,std,0.0016762905470023,0.010912584250257,5.84533913466043,5.84533913466043,5.834426550410173,0.010912584250257,0.009823919616639972,0.9974062972920814,False
5,0.05,0.05,fti_dchi6v,0.0,psi,-27.82905307892253,-0.1104708279613122,0.0039696222378828,False,processed,1.2,1.1999922632324664,-7.736767533517153e-06,std,0.0039431619274006,-0.0019620719808017,27.82709100694173,27.82709100694173,27.82905307892253,0.0019620719808017,0.11046309119377869,0.9933343001181106,True
5,0.05,0.05,fti_dchi6v,0.0,fti_dchi6v,-3.8563227307280097,-0.0242054636264459,0.006276825182076,True,processed,0.0,0.0003438745109478,0.0003438745109478,std,0.0063281481968448,0.0543404642639882,3.910663194991998,3.910663194991998,3.8563227307280097,0.0543404642639882,0.024549338137393698,1.0081765882082165,False
5,0.05,0.05,fti_dchi7v,0.0,Mchirp,-13.152848960739862,-59.41399629763509,4.517195968339698,False,processed,333021.2829607493,333021.1486413056,-0.1343194436631165,std,4.569406253072295,-0.0293953822934446,13.123453578446417,13.123453578446417,13.152848960739862,0.0293953822934446,59.27967685397197,1.011558118155274,True
5,0.05,0.05,fti_dchi7v,0.0,q,-70.68244931157965,-0.3604759602194534,0.005099935892578,False,processed,4.0,4.000226687399081,0.0002266873990812,std,0.0050599137142374,0.0448006452053567,70.727249956785,70.727249956785,70.68244931157965,0.0448006452053567,0.3607026476185346,0.992152415406075,False
5,0.05,0.05,fti_dchi7v,0.0,chiPN,-39.86709444805934,-0.0137662467993402,0.0003453034887524,False,processed,0.4461946902654867,0.4461876980108297,-6.992254657001151e-06,std,0.0003490248898529,-0.0200336848754465,39.8470607631839,39.8470607631839,39.86709444805934,0.0200336848754465,0.013759254544683198,1.0107771894050233,True
5,0.05,0.05,fti_dchi7v,0.0,chim,-35.16614140788506,-0.0834437810899642,0.002372844382388,False,processed,0.3,0.3000573817918421,5.738179184211489e-05,std,0.0023612746782064,0.0243011930681861,35.19044260095324,35.19044260095324,35.16614140788506,0.0243011930681861,0.08350116288180631,0.995124120120361,False
5,0.05,0.05,fti_dchi7v,0.0,Deltat,15.513225580524631,1.7130546362658947,0.1104254319885911,False,processed,0.0,0.0019620197784734,0.0019620197784734,std,0.110311700258946,0.0177861439345766,-15.495439436590054,15.495439436590054,15.513225580524631,0.0177861439345766,-1.7110926164874214,0.9989700585490411,True
5,0.05,0.05,fti_dchi7v,0.0,dist,-26.352460109883225,-747.1297546724563,28.35142341766615,False,processed,6791.810623950696,6793.269507884061,1.458883933364632,std,28.414446213478804,0.0513430359474185,26.403803145830643,26.403803145830643,26.352460109883225,0.0513430359474185,748.588638605821,1.0022229146975874,False
5,0.05,0.05,fti_dchi7v,0.0,inc,29.7197636684626,0.085418189135058,0.0028741207395838,False,processed,1.0471975511965976,1.0470570198360911,-0.0001405313605062,std,0.0029133459677716,-0.048237099905364,-29.768000768367965,29.768000768367965,29.7197636684626,0.048237099905364,-0.08555872049556419,1.0136477315123096,False
5,0.05,0.05,fti_dchi7v,0.0,phi,-71.52672771831297,-1.104829715053704,0.0154463897664206,False,processed,0.7,0.7006506522535645,0.0006506522535645,std,0.0152970465314353,0.0425345018221292,71.5692622201351,71.5692622201351,71.52672771831297,0.0425345018221292,1.1054803673072686,0.9903315119426831,False
5,0.05,0.05,fti_dchi7v,0.0,lambda,-28.27278338492669,-0.096287013612371,0.0034056432400534,False,processed,1.0,1.000119031693694,0.000119031693694,std,0.0034494732309959,0.034507208991944,28.307290593918633,28.307290593918633,28.27278338492669,0.034507208991944,0.096406045306065,1.0128698127939593,False
5,0.05,0.05,fti_dchi7v,0.0,beta,-5.615577186259649,-0.0093672103603466,0.0016680761477674,False,processed,0.5235987755982988,0.5236844237623475,8.564816404865727e-05,std,0.0016452318774531,0.0520584151221546,5.667635601381804,5.667635601381804,5.615577186259649,0.0520584151221546,0.009452858524395258,0.9863050195011328,False
5,0.05,0.05,fti_dchi7v,0.0,psi,-27.75735789704313,-0.1098486101494593,0.0039574591557635,False,processed,1.2,1.2001451180144749,0.0001451180144746,std,0.0039699664557957,0.0365539648988325,27.79391186194196,27.79391186194196,27.75735789704313,0.0365539648988325,0.10999372816393391,1.0031604369217517,False
5,0.05,0.05,fti_dchi7v,0.0,fti_dchi7v,3.335400091340182,0.0090062593777289,0.0027002036130874,True,processed,0.0,-0.0001361588766493,-0.0001361588766493,std,0.002679716301542,-0.0508109297133435,-3.3862110210535254,3.3862110210535254,3.335400091340182,0.0508109297133435,-0.0091424182543782,0.9924126790120191,False
5,0.05,0.05,fti_dchiMinus2v,0.0,Mchirp,-4.073538239855698,-60.472656863472366,14.84524099265963,False,processed,333021.2829607493,333021.21441792685,-0.0685428224387578,std,15.12025740987345,-0.004533178277375,4.069005061578323,4.069005061578323,4.073538239855698,0.004533178277375,60.40411404103361,1.01852556097606,True
5,0.05,0.05,fti_dchiMinus2v,0.0,q,-73.03945510765196,-0.3541725773356994,0.0048490583180513,False,processed,4.0,4.000029000566429,2.9000566429182584e-05,std,0.0049287985098282,0.0058839018010889,73.04533900945304,73.04533900945304,73.03945510765196,0.0058839018010889,0.3542015779021286,1.0164444695334052,False
5,0.05,0.05,fti_dchiMinus2v,0.0,chiPN,-39.44023861954574,-0.0142413488370929,0.0003610867818136,False,processed,0.4461946902654867,0.4461934407543543,-1.2495111323951311e-06,std,0.000365637994203,-0.0034173448935978,39.43682127465214,39.43682127465214,39.44023861954574,0.0034173448935978,0.014240099325960504,1.012604206574777,True
5,0.05,0.05,fti_dchiMinus2v,0.0,chim,-30.136224420114257,-0.0815515092985155,0.0027060957657351,False,processed,0.3,0.3000061015224723,6.1015224723237615e-06,std,0.0027221355237331,0.0022414469886334,30.13846586710289,30.13846586710289,30.136224420114257,0.0022414469886334,0.08155761082098782,1.005927269168038,False
5,0.05,0.05,fti_dchiMinus2v,0.0,Deltat,16.63598623643959,1.498341868412922,0.0900663084903823,False,processed,0.0,0.0078543918085587,0.0078543918085587,std,0.092568138355149,0.0848498408645147,-16.551136395575075,16.551136395575075,16.63598623643959,0.0848498408645147,-1.4904874766043632,1.027777644123539,True
5,0.05,0.05,fti_dchiMinus2v,0.0,dist,-26.04132862790108,-733.0696822254322,28.150241206971675,False,processed,6791.810623950696,6792.600343218608,0.7897192679120053,std,28.355769063239816,0.027850391437127,26.069179019338208,26.069179019338208,26.04132862790108,0.027850391437127,733.8594014933442,1.0073011046248954,False
5,0.05,0.05,fti_dchiMinus2v,0.0,inc,29.553288793695582,0.0839834822656682,0.0028417643414219,False,processed,1.0471975511965976,1.047144365971594,-5.318522500363798e-05,std,0.0028575629145521,-0.0186120923997129,-29.571900886095296,29.571900886095296,29.553288793695582,0.0186120923997129,-0.08403666749067183,1.0055594240873242,False
5,0.05,0.05,fti_dchiMinus2v,0.0,phi,-72.44898348524414,-1.0912876134341047,0.0150628423055289,False,processed,0.7,0.700067951921282,6.795192128206118e-05,std,0.015316114599496,0.004436629201266,72.45342011444541,72.45342011444541,72.44898348524414,0.004436629201266,1.0913555653553868,1.0168143759876005,False
5,0.05,0.05,fti_dchiMinus2v,0.0,lambda,-28.068123488239447,-0.0947317361251958,0.0033750648191671,False,processed,1.0,1.0001249561431091,0.0001249561431091,std,0.0033873199296486,0.0368893832600295,28.105012871499476,28.105012871499476,28.068123488239447,0.0368893832600295,0.0948566922683049,1.003631074109126,False
5,0.05,0.05,fti_dchiMinus2v,0.0,beta,-5.18601173869424,-0.0088772406280304,0.0017117663968623,False,processed,0.5235987755982988,0.5236157110320572,1.6935433758358265e-05,std,0.0016836298047738,0.0100588821309403,5.19607062082518,5.19607062082518,5.18601173869424,0.0100588821309403,0.008894176061788758,0.9835628318559853,False
5,0.05,0.05,fti_dchiMinus2v,0.0,psi,-27.44150424542356,-0.1076474263205184,0.0039227961177992,False,processed,1.2,1.200125427002654,0.000125427002654,std,0.0039453961668314,0.0317907245179853,27.473294969941545,27.473294969941545,27.44150424542356,0.0317907245179853,0.1077728533231724,1.0057612091868997,False
5,0.05,0.05,fti_dchiMinus2v,0.0,fti_dchiMinus2v,-0.4031516533764326,-4.44831157255703e-07,1.1033841819330284e-06,True,processed,0.0,2.6278666962540474e-09,2.6278666962540474e-09,std,1.1332746449861026e-06,0.0023188259861635,0.4054704793625961,0.4054704793625961,0.4031516533764326,0.0023188259861635,4.4745902395195705e-07,1.0270898056565474,False
5,0.05,0.05,fti_dkappa_S,0.0,Mchirp,-15.204780331405413,-62.602508736503296,4.117291231573932,False,processed,333021.2829607493,333021.40197436226,0.1190136129735037,std,4.070764689765273,0.0292361809251043,15.234016512330518,15.234016512330518,15.204780331405413,0.0292361809251043,62.7215223494768,0.9886997204735324,False
5,0.05,0.05,fti_dkappa_S,0.0,q,-69.82025554665836,-0.3634296833348127,0.0052052184640307,False,processed,4.0,4.000047310098436,4.731009843617073e-05,std,0.0052683245756821,0.0089801032105248,69.82923564986888,69.82923564986888,69.82025554665836,0.0089801032105248,0.36347699343324885,1.0121236240298996,False
5,0.05,0.05,fti_dkappa_S,0.0,chiPN,-36.42274750999637,-0.0134248311021851,0.0003685837016688,False,processed,0.4461946902654867,0.446202444190297,7.753924810283142e-06,std,0.0003672849178099,0.0211114707800123,36.44385898077638,36.44385898077638,36.42274750999637,0.0211114707800123,0.013432585026995384,0.9964762851612277,False
5,0.05,0.05,fti_dkappa_S,0.0,chim,-33.09141804919659,-0.0866352861772505,0.0026180590402155,False,processed,0.3,0.2999569241316523,-4.307586834773058e-05,std,0.0026136644046718,-0.0164810249819119,33.07493702421468,33.07493702421468,33.09141804919659,0.0164810249819119,0.08659221030890277,0.9983214146525364,True
5,0.05,0.05,fti_dkappa_S,0.0,Deltat,16.436609648369256,1.7340655547151869,0.1055001969270001,False,processed,0.0,0.0049674520358531,0.0049674520358531,std,0.1060077300438645,0.0468593378407189,-16.389750310528537,16.389750310528537,16.436609648369256,0.0468593378407189,-1.7290981026793337,1.004810731464469,True
5,0.05,0.05,fti_dkappa_S,0.0,dist,-26.488561342735867,-755.1315463825995,28.50783538645009,False,processed,6791.810623950696,6792.625564597203,0.8149406465072389,std,28.4484173944056,0.028646255965982,26.517207598701848,26.517207598701848,26.488561342735867,0.028646255965982,755.9464870291067,0.9979157311932307,False
5,0.05,0.05,fti_dkappa_S,0.0,inc,29.85198087091011,0.0854671767605923,0.0028630320088365,False,processed,1.0471975511965976,1.0470618894372756,-0.000135661759322,std,0.0028238442443702,-0.0480415163097128,-29.900022387219824,29.900022387219824,29.85198087091011,0.0480415163097128,-0.0856028385199143,0.9863124951640952,False
5,0.05,0.05,fti_dkappa_S,0.0,phi,-70.55466774790455,-1.113400697610679,0.015780680898235,False,processed,0.7,0.7001110726191877,0.0001110726191877,std,0.0159149136773754,0.0069791531037737,70.56164690100832,70.56164690100832,70.55466774790455,0.0069791531037737,1.1135117702298667,1.0085061462180265,False
5,0.05,0.05,fti_dkappa_S,0.0,lambda,-28.366305253954856,-0.0962175616621321,0.0033919666590599,False,processed,1.0,1.000155222633658,0.0001552226336578,std,0.0033449785046006,0.0464046729879928,28.41270992694285,28.41270992694285,28.366305253954856,0.0464046729879928,0.09637278429578991,0.9861472239611214,False
5,0.05,0.05,fti_dkappa_S,0.0,beta,-6.073402177100519,-0.0103191695491785,0.001699075616643,False,processed,0.5235987755982988,0.5235615108919449,-3.726470635390111e-05,std,0.0016967895236495,-0.0219618908736241,6.051440286226895,6.051440286226895,6.073402177100519,0.0219618908736241,0.0102819048428246,0.9986545077975889,True
5,0.05,0.05,fti_dkappa_S,0.0,psi,-27.890078577653597,-0.1110052739033071,0.003980099001666,False,processed,1.2,1.2001016235523476,0.0001016235523476,std,0.0039638987482182,0.0256372724942437,27.91571585014784,27.91571585014784,27.890078577653597,0.0256372724942437,0.11110689745565469,0.9959296858090668,False
5,0.05,0.05,fti_dkappa_S,0.0,fti_dkappa_S,-4.25866793309125,-0.0279668083621595,0.006567031945564,True,processed,0.0,-0.0001444666625123,-0.0001444666625123,std,0.0066822617095903,-0.0216194259953996,4.23704850709585,4.23704850709585,4.25866793309125,0.0216194259953996,0.027822341699647198,1.017546703744016,True
5,0.05,0.05,fti_dxi0v,0.0,Mchirp,-8.774850349996319,-800.5573598566407,91.233163863242,False,processed,333021.2829607493,333019.553054106,-1.7299066433333792,std,90.01271210897657,-0.0192184704004809,8.755631879595837,8.755631879595837,8.774850349996319,0.0192184704004809,798.8274532133073,0.9866227180710857,True
5,0.05,0.05,fti_dxi0v,0.0,q,-75.74307056745388,-0.3538008116338389,0.0046710650754349,False,processed,4.0,4.000169472469255,0.0001694724692544,std,0.004666045527613,0.036320363410849,75.77939093086474,75.77939093086474,75.74307056745388,0.036320363410849,0.35397028410309334,0.9989253954417596,False
5,0.05,0.05,fti_dxi0v,0.0,chiPN,-47.38924466403508,-0.0143429662119911,0.0003026628998557,False,processed,0.4461946902654867,0.4461919322608562,-2.7580046305653028e-06,std,0.0003074309761914,-0.0089711344794599,47.38027352955562,47.38027352955562,47.38924466403508,0.0089711344794599,0.014340208207360535,1.0157537522371367,True
5,0.05,0.05,fti_dxi0v,0.0,chim,-34.87022060350307,-0.092046263498402,0.0026396811349439,False,processed,0.3,0.3000224426704205,2.244267042045278e-05,std,0.0026415928043944,0.0084958856577433,34.878716489160816,34.878716489160816,34.87022060350307,0.0084958856577433,0.09206870616882246,1.0007242046871472,False
5,0.05,0.05,fti_dxi0v,0.0,Deltat,18.40662596314992,1.7606923000286088,0.0956553527818469,False,processed,0.0,0.0087147897543404,0.0087147897543404,std,0.0976138064220736,0.0892782493970006,-18.31734771375292,18.31734771375292,18.40662596314992,0.0892782493970006,-1.7519775102742683,1.0204740621749957,True
5,0.05,0.05,fti_dxi0v,0.0,dist,-26.91239669571844,-757.9356391448964,28.163067292534308,False,processed,6791.810623950696,6791.761374558146,-0.0492493925503367,std,28.291272858567595,-0.0017407980473887,26.91065589767105,26.91065589767105,26.91239669571844,0.0017407980473887,757.8863897523461,1.0045522586265763,True
5,0.05,0.05,fti_dxi0v,0.0,inc,28.668061311025426,0.081829325853477,0.0028543725006617,False,processed,1.0471975511965976,1.04722690201656,2.935081996224831e-05,std,0.0028599146516573,0.010262830726518,-28.657798480298908,28.657798480298908,28.668061311025426,0.010262830726518,-0.08179997503351476,1.0019416355063382,True
5,0.05,0.05,fti_dxi0v,0.0,phi,-71.69164905250179,-1.13544920869942,0.0158379563548314,False,processed,0.7,0.7004480510832545,0.0004480510832545,std,0.0157572828899768,0.0284345395321628,71.72008359203394,71.72008359203394,71.69164905250179,0.0284345395321628,1.1358972597826744,0.9949063210525902,False
5,0.05,0.05,fti_dxi0v,0.0,lambda,-27.05463927671368,-0.0918270156050633,0.0033941319514875,False,processed,1.0,0.9999770764429304,-2.2923557069454148e-05,std,0.0034071609934528,-0.0067280522151738,27.047911224498506,27.047911224498506,27.05463927671368,0.0067280522151738,0.09180409204799385,1.0038386963593415,True
5,0.05,0.05,fti_dxi0v,0.0,beta,-7.073434726286582,-0.0120829675949443,0.0017082178690419,False,processed,0.5235987755982988,0.5235923286238764,-6.446974422424923e-06,std,0.001704495208447,-0.0037823364891115,7.06965238979747,7.06965238979747,7.073434726286582,0.0037823364891115,0.012076520620521876,0.9978207343089158,True
5,0.05,0.05,fti_dxi0v,0.0,psi,-27.94544383597876,-0.108856525441916,0.0038953228326174,False,processed,1.2,1.200004212362203,4.2123622030487695e-06,std,0.003908907448484,0.0010776316038596,27.94652146758262,27.94652146758262,27.94544383597876,0.0010776316038596,0.10886073780411905,1.0034874172052826,False
5,0.05,0.05,fti_dxi0v,0.0,fti_dxi0v,-11.641292454486155,-0.0002577422633185,2.214034776003436e-05,True,processed,0.0,-1.60590148606075e-07,-1.60590148606075e-07,std,2.2485383305728543e-05,-0.0071419795883649,11.63415047489779,11.63415047489779,11.641292454486155,0.0071419795883649,0.00025758167316989396,1.0155840165400205,True
