fti_case,inj_id_requested,data_file_inj_id,out_name_inj_id,data_file,json_file,out_dir,out_name,post_found,post_path_kind,postfile,raw_found,raw_path_kind,rawfile,sampler,n_walkers,n_temps,n_iter_config,burn_in_config,thin_samples_config,raw_nsteps,raw_burnin_used_by_notebook,raw_burnin_reason,minf,maxf,approximant,TDI,Mchirp_inj_FTI_block,dxi0v_inj_FTI_block,infer_params,warnings
fti_dchi0v,4,4,4,/pbs/home/a/amahdi/pySEOBNR_deviation/Injection set/SEOBNRv5HMROM_times_pSEOB_ratio_phase_with_denom_condition_domega_dtau_scan_M1e6/M1e6/data_rom_pseob_ratio_phase_domega_dtau_scan_M1e6_M1e6_id_4.h5,/pbs/home/a/amahdi/PE_for_my_work/config_files/M1e6_SEOBv5_id_4/M1e6_SEOBv5_id_4_fti_dchi0v_IMR.json,/pbs/home/a/amahdi/PE_for_my_work/run_data/M1e6_SEOBv5_id_4,M1e6_SEOBv5_id_4_fti_dchi0v_IMR,False,,,False,,,ptemcee,64,10,10000,5000,True,,0,no raw lnL available,1e-05,0.2,SEOBNRv5HMROM,TDIAET,333021.2829607493,0.0,"Mchirp, q, chiPN, chim, Deltat, dist, inc, phi, lambda, beta, psi, fti_dchi0v",
fti_dchi1v,4,4,4,/pbs/home/a/amahdi/pySEOBNR_deviation/Injection set/SEOBNRv5HMROM_times_pSEOB_ratio_phase_with_denom_condition_domega_dtau_scan_M1e6/M1e6/data_rom_pseob_ratio_phase_domega_dtau_scan_M1e6_M1e6_id_4.h5,/pbs/home/a/amahdi/PE_for_my_work/config_files/M1e6_SEOBv5_id_4/M1e6_SEOBv5_id_4_fti_dchi1v_IMR.json,/pbs/home/a/amahdi/PE_for_my_work/run_data/M1e6_SEOBv5_id_4,M1e6_SEOBv5_id_4_fti_dchi1v_IMR,False,,,False,,,ptemcee,64,10,10000,5000,True,,0,no raw lnL available,1e-05,0.2,SEOBNRv5HMROM,TDIAET,333021.2829607493,0.0,"Mchirp, q, chiPN, chim, Deltat, dist, inc, phi, lambda, beta, psi, fti_dchi1v",
fti_dchi2v,4,4,4,/pbs/home/a/amahdi/pySEOBNR_deviation/Injection set/SEOBNRv5HMROM_times_pSEOB_ratio_phase_with_denom_condition_domega_dtau_scan_M1e6/M1e6/data_rom_pseob_ratio_phase_domega_dtau_scan_M1e6_M1e6_id_4.h5,/pbs/home/a/amahdi/PE_for_my_work/config_files/M1e6_SEOBv5_id_4/M1e6_SEOBv5_id_4_fti_dchi2v_IMR.json,/pbs/home/a/amahdi/PE_for_my_work/run_data/M1e6_SEOBv5_id_4,M1e6_SEOBv5_id_4_fti_dchi2v_IMR,False,,,False,,,ptemcee,64,10,10000,5000,True,,0,no raw lnL available,1e-05,0.2,SEOBNRv5HMROM,TDIAET,333021.2829607493,0.0,"Mchirp, q, chiPN, chim, Deltat, dist, inc, phi, lambda, beta, psi, fti_dchi2v",
fti_dchi3v,4,4,4,/pbs/home/a/amahdi/pySEOBNR_deviation/Injection set/SEOBNRv5HMROM_times_pSEOB_ratio_phase_with_denom_condition_domega_dtau_scan_M1e6/M1e6/data_rom_pseob_ratio_phase_domega_dtau_scan_M1e6_M1e6_id_4.h5,/pbs/home/a/amahdi/PE_for_my_work/config_files/M1e6_SEOBv5_id_4/M1e6_SEOBv5_id_4_fti_dchi3v_IMR.json,/pbs/home/a/amahdi/PE_for_my_work/run_data/M1e6_SEOBv5_id_4,M1e6_SEOBv5_id_4_fti_dchi3v_IMR,False,,,False,,,ptemcee,64,10,10000,5000,True,,0,no raw lnL available,1e-05,0.2,SEOBNRv5HMROM,TDIAET,333021.2829607493,0.0,"Mchirp, q, chiPN, chim, Deltat, dist, inc, phi, lambda, beta, psi, fti_dchi3v",
fti_dchi4v,4,4,4,/pbs/home/a/amahdi/pySEOBNR_deviation/Injection set/SEOBNRv5HMROM_times_pSEOB_ratio_phase_with_denom_condition_domega_dtau_scan_M1e6/M1e6/data_rom_pseob_ratio_phase_domega_dtau_scan_M1e6_M1e6_id_4.h5,/pbs/home/a/amahdi/PE_for_my_work/config_files/M1e6_SEOBv5_id_4/M1e6_SEOBv5_id_4_fti_dchi4v_IMR.json,/pbs/home/a/amahdi/PE_for_my_work/run_data/M1e6_SEOBv5_id_4,M1e6_SEOBv5_id_4_fti_dchi4v_IMR,False,,,False,,,ptemcee,64,10,10000,5000,True,,0,no raw lnL available,1e-05,0.2,SEOBNRv5HMROM,TDIAET,333021.2829607493,0.0,"Mchirp, q, chiPN, chim, Deltat, dist, inc, phi, lambda, beta, psi, fti_dchi4v",
fti_dchi5lv,4,4,4,/pbs/home/a/amahdi/pySEOBNR_deviation/Injection set/SEOBNRv5HMROM_times_pSEOB_ratio_phase_with_denom_condition_domega_dtau_scan_M1e6/M1e6/data_rom_pseob_ratio_phase_domega_dtau_scan_M1e6_M1e6_id_4.h5,/pbs/home/a/amahdi/PE_for_my_work/config_files/M1e6_SEOBv5_id_4/M1e6_SEOBv5_id_4_fti_dchi5lv_IMR.json,/pbs/home/a/amahdi/PE_for_my_work/run_data/M1e6_SEOBv5_id_4,M1e6_SEOBv5_id_4_fti_dchi5lv_IMR,False,,,False,,,ptemcee,64,10,10000,5000,True,,0,no raw lnL available,1e-05,0.2,SEOBNRv5HMROM,TDIAET,333021.2829607493,0.0,"Mchirp, q, chiPN, chim, Deltat, dist, inc, phi, lambda, beta, psi, fti_dchi5lv",
fti_dchi6lv,4,4,4,/pbs/home/a/amahdi/pySEOBNR_deviation/Injection set/SEOBNRv5HMROM_times_pSEOB_ratio_phase_with_denom_condition_domega_dtau_scan_M1e6/M1e6/data_rom_pseob_ratio_phase_domega_dtau_scan_M1e6_M1e6_id_4.h5,/pbs/home/a/amahdi/PE_for_my_work/config_files/M1e6_SEOBv5_id_4/M1e6_SEOBv5_id_4_fti_dchi6lv_IMR.json,/pbs/home/a/amahdi/PE_for_my_work/run_data/M1e6_SEOBv5_id_4,M1e6_SEOBv5_id_4_fti_dchi6lv_IMR,False,,,False,,,ptemcee,64,10,10000,5000,True,,0,no raw lnL available,1e-05,0.2,SEOBNRv5HMROM,TDIAET,333021.2829607493,0.0,"Mchirp, q, chiPN, chim, Deltat, dist, inc, phi, lambda, beta, psi, fti_dchi6lv",
fti_dchi6v,4,4,4,/pbs/home/a/amahdi/pySEOBNR_deviation/Injection set/SEOBNRv5HMROM_times_pSEOB_ratio_phase_with_denom_condition_domega_dtau_scan_M1e6/M1e6/data_rom_pseob_ratio_phase_domega_dtau_scan_M1e6_M1e6_id_4.h5,/pbs/home/a/amahdi/PE_for_my_work/config_files/M1e6_SEOBv5_id_4/M1e6_SEOBv5_id_4_fti_dchi6v_IMR.json,/pbs/home/a/amahdi/PE_for_my_work/run_data/M1e6_SEOBv5_id_4,M1e6_SEOBv5_id_4_fti_dchi6v_IMR,False,,,False,,,ptemcee,64,10,10000,5000,True,,0,no raw lnL available,1e-05,0.2,SEOBNRv5HMROM,TDIAET,333021.2829607493,0.0,"Mchirp, q, chiPN, chim, Deltat, dist, inc, phi, lambda, beta, psi, fti_dchi6v",
fti_dchi7v,4,4,4,/pbs/home/a/amahdi/pySEOBNR_deviation/Injection set/SEOBNRv5HMROM_times_pSEOB_ratio_phase_with_denom_condition_domega_dtau_scan_M1e6/M1e6/data_rom_pseob_ratio_phase_domega_dtau_scan_M1e6_M1e6_id_4.h5,/pbs/home/a/amahdi/PE_for_my_work/config_files/M1e6_SEOBv5_id_4/M1e6_SEOBv5_id_4_fti_dchi7v_IMR.json,/pbs/home/a/amahdi/PE_for_my_work/run_data/M1e6_SEOBv5_id_4,M1e6_SEOBv5_id_4_fti_dchi7v_IMR,False,,,False,,,ptemcee,64,10,10000,5000,True,,0,no raw lnL available,1e-05,0.2,SEOBNRv5HMROM,TDIAET,333021.2829607493,0.0,"Mchirp, q, chiPN, chim, Deltat, dist, inc, phi, lambda, beta, psi, fti_dchi7v",
fti_dchiMinus2v,4,4,4,/pbs/home/a/amahdi/pySEOBNR_deviation/Injection set/SEOBNRv5HMROM_times_pSEOB_ratio_phase_with_denom_condition_domega_dtau_scan_M1e6/M1e6/data_rom_pseob_ratio_phase_domega_dtau_scan_M1e6_M1e6_id_4.h5,/pbs/home/a/amahdi/PE_for_my_work/config_files/M1e6_SEOBv5_id_4/M1e6_SEOBv5_id_4_fti_dchiMinus2v_IMR.json,/pbs/home/a/amahdi/PE_for_my_work/run_data/M1e6_SEOBv5_id_4,M1e6_SEOBv5_id_4_fti_dchiMinus2v_IMR,False,,,False,,,ptemcee,64,10,10000,5000,True,,0,no raw lnL available,1e-05,0.2,SEOBNRv5HMROM,TDIAET,333021.2829607493,0.0,"Mchirp, q, chiPN, chim, Deltat, dist, inc, phi, lambda, beta, psi, fti_dchiMinus2v",
fti_dkappa_S,4,4,4,/pbs/home/a/amahdi/pySEOBNR_deviation/Injection set/SEOBNRv5HMROM_times_pSEOB_ratio_phase_with_denom_condition_domega_dtau_scan_M1e6/M1e6/data_rom_pseob_ratio_phase_domega_dtau_scan_M1e6_M1e6_id_4.h5,/pbs/home/a/amahdi/PE_for_my_work/config_files/M1e6_SEOBv5_id_4/M1e6_SEOBv5_id_4_fti_dkappa_S_IMR.json,/pbs/home/a/amahdi/PE_for_my_work/run_data/M1e6_SEOBv5_id_4,M1e6_SEOBv5_id_4_fti_dkappa_S_IMR,False,,,False,,,ptemcee,64,10,10000,5000,True,,0,no raw lnL available,1e-05,0.2,SEOBNRv5HMROM,TDIAET,333021.2829607493,0.0,"Mchirp, q, chiPN, chim, Deltat, dist, inc, phi, lambda, beta, psi, fti_dkappa_S",
fti_dxi0v,4,4,4,/pbs/home/a/amahdi/pySEOBNR_deviation/Injection set/SEOBNRv5HMROM_times_pSEOB_ratio_phase_with_denom_condition_domega_dtau_scan_M1e6/M1e6/data_rom_pseob_ratio_phase_domega_dtau_scan_M1e6_M1e6_id_4.h5,/pbs/home/a/amahdi/PE_for_my_work/config_files/M1e6_SEOBv5_id_4/M1e6_SEOBv5_id_4_fti_dxi0v_IMR.json,/pbs/home/a/amahdi/PE_for_my_work/run_data/M1e6_SEOBv5_id_4,M1e6_SEOBv5_id_4_fti_dxi0v_IMR,False,,,False,,,ptemcee,64,10,10000,5000,True,,0,no raw lnL available,1e-05,0.2,SEOBNRv5HMROM,TDIAET,333021.2829607493,0.0,"Mchirp, q, chiPN, chim, Deltat, dist, inc, phi, lambda, beta, psi, fti_dxi0v",
