active_fti_run,parameter,posterior_source,true_value,posterior_median,median_minus_true,sigma_method,sigma_PE,median_bias_over_sigma_PE
fti_dchi0v,Mchirp,processed,333021.2829607493,332959.5668684724,-61.716092276910786,std,90.67909948873873,-0.6805988659445741
fti_dchi0v,q,processed,4.0,3.931821331603234,-0.068178668396766,std,0.004506123489228308,-15.130226359695678
fti_dchi0v,chiPN,processed,0.44619469026548675,0.4426018808053478,-0.003592809460138957,std,0.0002979255396937744,-12.059420833245314
fti_dchi0v,chim,processed,0.30000000000000004,0.29100609003056555,-0.0089939099694345,std,0.0025528262201995108,-3.5231187686295384
fti_dchi0v,Deltat,processed,-0.4506218604171057,0.61454754556135,1.0651694059784558,std,0.09785926764701178,10.884706493212569
fti_dchi0v,dist,processed,6791.810623950696,6665.087968176785,-126.72265577391136,std,29.78845192620184,-4.254086653709133
fti_dchi0v,inc,processed,1.0471975511965976,1.0605960173804065,0.01339846618380891,std,0.00282214483481481,4.747618201065191
fti_dchi0v,phi,processed,0.7,0.48453720327931493,-0.21546279672068502,std,0.01544766149986387,-13.947923232431249
fti_dchi0v,lambda,processed,1.0,0.9850802931681273,-0.014919706831872714,std,0.003462312579508801,-4.309173851076547
fti_dchi0v,beta,processed,0.5235987755982988,0.5216651321300485,-0.0019336434682503123,std,0.001779483020330853,-1.086632154484282
fti_dchi0v,psi,processed,1.2,1.1830725875861745,-0.01692741241382545,std,0.003948551905418992,-4.286992502389109
fti_dchi0v,fti_dchi0v,processed,0.0,0.000202697556412898,0.000202697556412898,std,0.00046209306218961306,0.43865094068372756
fti_dchi1v,Mchirp,processed,333021.2829607493,333004.88476511155,-16.398195637739263,std,15.628204912351668,-1.0492693005822464
fti_dchi1v,q,processed,4.0,3.9322747192548184,-0.06772528074518158,std,0.0047189520957230955,-14.351762715828945
fti_dchi1v,chiPN,processed,0.44619469026548675,0.4425428556224178,-0.003651834643068952,std,0.00035984401350792607,-10.14838237120906
fti_dchi1v,chim,processed,0.30000000000000004,0.29207876105756947,-0.007921238942430575,std,0.0028509400138507597,-2.7784656653408053
fti_dchi1v,Deltat,processed,-0.4506218604171057,0.5828766359335391,1.0334984963506448,std,0.09540597636812065,10.832638957154286
fti_dchi1v,dist,processed,6791.810623950696,6668.583765651658,-123.22685829903821,std,30.21004332054449,-4.079003031923399
fti_dchi1v,inc,processed,1.0471975511965976,1.0606159564335202,0.013418405236922615,std,0.002853351312423992,4.702682483750432
fti_dchi1v,phi,processed,0.7,0.4885127833509868,-0.21148721664901315,std,0.015155018498359107,-13.954929627562757
fti_dchi1v,lambda,processed,1.0,0.9850191971989715,-0.014980802801028537,std,0.0035016013802165557,-4.278271903154794
fti_dchi1v,beta,processed,0.5235987755982988,0.5219924631863772,-0.001606312411921662,std,0.0018195091342330474,-0.882827341561409
fti_dchi1v,psi,processed,1.2,1.1834329062572824,-0.016567093742717587,std,0.00402801994972328,-4.112962187254243
fti_dchi1v,fti_dchi1v,processed,0.0,-0.000250835249830185,-0.000250835249830185,std,0.0006857637173444608,-0.36577503808675527
fti_dchi2v,Mchirp,processed,333021.2829607493,333000.0573885408,-21.225572208466474,std,7.093426048243298,-2.992287797759311
fti_dchi2v,q,processed,4.0,3.9318310891851027,-0.06816891081489729,std,0.004921766583275881,-13.850496495818115
fti_dchi2v,chiPN,processed,0.44619469026548675,0.44259257962722787,-0.003602110638258882,std,0.0003776551213531742,-9.538095565478304
fti_dchi2v,chim,processed,0.30000000000000004,0.2916305633687538,-0.00836943663124623,std,0.0029179251403283497,-2.8682835332452807
fti_dchi2v,Deltat,processed,-0.4506218604171057,0.5939167123110773,1.044538572728183,std,0.09974737440259934,10.471840276338774
fti_dchi2v,dist,processed,6791.810623950696,6667.722484945298,-124.08813900539826,std,30.304848067408052,-4.094662963806484
fti_dchi2v,inc,processed,1.0471975511965976,1.060606674032794,0.01340912283619633,std,0.002851114326296194,4.703116501685767
fti_dchi2v,phi,processed,0.7,0.4870145180760792,-0.21298548192392075,std,0.015534593096265648,-13.710399789944946
fti_dchi2v,lambda,processed,1.0,0.9850046266180434,-0.014995373381956556,std,0.0034750685163530055,-4.31513028056604
fti_dchi2v,beta,processed,0.5235987755982988,0.5218512994993942,-0.0017474760989045768,std,0.0018509989219855864,-0.944071916060351
fti_dchi2v,psi,processed,1.2,1.1832702465240599,-0.01672975347594008,std,0.004018015868391753,-4.163685267533877
fti_dchi2v,fti_dchi2v,processed,0.0,-4.188048898944385e-05,-4.188048898944385e-05,std,0.0004625640313275291,-0.09053987373218263
fti_dchi3v,Mchirp,processed,333021.2829607493,332998.74131173827,-22.541649011021946,std,4.486096117238776,-5.0247806604947405
fti_dchi3v,q,processed,4.0,3.9310059246372155,-0.06899407536278446,std,0.00492982794276426,-13.995229887089732
fti_dchi3v,chiPN,processed,0.44619469026548675,0.4427035246789433,-0.0034911655865434432,std,0.0003799193390739536,-9.189228416360944
fti_dchi3v,chim,processed,0.30000000000000004,0.29083428689798585,-0.009165713102014195,std,0.002805091555514092,-3.267527252005999
fti_dchi3v,Deltat,processed,-0.4506218604171057,0.616053370812953,1.0666752312300587,std,0.10257937997792163,10.3985345930112
fti_dchi3v,dist,processed,6791.810623950696,6663.704474598097,-128.10614935259946,std,30.456604497613483,-4.206186193954667
fti_dchi3v,inc,processed,1.0471975511965976,1.0607998249514612,0.013602273754863559,std,0.002907187032064588,4.678843708656637
fti_dchi3v,phi,processed,0.7,0.4848923070518114,-0.21510769294818854,std,0.015323896977565199,-14.037401404036771
fti_dchi3v,lambda,processed,1.0,0.9848346183365324,-0.015165381663467592,std,0.003530448810515456,-4.295595964540667
fti_dchi3v,beta,processed,0.5235987755982988,0.52156534985968,-0.002033425738618866,std,0.0017890840100681514,-1.1365736472830064
fti_dchi3v,psi,processed,1.2,1.182764392054354,-0.017235607945645937,std,0.0040478025302468565,-4.258016001732876
fti_dchi3v,fti_dchi3v,processed,0.0,-0.00016276099002337615,-0.00016276099002337615,std,0.00043243430806083166,-0.376383156908263
fti_dchi4v,Mchirp,processed,333021.2829607493,332999.25979509804,-22.023165651247837,std,3.9388033115372796,-5.591334197048898
fti_dchi4v,q,processed,4.0,3.929907644619836,-0.07009235538016378,std,0.004925590700475342,-14.230243567213074
fti_dchi4v,chiPN,processed,0.44619469026548675,0.4427877399385284,-0.003406950326958369,std,0.0003744170655981623,-9.099345729649057
fti_dchi4v,chim,processed,0.30000000000000004,0.2903015904163735,-0.009698409583626555,std,0.0026597054459936904,-3.6464224255491344
fti_dchi4v,Deltat,processed,-0.4506218604171057,0.6480708413848126,1.0986927018019184,std,0.1082555512592924,10.1490656970592
fti_dchi4v,dist,processed,6791.810623950696,6661.980419217268,-129.83020473342822,std,29.768119960675648,-4.361384088243961
fti_dchi4v,inc,processed,1.0471975511965976,1.060834287919169,0.013636736722571374,std,0.002812574645979515,4.848488818621988
fti_dchi4v,phi,processed,0.7,0.4822059792880746,-0.21779402071192533,std,0.0151774342584986,-14.349857624319581
fti_dchi4v,lambda,processed,1.0,0.9848837176152108,-0.015116282384789237,std,0.003413799254160792,-4.42799393267348
fti_dchi4v,beta,processed,0.5235987755982988,0.5213815103149848,-0.002217265283314007,std,0.001808048466146678,-1.226330668026535
fti_dchi4v,psi,processed,1.2,1.1825256983341714,-0.01747430166582853,std,0.00395981102459647,-4.412913029759866
fti_dchi4v,fti_dchi4v,processed,0.0,0.003338563725959888,0.003338563725959888,std,0.00408841246880146,0.8165917092358849
fti_dchi5lv,Mchirp,processed,333021.2829607493,333000.6160015888,-20.666959160473198,std,4.131861956709472,-5.001851314735579
fti_dchi5lv,q,processed,4.0,3.928914718318821,-0.07108528168117889,std,0.0049688650508282655,-14.306140527871573
fti_dchi5lv,chiPN,processed,0.44619469026548675,0.4428588079734267,-0.003335882292060055,std,0.00036132107339124193,-9.232459819601857
fti_dchi5lv,chim,processed,0.30000000000000004,0.28993428922810716,-0.010065710771892888,std,0.0024768898362022935,-4.063850811922342
fti_dchi5lv,Deltat,processed,-0.4506218604171057,0.6813688566848193,1.131990717101925,std,0.11378762886015939,9.948275822612473
fti_dchi5lv,dist,processed,6791.810623950696,6658.512435500759,-133.2981884499368,std,30.015975013269166,-4.440908162770313
fti_dchi5lv,inc,processed,1.0471975511965976,1.0611818272507483,0.013984276054150646,std,0.0028642988526713107,4.882268496916301
fti_dchi5lv,phi,processed,0.7,0.4798127596620496,-0.22018724033795034,std,0.01526179919086604,-14.42734487489058
fti_dchi5lv,lambda,processed,1.0,0.9845009410917736,-0.015499058908226448,std,0.0034792416153323386,-4.454723362679132
fti_dchi5lv,beta,processed,0.5235987755982988,0.5212223213637093,-0.0023764542345895423,std,0.0017647831076015356,-1.3465984711397827
fti_dchi5lv,psi,processed,1.2,1.1820159857240489,-0.017984014275951088,std,0.003995054819488215,-4.501568836608586
fti_dchi5lv,fti_dchi5lv,processed,0.0,-0.008695808820473123,-0.008695808820473123,std,0.006906995821563906,-1.2589856784514728
fti_dchi6lv,Mchirp,processed,333021.2829607493,333000.1608344524,-21.122126296861097,std,4.109566669964131,-5.139745377836991
fti_dchi6lv,q,processed,4.0,3.9295566164515376,-0.07044338354846236,std,0.0049244316143827885,-14.304875986645515
fti_dchi6lv,chiPN,processed,0.44619469026548675,0.44281761685159116,-0.0033770734138955927,std,0.0003702105594425662,-9.122034279574637
fti_dchi6lv,chim,processed,0.30000000000000004,0.29012757659900984,-0.009872423400990205,std,0.0026116326650656033,-3.7801730438772148
fti_dchi6lv,Deltat,processed,-0.4506218604171057,0.6603873761970642,1.11100923661417,std,0.10961225442008603,10.135812300294972
fti_dchi6lv,dist,processed,6791.810623950696,6661.327564621477,-130.48305932921903,std,30.313502348679897,-4.304453435579388
fti_dchi6lv,inc,processed,1.0471975511965976,1.0608795817214434,0.013682030524845734,std,0.0028762843171933786,4.756842167187557
fti_dchi6lv,phi,processed,0.7,0.481401707511637,-0.21859829248836293,std,0.015200485661396408,-14.381007117655553
fti_dchi6lv,lambda,processed,1.0,0.9848828238515892,-0.015117176148410794,std,0.0034910004050074045,-4.330327812831843
fti_dchi6lv,beta,processed,0.5235987755982988,0.5213369788497323,-0.0022617967485665247,std,0.001799090296717876,-1.2571891209089257
fti_dchi6lv,psi,processed,1.2,1.182437655190515,-0.017562344809485042,std,0.00402328791032201,-4.365172267296032
fti_dchi6lv,fti_dchi6lv,processed,0.0,-0.009892632931769216,-0.009892632931769216,std,0.010058244135392493,-0.9835347798886157
fti_dchi6v,Mchirp,processed,333021.2829607493,333002.08912635816,-19.19383439113153,std,4.315438747777206,-4.447713317914171
fti_dchi6v,q,processed,4.0,3.9283412936886073,-0.0716587063113927,std,0.004954075103038203,-14.464598299578931
fti_dchi6v,chiPN,processed,0.44619469026548675,0.4429033195908114,-0.0032913706746753313,std,0.00035000663441745817,-9.403737961005803
fti_dchi6v,chim,processed,0.30000000000000004,0.2899655025051065,-0.010034497494893546,std,0.0024360714832487337,-4.119130971276585
fti_dchi6v,Deltat,processed,-0.4506218604171057,0.7147797559489941,1.1654016163660998,std,0.1146057250442515,10.168790572339345
fti_dchi6v,dist,processed,6791.810623950696,6657.346031556774,-134.46459239392243,std,30.553488219555426,-4.400957148580496
fti_dchi6v,inc,processed,1.0471975511965976,1.0613494165577362,0.01415186536113855,std,0.002902638447503485,4.875517780490489
fti_dchi6v,phi,processed,0.7,0.4789745873114346,-0.22102541268856535,std,0.01512011739959609,-14.61796934820557
fti_dchi6v,lambda,processed,1.0,0.9843226649354273,-0.015677335064572695,std,0.0035107565216346086,-4.465514759557671
fti_dchi6v,beta,processed,0.5235987755982988,0.5212357317318596,-0.002363043866439263,std,0.001773831864535656,-1.3321690255337968
fti_dchi6v,psi,processed,1.2,1.181845133363066,-0.018154866636933997,std,0.004067408574074286,-4.463497164423891
fti_dchi6v,fti_dchi6v,processed,0.0,-0.010866427958942822,-0.010866427958942822,std,0.006661210477201387,-1.631299295546085
fti_dchi7v,Mchirp,processed,333021.2829607493,333003.35970350745,-17.923257241840474,std,4.456156814488731,-4.022133418546867
fti_dchi7v,q,processed,4.0,3.92797792776506,-0.07202207223493984,std,0.0048653354343215,-14.803105193297684
fti_dchi7v,chiPN,processed,0.44619469026548675,0.4429334292531737,-0.0032612610123130548,std,0.0003428027198212644,-9.51352140383676
fti_dchi7v,chim,processed,0.30000000000000004,0.2901481170436336,-0.009851882956366464,std,0.0022740866318346647,-4.332237311653453
fti_dchi7v,Deltat,processed,-0.4506218604171057,0.7338137347024094,1.1844355951195151,std,0.11497010518569797,10.302118043698687
fti_dchi7v,dist,processed,6791.810623950696,6657.480533211008,-134.33009073968788,std,30.60228552810001,-4.389544389301958
fti_dchi7v,inc,processed,1.0471975511965976,1.06150628586721,0.014308734670612333,std,0.0029192317262682174,4.901541231501968
fti_dchi7v,phi,processed,0.7,0.4787847399463183,-0.22121526005368164,std,0.01489172404621609,-14.854912659349962
fti_dchi7v,lambda,processed,1.0,0.9840956846599749,-0.01590431534002512,std,0.0035428730994074994,-4.489101047024494
fti_dchi7v,beta,processed,0.5235987755982988,0.5213586464121323,-0.0022401291861665618,std,0.001774208774312876,-1.2626074330142627
fti_dchi7v,psi,processed,1.2,1.1818408748709701,-0.01815912512902984,std,0.004045438563014516,-4.488790237738355
fti_dchi7v,fti_dchi7v,processed,0.0,0.005366713293448709,0.005366713293448709,std,0.0027998461954863735,1.9167886086387091
fti_dchiMinus2v,Mchirp,processed,333021.2829607493,332980.9268838235,-40.35607692581834,std,15.241503618023875,-2.647775307292856
fti_dchiMinus2v,q,processed,4.0,3.9332016974470854,-0.06679830255291463,std,0.004690958629678198,-14.239797837973478
fti_dchiMinus2v,chiPN,processed,0.44619469026548675,0.44235543820337686,-0.003839252062109888,std,0.0003672416581690155,-10.454293451487876
fti_dchiMinus2v,chim,processed,0.30000000000000004,0.29336478901768626,-0.006635210982313788,std,0.0027292219872284305,-2.4311730644717375
fti_dchiMinus2v,Deltat,processed,-0.4506218604171057,0.5909002351859173,1.041522095603023,std,0.0920552128892187,11.314102297024872
fti_dchiMinus2v,dist,processed,6791.810623950696,6669.846980759721,-121.96364319097484,std,29.65805869279259,-4.112327258311551
fti_dchiMinus2v,inc,processed,1.0471975511965976,1.0607262256762944,0.013528674479696745,std,0.002845939993113122,4.753675239968069
fti_dchiMinus2v,phi,processed,0.7,0.4897892326251796,-0.21021076737482036,std,0.01470629299614117,-14.293933041452268
fti_dchiMinus2v,lambda,processed,1.0,0.9847443261424444,-0.015255673857555552,std,0.003480440766489853,-4.383259156265267
fti_dchiMinus2v,beta,processed,0.5235987755982988,0.5223778892159633,-0.0012208863823355287,std,0.0017998079640021644,-0.6783425825167981
fti_dchiMinus2v,psi,processed,1.2,1.183620712028319,-0.016379287971680867,std,0.0039593785592622,-4.136833022284442
fti_dchiMinus2v,fti_dchiMinus2v,processed,0.0,1.4209716821557084e-06,1.4209716821557084e-06,std,1.1365877378566073e-06,1.250208527531184
fti_dkappa_S,Mchirp,processed,333021.2829607493,333000.52601868997,-20.756942059320863,std,4.085093732301625,-5.0811421767857405
fti_dkappa_S,q,processed,4.0,3.9290205961491784,-0.07097940385082158,std,0.00494861009634021,-14.343300940867223
fti_dkappa_S,chiPN,processed,0.44619469026548675,0.44287944867731754,-0.0033152415881692043,std,0.00036343641057529844,-9.121930251626061
fti_dkappa_S,chim,processed,0.30000000000000004,0.2898386244508032,-0.010161375549196827,std,0.0024890639439160644,-4.082408398560405
fti_dkappa_S,Deltat,processed,-0.4506218604171057,0.6793490063043527,1.1299708667214583,std,0.11183343963631019,10.104051796995595
fti_dkappa_S,dist,processed,6791.810623950696,6659.044207191649,-132.7664167590474,std,30.5735834592449,-4.342520625232801
fti_dkappa_S,inc,processed,1.0471975511965976,1.061140899557092,0.013943348360494268,std,0.0029059607207882238,4.79818886082955
fti_dkappa_S,phi,processed,0.7,0.4803715156171835,-0.21962848438281646,std,0.015258015270206182,-14.3943023056005
fti_dkappa_S,lambda,processed,1.0,0.9845253405199097,-0.015474659480090303,std,0.0035340059610306524,-4.3787870339577175
fti_dkappa_S,beta,processed,0.5235987755982988,0.5212875174535786,-0.0023112581447202185,std,0.0017697051518203645,-1.3060131188197077
fti_dkappa_S,psi,processed,1.2,1.1821037367857463,-0.017896263214253638,std,0.004094350108530236,-4.370965535401643
fti_dkappa_S,fti_dkappa_S,processed,0.0,-0.008676938669980306,-0.008676938669980306,std,0.006637908221448039,-1.307179668731162
fti_dxi0v,Mchirp,processed,333021.2829607493,332959.3449669243,-61.93799382500583,std,91.95478888802099,-0.6735700725758997
fti_dxi0v,q,processed,4.0,3.9317406502370025,-0.06825934976299752,std,0.004514496499296142,-15.120036038047626
fti_dxi0v,chiPN,processed,0.44619469026548675,0.44260871711576866,-0.0035859731497180913,std,0.00030565985843699625,-11.731907382458092
fti_dxi0v,chim,processed,0.30000000000000004,0.29091295037789966,-0.009087049622100385,std,0.002594632873293741,-3.5022487056386074
fti_dxi0v,Deltat,processed,-0.4506218604171057,0.6145689575035631,1.0651908179206688,std,0.10033976315064987,10.615839468560376
fti_dxi0v,dist,processed,6791.810623950696,6665.165111494621,-126.64551245607527,std,29.756407463084855,-4.256075354969813
fti_dxi0v,inc,processed,1.0471975511965976,1.0605343882685705,0.013336837071972862,std,0.002900919246957195,4.597452026960768
fti_dxi0v,phi,processed,0.7,0.4842314625697013,-0.21576853743029867,std,0.015549727180082174,-13.876033639141856
fti_dxi0v,lambda,processed,1.0,0.98517786955327,-0.014822130446729975,std,0.0035753248431531176,-4.145673777059703
fti_dxi0v,beta,processed,0.5235987755982988,0.5216201443911764,-0.0019786312071223833,std,0.0017582954732827897,-1.1253121202821619
fti_dxi0v,psi,processed,1.2,1.1830247655146544,-0.016975234485345547,std,0.003976675992731933,-4.2686994153837885
fti_dxi0v,fti_dxi0v,processed,0.0,-0.00010533319169776833,-0.00010533319169776833,std,2.193395602586801e-05,-4.802288815275396
