active_fti_run,posterior_source,number_of_parameters,parameters,number_of_samples_for_statistics,number_of_samples_plotted,plot_file,pdf_plot_file
fti_dchi0v,processed,12,"Mchirp,q,chiPN,chim,Deltat,dist,inc,phi,lambda,beta,psi,fti_dchi0v",35584,30000,/pbs/home/a/amahdi/PE_for_my_work/config_files/M1e6_SEOBv5_id_1/normalized_bias_corner_plots/full_corner_plots/fti_dchi0v_all_parameters_normalized_bias_corner_processed.png,/pbs/home/a/amahdi/PE_for_my_work/config_files/M1e6_SEOBv5_id_1/normalized_bias_corner_plots/full_corner_plots/fti_dchi0v_all_parameters_normalized_bias_corner_processed.pdf
fti_dchi1v,processed,12,"Mchirp,q,chiPN,chim,Deltat,dist,inc,phi,lambda,beta,psi,fti_dchi1v",40000,30000,/pbs/home/a/amahdi/PE_for_my_work/config_files/M1e6_SEOBv5_id_1/normalized_bias_corner_plots/full_corner_plots/fti_dchi1v_all_parameters_normalized_bias_corner_processed.png,/pbs/home/a/amahdi/PE_for_my_work/config_files/M1e6_SEOBv5_id_1/normalized_bias_corner_plots/full_corner_plots/fti_dchi1v_all_parameters_normalized_bias_corner_processed.pdf
fti_dchi2v,processed,12,"Mchirp,q,chiPN,chim,Deltat,dist,inc,phi,lambda,beta,psi,fti_dchi2v",40000,30000,/pbs/home/a/amahdi/PE_for_my_work/config_files/M1e6_SEOBv5_id_1/normalized_bias_corner_plots/full_corner_plots/fti_dchi2v_all_parameters_normalized_bias_corner_processed.png,/pbs/home/a/amahdi/PE_for_my_work/config_files/M1e6_SEOBv5_id_1/normalized_bias_corner_plots/full_corner_plots/fti_dchi2v_all_parameters_normalized_bias_corner_processed.pdf
fti_dchi3v,processed,12,"Mchirp,q,chiPN,chim,Deltat,dist,inc,phi,lambda,beta,psi,fti_dchi3v",40000,30000,/pbs/home/a/amahdi/PE_for_my_work/config_files/M1e6_SEOBv5_id_1/normalized_bias_corner_plots/full_corner_plots/fti_dchi3v_all_parameters_normalized_bias_corner_processed.png,/pbs/home/a/amahdi/PE_for_my_work/config_files/M1e6_SEOBv5_id_1/normalized_bias_corner_plots/full_corner_plots/fti_dchi3v_all_parameters_normalized_bias_corner_processed.pdf
fti_dchi4v,processed,12,"Mchirp,q,chiPN,chim,Deltat,dist,inc,phi,lambda,beta,psi,fti_dchi4v",40000,30000,/pbs/home/a/amahdi/PE_for_my_work/config_files/M1e6_SEOBv5_id_1/normalized_bias_corner_plots/full_corner_plots/fti_dchi4v_all_parameters_normalized_bias_corner_processed.png,/pbs/home/a/amahdi/PE_for_my_work/config_files/M1e6_SEOBv5_id_1/normalized_bias_corner_plots/full_corner_plots/fti_dchi4v_all_parameters_normalized_bias_corner_processed.pdf
fti_dchi5lv,processed,12,"Mchirp,q,chiPN,chim,Deltat,dist,inc,phi,lambda,beta,psi,fti_dchi5lv",35584,30000,/pbs/home/a/amahdi/PE_for_my_work/config_files/M1e6_SEOBv5_id_1/normalized_bias_corner_plots/full_corner_plots/fti_dchi5lv_all_parameters_normalized_bias_corner_processed.png,/pbs/home/a/amahdi/PE_for_my_work/config_files/M1e6_SEOBv5_id_1/normalized_bias_corner_plots/full_corner_plots/fti_dchi5lv_all_parameters_normalized_bias_corner_processed.pdf
fti_dchi6lv,processed,12,"Mchirp,q,chiPN,chim,Deltat,dist,inc,phi,lambda,beta,psi,fti_dchi6lv",35584,30000,/pbs/home/a/amahdi/PE_for_my_work/config_files/M1e6_SEOBv5_id_1/normalized_bias_corner_plots/full_corner_plots/fti_dchi6lv_all_parameters_normalized_bias_corner_processed.png,/pbs/home/a/amahdi/PE_for_my_work/config_files/M1e6_SEOBv5_id_1/normalized_bias_corner_plots/full_corner_plots/fti_dchi6lv_all_parameters_normalized_bias_corner_processed.pdf
fti_dchi6v,processed,12,"Mchirp,q,chiPN,chim,Deltat,dist,inc,phi,lambda,beta,psi,fti_dchi6v",35584,30000,/pbs/home/a/amahdi/PE_for_my_work/config_files/M1e6_SEOBv5_id_1/normalized_bias_corner_plots/full_corner_plots/fti_dchi6v_all_parameters_normalized_bias_corner_processed.png,/pbs/home/a/amahdi/PE_for_my_work/config_files/M1e6_SEOBv5_id_1/normalized_bias_corner_plots/full_corner_plots/fti_dchi6v_all_parameters_normalized_bias_corner_processed.pdf
fti_dchi7v,processed,12,"Mchirp,q,chiPN,chim,Deltat,dist,inc,phi,lambda,beta,psi,fti_dchi7v",40000,30000,/pbs/home/a/amahdi/PE_for_my_work/config_files/M1e6_SEOBv5_id_1/normalized_bias_corner_plots/full_corner_plots/fti_dchi7v_all_parameters_normalized_bias_corner_processed.png,/pbs/home/a/amahdi/PE_for_my_work/config_files/M1e6_SEOBv5_id_1/normalized_bias_corner_plots/full_corner_plots/fti_dchi7v_all_parameters_normalized_bias_corner_processed.pdf
fti_dchiMinus2v,processed,12,"Mchirp,q,chiPN,chim,Deltat,dist,inc,phi,lambda,beta,psi,fti_dchiMinus2v",40000,30000,/pbs/home/a/amahdi/PE_for_my_work/config_files/M1e6_SEOBv5_id_1/normalized_bias_corner_plots/full_corner_plots/fti_dchiMinus2v_all_parameters_normalized_bias_corner_processed.png,/pbs/home/a/amahdi/PE_for_my_work/config_files/M1e6_SEOBv5_id_1/normalized_bias_corner_plots/full_corner_plots/fti_dchiMinus2v_all_parameters_normalized_bias_corner_processed.pdf
fti_dkappa_S,processed,12,"Mchirp,q,chiPN,chim,Deltat,dist,inc,phi,lambda,beta,psi,fti_dkappa_S",35584,30000,/pbs/home/a/amahdi/PE_for_my_work/config_files/M1e6_SEOBv5_id_1/normalized_bias_corner_plots/full_corner_plots/fti_dkappa_S_all_parameters_normalized_bias_corner_processed.png,/pbs/home/a/amahdi/PE_for_my_work/config_files/M1e6_SEOBv5_id_1/normalized_bias_corner_plots/full_corner_plots/fti_dkappa_S_all_parameters_normalized_bias_corner_processed.pdf
fti_dxi0v,processed,12,"Mchirp,q,chiPN,chim,Deltat,dist,inc,phi,lambda,beta,psi,fti_dxi0v",35584,30000,/pbs/home/a/amahdi/PE_for_my_work/config_files/M1e6_SEOBv5_id_1/normalized_bias_corner_plots/full_corner_plots/fti_dxi0v_all_parameters_normalized_bias_corner_processed.png,/pbs/home/a/amahdi/PE_for_my_work/config_files/M1e6_SEOBv5_id_1/normalized_bias_corner_plots/full_corner_plots/fti_dxi0v_all_parameters_normalized_bias_corner_processed.pdf
