active_fti_run,parameter,true_value,sigma_method,sigma_PE,posterior_mean,posterior_median,median_minus_true,posterior_percentile_16,posterior_percentile_84,mean_bias_over_sigma_PE,median_bias_over_sigma_PE,posterior_source,raw_burnin_used,raw_burnin_reason
fti_dchi0v,Mchirp,333021.2829607493,std,91.27270934467937,332883.4066570682,332882.98869993724,-138.2942608120502,332792.8569848104,332974.03943623847,-1.5105972493973254,-1.5151764618907073,processed,0,processed posterior
fti_dchi0v,q,4.0,std,0.004409393346618259,3.8643346205781532,3.8643361609554354,-0.13566383904456458,3.8599618672856906,3.8687040018409586,-30.767357039238515,-30.7670076992815,processed,0,processed posterior
fti_dchi0v,chiPN,0.44619469026548675,std,0.0003034988267429914,0.43903169086841515,0.43903680762741853,-0.007157882638068214,0.4387265963385326,0.43933678253409814,-23.60140720786827,-23.584547969701525,processed,0,processed posterior
fti_dchi0v,chim,0.30000000000000004,std,0.002545519376362421,0.28126256228444174,0.28127247886423745,-0.018727521135762593,0.27870995102422236,0.28379263225403967,-7.360948767294137,-7.357053067309374,processed,0,processed posterior
fti_dchi0v,Deltat,0.0,std,0.10030898132580642,1.2962121550756793,1.295835322752433,1.295835322752433,1.1973266354520635,1.396059150641227,12.922194383228213,12.918437667545673,processed,0,processed posterior
fti_dchi0v,dist,6791.810623950696,std,31.454234241312935,6529.156714909011,6529.208687797349,-262.6019361533472,6497.92295931618,6560.470443879295,-8.350351403459312,-8.348699069851712,processed,0,processed posterior
fti_dchi0v,inc,1.0471975511965976,std,0.0029002103731495623,1.0737395175657813,1.0737552876268985,0.026557736430300904,1.0708435284176006,1.0766297386135304,9.151738306611096,9.157175864266636,processed,0,processed posterior
fti_dchi0v,phi,0.7,std,0.015181966258131797,0.2689280373105353,0.2691287313590305,-0.4308712686409695,0.2536763100147023,0.2839901210950955,-28.393684675631064,-28.380465436101552,processed,0,processed posterior
fti_dchi0v,lambda,1.0,std,0.0036163765042460726,0.9701914768888662,0.9702205191476709,-0.029779480852329065,0.9665502097056384,0.973800186792199,-8.242649258487027,-8.234618496543233,processed,0,processed posterior
fti_dchi0v,beta,0.5235987755982988,std,0.001844066628711103,0.5183651055519295,0.5183651445729429,-0.0052336310253559,0.5165463735148975,0.5201725189844592,-2.8381133115712616,-2.838092151265656,processed,0,processed posterior
fti_dchi0v,psi,1.2,std,0.0040061071290371005,1.1656814153424373,1.1656776388441823,-0.03432236115581766,1.1616616642162148,1.1696283247881452,-8.566566882052253,-8.56750956734083,processed,0,processed posterior
fti_dchi0v,fti_dchi0v,0.0,std,0.00046531671839692974,0.0004836823255522919,0.0004853443476393696,0.0004853443476393696,2.18778432193322e-05,0.0009457343757008485,1.039469046413449,1.043040854649361,processed,0,processed posterior
fti_dchi1v,Mchirp,333021.2829607493,std,15.725739587558778,332986.61959662766,332986.70332628954,-34.57963445974747,332970.81052767526,333002.26116054325,-2.2042438086063485,-2.198919438237723,processed,0,processed posterior
fti_dchi1v,q,4.0,std,0.004611686169536191,3.8651364126386296,3.865123529987333,-0.13487647001266678,3.860547766394034,3.869738095266696,-29.243877923057795,-29.24667140267085,processed,0,processed posterior
fti_dchi1v,chiPN,0.44619469026548675,std,0.00036316372133358006,0.43892475034064976,0.4389253504765162,-0.007269339788970541,0.4385617474129346,0.4392844975482331,-20.018353975834675,-20.016701454310105,processed,0,processed posterior
fti_dchi1v,chim,0.30000000000000004,std,0.002838219495454568,0.2836932058406908,0.2836496847346041,-0.01635031526539593,0.28090115187490156,0.2865407202115925,-5.7454309595944615,-5.7607649061607455,processed,0,processed posterior
fti_dchi1v,Deltat,0.0,std,0.09796932777288873,1.2229909836983832,1.2228918724763145,1.2228918724763145,1.1263777194478344,1.3201523155381292,12.483406914187526,12.482395258556913,processed,0,processed posterior
fti_dchi1v,dist,6791.810623950696,std,31.20847781700177,6535.365343159435,6535.378839714383,-256.43178423631343,6504.621098126511,6566.126195413714,-8.21716721638871,-8.216734752010698,processed,0,processed posterior
fti_dchi1v,inc,1.0471975511965976,std,0.00281940706372026,1.0740765516677682,1.074091890431114,0.02689433923451645,1.0713019705682414,1.0768505891574582,9.533564988555854,9.539005410247102,processed,0,processed posterior
fti_dchi1v,phi,0.7,std,0.014941360556546419,0.2776005213602241,0.27757414203997777,-0.4224258579600222,0.2627728944288246,0.2924912820872973,-28.270482935016613,-28.27224845831996,processed,0,processed posterior
fti_dchi1v,lambda,1.0,std,0.0035606183494877185,0.9695429484086804,0.9695387941437899,-0.03046120585621015,0.9660515535969773,0.973091904035176,-8.553865818194641,-8.555032543881804,processed,0,processed posterior
fti_dchi1v,beta,0.5235987755982988,std,0.0019166866547371249,0.5192447631472736,0.519230639446431,-0.0043681361518678186,0.5173257527298127,0.5211577328737169,-2.271634980221812,-2.2790037907718994,processed,0,processed posterior
fti_dchi1v,psi,1.2,std,0.003990550567451552,1.1661408949875132,1.1661184833245417,-0.033881516675458245,1.1622119228445198,1.170071370615763,-8.484820437724691,-8.490436620903587,processed,0,processed posterior
fti_dchi1v,fti_dchi1v,0.0,std,0.0006887788098483889,-0.00038587356410720735,-0.00038947721795014485,-0.00038947721795014485,-0.0010679532737911184,0.0003066471343604789,-0.5602285648017311,-0.5654605112428981,processed,0,processed posterior
fti_dchi2v,Mchirp,333021.2829607493,std,7.0555267935843,332978.38797890866,332978.328539949,-42.9544208002626,332971.38694833755,332985.444353582,-6.079628509047755,-6.088052962866177,processed,0,processed posterior
fti_dchi2v,q,4.0,std,0.004765889589181518,3.864384966789659,3.8643952532949326,-0.1356047467050674,3.8596190331012794,3.8691081046399254,-28.455345150711175,-28.453186790748923,processed,0,processed posterior
fti_dchi2v,chiPN,0.44619469026548675,std,0.00038172560180273543,0.4390322439802606,0.4390356911784299,-0.007158999087056861,0.43864997464834793,0.4394152081998292,-18.763337463876752,-18.754306898064492,processed,0,processed posterior
fti_dchi2v,chim,0.30000000000000004,std,0.002828121704690331,0.2826923625177071,0.282631574927974,-0.017368425072026017,0.2798574309313166,0.28552865708794445,-6.119834748833092,-6.141328728258459,processed,0,processed posterior
fti_dchi2v,Deltat,0.0,std,0.1026813085843244,1.244990744562225,1.2449062644417648,1.2449062644417648,1.142595117712101,1.3464093992462722,12.124804034220194,12.123981293240117,processed,0,processed posterior
fti_dchi2v,dist,6791.810623950696,std,31.551062376376024,6533.449743327625,6533.294232707964,-258.5163912427324,6502.172419659524,6564.920711723496,-8.188658674660667,-8.193587529917775,processed,0,processed posterior
fti_dchi2v,inc,1.0471975511965976,std,0.0028773028415245367,1.073972244734819,1.0740074764005303,0.02680992520393266,1.0710857186053202,1.0768126982223811,9.305483299086731,9.31772798365828,processed,0,processed posterior
fti_dchi2v,phi,0.7,std,0.01518734087617005,0.2749369555278625,0.2749857656770154,-0.4250142343229846,0.2597044443403818,0.2900056362074906,-27.98798340920165,-27.98476953854774,processed,0,processed posterior
fti_dchi2v,lambda,1.0,std,0.003575983472792419,0.9697611469689605,0.9697706572510418,-0.030229342748958166,0.9661805047584503,0.973311626502771,-8.456094179715686,-8.45343469256938,processed,0,processed posterior
fti_dchi2v,beta,0.5235987755982988,std,0.0018890707608956482,0.5188951671660312,0.5188944185328181,-0.004704357065480669,0.5170103604381198,0.5207658055299264,-2.489905899574403,-2.490302196647326,processed,0,processed posterior
fti_dchi2v,psi,1.2,std,0.004028964382779791,1.1659070483831695,1.1658881267157888,-0.03411187328421117,1.1618698456207353,1.169952044666358,-8.461964013022117,-8.466660422715284,processed,0,processed posterior
fti_dchi2v,fti_dchi2v,0.0,std,0.00046151637337531843,-1.8516434031327135e-05,-1.7890632347179264e-05,-1.7890632347179264e-05,-0.0004743855765533928,0.00043425373855883443,-0.04012086049278481,-0.03876489195027992,processed,0,processed posterior
fti_dchi3v,Mchirp,333021.2829607493,std,4.499042045533953,332976.34760560276,332976.33991694386,-44.94304380542599,332971.8740259077,332980.8052932327,-9.987760659213611,-9.989469613879121,processed,0,processed posterior
fti_dchi3v,q,4.0,std,0.004882787481422373,3.862570845335059,3.8625779488497662,-0.13742205115023376,3.857694488404003,3.867462961919697,-28.145635088117185,-28.14418028085102,processed,0,processed posterior
fti_dchi3v,chiPN,0.44619469026548675,std,0.0003723632112245878,0.4392101642119257,0.43921846556376865,-0.006976224701718103,0.438836969917047,0.43957526870095376,-18.757293532277483,-18.734999837324022,processed,0,processed posterior
fti_dchi3v,chim,0.30000000000000004,std,0.002743066180194875,0.28131393230266155,0.28125591191763655,-0.018744088082363497,0.27857414475476483,0.28404858026337426,-6.812109686690455,-6.833261340064302,processed,0,processed posterior
fti_dchi3v,Deltat,0.0,std,0.11027105861871957,1.3012088054777107,1.300157264964205,1.300157264964205,1.1914062602442188,1.4116879078997986,11.800093531130916,11.790557570139178,processed,0,processed posterior
fti_dchi3v,dist,6791.810623950696,std,31.64298349957711,6528.208054607639,6528.320478000958,-263.4901459497378,6496.854264361876,6559.6294725674925,-8.330521973270326,-8.3269691036959,processed,0,processed posterior
fti_dchi3v,inc,1.0471975511965976,std,0.002830099631606665,1.074155948333794,1.0741818136612653,0.026984262464667674,1.0713714181239358,1.0769404330179955,9.52560003051618,9.534739400445963,processed,0,processed posterior
fti_dchi3v,phi,0.7,std,0.015341234709474837,0.26998879857479435,0.2699451666947932,-0.4300548333052068,0.2546938284440615,0.285474476507789,-28.02976485064974,-28.032608942460307,processed,0,processed posterior
fti_dchi3v,lambda,1.0,std,0.003518211035703675,0.9696471043091469,0.969636439713295,-0.03036356028670495,0.966190344360575,0.9731715182877712,-8.62736640378431,-8.630397659085267,processed,0,processed posterior
fti_dchi3v,beta,0.5235987755982988,std,0.0019138189378409875,0.5183849172220067,0.5183996855969648,-0.005199090001334006,0.516466056661068,0.5202884334085621,-2.724321655095499,-2.7166049507270476,processed,0,processed posterior
fti_dchi3v,psi,1.2,std,0.004007991820081241,1.165238433686479,1.1652355540962798,-0.03476444590372019,1.161263420103818,1.169189475277883,-8.673063188241837,-8.673781650336682,processed,0,processed posterior
fti_dchi3v,fti_dchi3v,0.0,std,0.0004366685738042992,-0.0003488831463763556,-0.0003509412077285505,-0.0003509412077285505,-0.0007786112346139003,8.443871314792928e-05,-0.7989655480284547,-0.8036786450444934,processed,0,processed posterior
fti_dchi4v,Mchirp,333021.2829607493,std,3.991677313627817,332977.96744352294,332977.95159791387,-43.331362835422624,332974.02600928606,332981.87739573716,-10.851457626213625,-10.855427288044263,processed,0,processed posterior
fti_dchi4v,q,4.0,std,0.004832841656985406,3.8606623946969973,3.86065409604981,-0.13934590395018986,3.8559070463388077,3.865504408780815,-28.831402970052533,-28.83312010621718,processed,0,processed posterior
fti_dchi4v,chiPN,0.44619469026548675,std,0.00036920805722424427,0.4394262254269286,0.43942912911548904,-0.006765561149997712,0.4390558297336773,0.43979441886018233,-18.332386593738956,-18.324521953453857,processed,0,processed posterior
fti_dchi4v,chim,0.30000000000000004,std,0.002590369598851617,0.28005070821429484,0.2800047014970527,-0.019995298502947345,0.27748308027524554,0.28263278888670296,-7.701330263661711,-7.719090940463406,processed,0,processed posterior
fti_dchi4v,Deltat,0.0,std,0.11338123306065978,1.3708870827884154,1.3698516376360215,1.3698516376360215,1.2571379050252516,1.4829160914794104,12.090952318846108,12.081819897858589,processed,0,processed posterior
fti_dchi4v,dist,6791.810623950696,std,32.18591301658951,6522.936512287714,6523.21289844356,-268.5977255071357,6490.816197602881,6554.961435479044,-8.353782337148447,-8.345195159406943,processed,0,processed posterior
fti_dchi4v,inc,1.0471975511965976,std,0.0028864823556501804,1.0744177164835798,1.0744045968229141,0.027207045626316484,1.0715322652120198,1.0772986356346137,9.430220570619348,9.425675363322322,processed,0,processed posterior
fti_dchi4v,phi,0.7,std,0.015090974287005515,0.2654819669384765,0.26538336125429707,-0.4346166387457029,0.2506138399951687,0.280539574037648,-28.793239243385152,-28.799773326758704,processed,0,processed posterior
fti_dchi4v,lambda,1.0,std,0.003581286446387323,0.9694696096085378,0.9694669311291,-0.030533068870900015,0.9659389500374695,0.9730170325440155,-8.524978621093046,-8.52572653095111,processed,0,processed posterior
fti_dchi4v,beta,0.5235987755982988,std,0.0019019436568101604,0.5179496095442734,0.5179472499297391,-0.005651525668559754,0.516058894630668,0.5198525819715102,-2.9702068375147963,-2.9714474707616705,processed,0,processed posterior
fti_dchi4v,psi,1.2,std,0.0040797663733845415,1.1645567609343568,1.1645882555855775,-0.03541174441442241,1.1604728901923076,1.168605704923904,-8.687565860846034,-8.679846141543912,processed,0,processed posterior
fti_dchi4v,fti_dchi4v,0.0,std,0.0039520315092031345,0.0069947091710186714,0.006994790437836284,0.006994790437836284,0.003037204565654839,0.01097617613099388,1.7699021768247605,1.7699227401268047,processed,0,processed posterior
fti_dchi6lv,Mchirp,333021.2829607493,std,4.0515438487723285,332979.84339226905,332979.8441896281,-41.4387711212039,332975.83419196034,332983.8898924544,-10.228093296534515,-10.227896492780252,processed,0,processed posterior
fti_dchi6lv,q,4.0,std,0.004900646250582206,3.8598905389468796,3.859946226700899,-0.14005377329910118,3.854991703180581,3.8647453566899865,-28.589996887956385,-28.578633538885313,processed,0,processed posterior
fti_dchi6lv,chiPN,0.44619469026548675,std,0.00036328697131807224,0.4394773630145909,0.43947577534933246,-0.006718914916154284,0.43912120570634194,0.4398402670112829,-18.4904160656358,-18.494786344186302,processed,0,processed posterior
fti_dchi6lv,chim,0.30000000000000004,std,0.0025475053469593933,0.2797884789010631,0.279791180839,-0.020208819161000036,0.27724460211951846,0.282277023454734,-7.933848352098902,-7.932787730993587,processed,0,processed posterior
fti_dchi6lv,Deltat,0.0,std,0.11571966278315157,1.3987567682012327,1.3985852668928165,1.3985852668928165,1.2829855274662127,1.5145224346976118,12.087459767510552,12.085977726306044,processed,0,processed posterior
fti_dchi6lv,dist,6791.810623950696,std,32.209371000320296,6519.737956111433,6519.66867652906,-272.14194742163636,6487.355325588956,6552.085870175709,-8.447003446188297,-8.449154360044167,processed,0,processed posterior
fti_dchi6lv,inc,1.0471975511965976,std,0.0028635355005897137,1.0746626986485972,1.0746441442787553,0.02744659308215769,1.0717978816624758,1.077525478123008,9.591341698520386,9.584862166543898,processed,0,processed posterior
fti_dchi6lv,phi,0.7,std,0.015205295046103294,0.26365398992727807,0.26393515113955446,-0.4360648488604455,0.24848682700379224,0.2786218654536404,-28.696977516693803,-28.678486510013308,processed,0,processed posterior
fti_dchi6lv,lambda,1.0,std,0.0035419569223045667,0.9692174420627025,0.9692255286213123,-0.030774471378687718,0.9656776404987616,0.9727694848258186,-8.690833517328281,-8.688550440829296,processed,0,processed posterior
fti_dchi6lv,beta,0.5235987755982988,std,0.0018968187431017876,0.5177853622819228,0.5177767323917251,-0.005822043206573757,0.515904508820358,0.5196675333189613,-3.0648227921185245,-3.069372457303546,processed,0,processed posterior
fti_dchi6lv,psi,1.2,std,0.004058259880530436,1.1641568839795104,1.1641626716082343,-0.03583732839176568,1.1600662572157632,1.1681733459606645,-8.832139162020502,-8.83071302646137,processed,0,processed posterior
fti_dchi6lv,fti_dchi6lv,0.0,std,0.010142283813304346,-0.021045777121545622,-0.021148905547852523,-0.021148905547852523,-0.03115352045932751,-0.01091043515700475,-2.0750530658527224,-2.085221231938907,processed,0,processed posterior
fti_dchi6v,Mchirp,333021.2829607493,std,4.332814914884917,332984.00627920235,332983.9999131384,-37.283047610893846,332979.7204504162,332988.3623080478,-8.603340387071864,-8.604809654530122,processed,0,processed posterior
fti_dchi6v,q,4.0,std,0.004857629237648465,3.857367843713104,3.857375134562287,-0.14262486543771313,3.852513303245683,3.8621759088091947,-29.362503663606724,-29.361002756718538,processed,0,processed posterior
fti_dchi6v,chiPN,0.44619469026548675,std,0.00035195630059246997,0.4396615977830029,0.43966236896225447,-0.00653232130323228,0.4393097970104219,0.44000870136276726,-18.562226252197465,-18.560035130031817,processed,0,processed posterior
fti_dchi6v,chim,0.30000000000000004,std,0.0023578766963230505,0.27947005290679816,0.2794712849229659,-0.020528715077034132,0.27715244049820126,0.28181222003678474,-8.70696382267018,-8.706441311815531,processed,0,processed posterior
fti_dchi6v,Deltat,0.0,std,0.11749791756992858,1.510862184396618,1.5116150612421455,1.5116150612421455,1.3932877036905302,1.6268104598674908,12.85862946036837,12.865037036443745,processed,0,processed posterior
fti_dchi6v,dist,6791.810623950696,std,32.110080136996906,6514.4870277029995,6515.071921778508,-276.7387021721879,6482.757958313446,6546.054058461818,-8.636652261984457,-8.618436982763317,processed,0,processed posterior
fti_dchi6v,inc,1.0471975511965976,std,0.002896458111030179,1.075274730995865,1.075247847359428,0.02805029616283039,1.0724046917375938,1.078160293636716,9.693625360002605,9.684343804597189,processed,0,processed posterior
fti_dchi6v,phi,0.7,std,0.014989550440634823,0.2588301880093633,0.2589095630099767,-0.44109043699002326,0.24383369953170705,0.27373647450840766,-29.43182410559023,-29.426528749940456,processed,0,processed posterior
fti_dchi6v,lambda,1.0,std,0.003596151280534717,0.9685206743911996,0.9685689304627352,-0.03143106953726482,0.9649744608781693,0.9720458167917334,-8.753615505329824,-8.740196695115475,processed,0,processed posterior
fti_dchi6v,beta,0.5235987755982988,std,0.0018700916034261974,0.5176409470569949,0.5176222839970703,-0.005976491601228484,0.5157944638123311,0.5195214317931698,-3.1858485062381665,-3.1958282633208692,processed,0,processed posterior
fti_dchi6v,psi,1.2,std,0.004060306464911876,1.1633869381813702,1.1634087902131873,-0.03659120978681263,1.1593403674732736,1.1673829495703072,-9.017314859119734,-9.01193299151787,processed,0,processed posterior
fti_dchi6v,fti_dchi6v,0.0,std,0.007061986243045131,-0.023726584230986194,-0.023736756641422885,-0.023736756641422885,-0.030765054195611003,-0.016769293414208433,-3.359760754894261,-3.361201200979342,processed,0,processed posterior
fti_dchi7v,Mchirp,333021.2829607493,std,4.424705525077942,332986.1716505879,332986.18864510243,-35.09431564685656,332981.7832596494,332990.59330217034,-7.935287436060246,-7.931446612198755,processed,0,processed posterior
fti_dchi7v,q,4.0,std,0.004835954176323231,3.8566811214140135,3.8566354875406983,-0.1433645124593017,3.8518594352427904,3.8615478842834468,-29.63611179106573,-29.645548165285042,processed,0,processed posterior
fti_dchi7v,chiPN,0.44619469026548675,std,0.0003371696429635436,0.4396736295455782,0.4396768439739971,-0.0065178462914896595,0.43933786675155945,0.44000567298314835,-19.34059265416618,-19.33105909002134,processed,0,processed posterior
fti_dchi7v,chim,0.30000000000000004,std,0.0022905793817269643,0.2800524664797913,0.2800233305868547,-0.019976669413145354,0.2777449556794429,0.28234941528907237,-8.70851002996868,-8.721229909126354,processed,0,processed posterior
fti_dchi7v,Deltat,0.0,std,0.11776996492170473,1.5525640295997691,1.5526271203434,1.5526271203434,1.4344584144707637,1.6693525426540468,13.183021924409482,13.183557636071388,processed,0,processed posterior
fti_dchi7v,dist,6791.810623950696,std,31.92077288484998,6512.245658411443,6512.141073528832,-279.6695504218642,6480.990638106458,6544.045874205008,-8.758088864193443,-8.761365253615116,processed,0,processed posterior
fti_dchi7v,inc,1.0471975511965976,std,0.0028849178743945527,1.07570536814169,1.075730978218485,0.028533427021887325,1.0728313790002126,1.0785535604488605,9.881673651134744,9.890550880196384,processed,0,processed posterior
fti_dchi7v,phi,0.7,std,0.014902701974050143,0.25818364035632624,0.2581441387024246,-0.44185586129757537,0.24327107131021333,0.2731286419039206,-29.646728520304713,-29.649379157348278,processed,0,processed posterior
fti_dchi7v,lambda,1.0,std,0.003584497571784064,0.9678934118960455,0.9678620560548357,-0.03213794394516434,0.9643701931669056,0.9714699989432694,-8.957067890542474,-8.965815515720589,processed,0,processed posterior
fti_dchi7v,beta,0.5235987755982988,std,0.0018485780072133977,0.51777492693466,0.5177697999714372,-0.005828975626861577,0.5159550410873976,0.519607188952894,-3.1504478798911366,-3.153221343170879,processed,0,processed posterior
fti_dchi7v,psi,1.2,std,0.004042809402011425,1.1630106689825455,1.1629482592817872,-0.03705174071821271,1.1590651489103205,1.1670165609289336,-9.149412534523924,-9.164849745273251,processed,0,processed posterior
fti_dchi7v,fti_dchi7v,0.0,std,0.0028853855993617554,0.011137272577713483,0.01112074214049354,0.01112074214049354,0.008262785273487781,0.014000035723823653,3.8598905394748755,3.8541615175987007,processed,0,processed posterior
fti_dchiMinus2v,Mchirp,333021.2829607493,std,15.21451327266358,332942.9512033645,332943.05693883396,-78.22602191532496,332927.8125564558,332957.9146626511,-5.1484892077066515,-5.141539562483162,processed,0,processed posterior
fti_dchiMinus2v,q,4.0,std,0.0045557135708689835,3.8668689322539747,3.866864563853521,-0.13313543614647916,3.8623016080460317,3.8713887621630487,-29.222879286642936,-29.223838170555602,processed,0,processed posterior
fti_dchiMinus2v,chiPN,0.44619469026548675,std,0.00036738653381784863,0.43854636366111427,0.43854419997832417,-0.007650490287162581,0.43818269579996527,0.4389140887156431,-20.81820072415758,-20.824090114733814,processed,0,processed posterior
fti_dchiMinus2v,chim,0.30000000000000004,std,0.002649642987194896,0.28613991985005016,0.28611535631629637,-0.013884643683703679,0.2835172657795777,0.28875103455865514,-5.230923644027669,-5.2401941509874765,processed,0,processed posterior
fti_dchiMinus2v,Deltat,0.0,std,0.0911153928755454,1.2217238296525725,1.2214437776340161,1.2214437776340161,1.131759706323867,1.3123212708167125,13.408533850271887,13.405460253048432,processed,0,processed posterior
fti_dchiMinus2v,dist,6791.810623950696,std,31.881739804752243,6540.555468272948,6540.716699894745,-251.093924055951,6508.875728365774,6571.99959479428,-7.880848323098613,-7.8757911454544685,processed,0,processed posterior
fti_dchiMinus2v,inc,1.0471975511965976,std,0.002899754815247469,1.0741109214283495,1.0741056714691306,0.026908120272532976,1.071242777963382,1.0769740732432829,9.281257191206722,9.279446707371568,processed,0,processed posterior
fti_dchiMinus2v,phi,0.7,std,0.014442519050715374,0.27998922128684534,0.280052374641959,-0.419947625358041,0.26564295122632586,0.2942930637228957,-29.08154576346918,-29.07717302524451,processed,0,processed posterior
fti_dchiMinus2v,lambda,1.0,std,0.003640310753430192,0.9692468226744491,0.9692395628921913,-0.030760437107808736,0.9656546593385475,0.9728879683562837,-8.44795387222721,-8.449948147647502,processed,0,processed posterior
fti_dchiMinus2v,beta,0.5235987755982988,std,0.0018971595474884398,0.5200505169674748,0.5200783580774064,-0.0035204175208923827,0.5181648364563265,0.5219351227857661,-1.8703005951825968,-1.855625440439576,processed,0,processed posterior
fti_dchiMinus2v,psi,1.2,std,0.0040692281286586985,1.1668113565007914,1.1668261552653454,-0.03317384473465457,1.162784954482184,1.170850527814401,-8.156004640159667,-8.152367890366802,processed,0,processed posterior
fti_dchiMinus2v,fti_dchiMinus2v,0.0,std,1.1320694487148974e-06,2.72759520120472e-06,2.7066561786209377e-06,2.7066561786209377e-06,1.6149518558111492e-06,3.848941911216331e-06,2.409388579738665,2.3908923447174373,processed,0,processed posterior
fti_dkappa_S,Mchirp,333021.2829607493,std,4.011404981956857,332980.1636415506,332980.09665635804,-41.18630439124536,332976.2094775665,332984.1771616358,-10.250602814640857,-10.267301500721006,processed,0,processed posterior
fti_dkappa_S,q,4.0,std,0.004840151246866291,3.85884646954786,3.858825220196163,-0.14117477980383697,3.8539799129077768,3.8636503461883054,-29.163041246599175,-29.16743147132834,processed,0,processed posterior
fti_dkappa_S,chiPN,0.44619469026548675,std,0.00035938012169096337,0.4395725841250204,0.4395770492333334,-0.006617641032153343,0.43921155437378373,0.43992839069028916,-18.426467522209744,-18.414043050060396,processed,0,processed posterior
fti_dkappa_S,chim,0.30000000000000004,std,0.0024997374300240374,0.2794809363152866,0.27950269672011363,-0.020497303279886414,0.2769695089104303,0.28197669120694396,-8.20848759484157,-8.199782518634093,processed,0,processed posterior
fti_dkappa_S,Deltat,0.0,std,0.11706462443975069,1.445421150281546,1.4448677985096585,1.4448677985096585,1.3275744486002066,1.562682134372392,12.34720699954457,12.342480108098622,processed,0,processed posterior
fti_dkappa_S,dist,6791.810623950696,std,32.22641809492214,6517.567723525814,6517.524213741792,-274.2864102089043,6485.56901256326,6549.683744029134,-8.509878436291201,-8.511228564124012,processed,0,processed posterior
fti_dkappa_S,inc,1.0471975511965976,std,0.002896944029421977,1.0748514291379723,1.0748262282506953,0.02762867705409766,1.0719986184879775,1.0777556865732862,9.545879264672013,9.537180136549056,processed,0,processed posterior
fti_dkappa_S,phi,0.7,std,0.01495091916178435,0.26151314732502856,0.2615592201926171,-0.43844077980738283,0.24655947119361335,0.27635936799164207,-29.328421077666988,-29.32533946996849,processed,0,processed posterior
fti_dkappa_S,lambda,1.0,std,0.003600439647556573,0.9690284364356068,0.9689990834543047,-0.031000916545695256,0.96546498252,0.9726272024891109,-8.602161568077385,-8.610314178362614,processed,0,processed posterior
fti_dkappa_S,beta,0.5235987755982988,std,0.0018728597017531482,0.5176476401554082,0.5176163520821491,-0.0059824235161497485,0.515812577582604,0.5195154501883712,-3.177566070389504,-3.194272112614584,processed,0,processed posterior
fti_dkappa_S,psi,1.2,std,0.00410720610203755,1.1638442635652178,1.163813284048461,-0.036186715951538995,1.159778807368443,1.1679134136943812,-8.803000272337357,-8.810542995051325,processed,0,processed posterior
fti_dkappa_S,fti_dkappa_S,0.0,std,0.007057252475674061,-0.01817693770703072,-0.01822618425146876,-0.01822618425146876,-0.025192979470198197,-0.011127305176202296,-2.575639424788268,-2.582617571681523,processed,0,processed posterior
fti_dxi0v,Mchirp,333021.2829607493,std,91.61283671068621,332884.8483078165,332885.18408720556,-136.09887354372768,332793.11970627354,332975.30291985034,-1.4892525745454697,-1.4855873743275583,processed,0,processed posterior
fti_dxi0v,q,4.0,std,0.00442457270146556,3.8643653757447947,3.8644157285342082,-0.13558427146579177,3.8599424254038044,3.868722039937555,-30.654852661880504,-30.643472401500357,processed,0,processed posterior
fti_dxi0v,chiPN,0.44619469026548675,std,0.0003043075532838604,0.4390350128288982,0.4390370755246533,-0.007157614740833429,0.43873360338407197,0.43933538565249497,-23.5277677445948,-23.520989418743582,processed,0,processed posterior
fti_dxi0v,chim,0.30000000000000004,std,0.002483888627784214,0.2812801243588734,0.28127519640377857,-0.018724803596221473,0.2788355594977387,0.2837251878719585,-7.536519726259209,-7.538503694074715,processed,0,processed posterior
fti_dxi0v,Deltat,0.0,std,0.10041163509765452,1.2954550272632743,1.2939391004124894,1.2939391004124894,1.1956034592935834,1.3960116381370566,12.901443403479986,12.886346280030988,processed,0,processed posterior
fti_dxi0v,dist,6791.810623950696,std,31.33016103409827,6530.947751786671,6531.360479197343,-260.450144753353,6500.083300473369,6561.78940572012,-8.32625379359252,-8.313080308457124,processed,0,processed posterior
fti_dxi0v,inc,1.0471975511965976,std,0.0028741121203622786,1.0736173311533286,1.0735953578642141,0.026397806667616486,1.0707835230935354,1.0764495139503518,9.192327525970269,9.184682281736828,processed,0,processed posterior
fti_dxi0v,phi,0.7,std,0.015261407731343966,0.2692127646559927,0.26922590192582674,-0.4307740980741732,0.2540253845466367,0.2844119617070384,-28.227227981023926,-28.226367164638877,processed,0,processed posterior
fti_dxi0v,lambda,1.0,std,0.0035663414480564923,0.9702902127215633,0.9703153963086464,-0.029684603691353617,0.9667882036152883,0.973821796623242,-8.330606508422587,-8.323545045730405,processed,0,processed posterior
fti_dxi0v,beta,0.5235987755982988,std,0.0018634520576833304,0.5184646691666503,0.5184800544101035,-0.005118721188195341,0.5166066323422557,0.5202970128539778,-2.7551588518092918,-2.7469025388069315,processed,0,processed posterior
fti_dxi0v,psi,1.2,std,0.0039691400611071275,1.1659110670189379,1.1659082418633377,-0.03409175813666221,1.162013086547257,1.1698849757547942,-8.588493340180474,-8.589205120454444,processed,0,processed posterior
fti_dxi0v,fti_dxi0v,0.0,std,2.1764456920701667e-05,-0.0002063158874566411,-0.00020625763102888778,-0.00020625763102888778,-0.00022814013969643974,-0.00018464902154233015,-9.479487046626002,-9.476810369327525,processed,0,processed posterior
