fti_case,source,lnL_max,sample_index,raw_burnin_used,raw_burnin_reason,Mchirp,q,chiPN,chim,Deltat,dist,inc,phi,lambda,beta,psi,fti_dchi0v,fti_dchi1v,fti_dchi2v,fti_dchi3v,fti_dchi4v,fti_dchi5lv,fti_dchi6lv,fti_dchi6v,fti_dchi7v,fti_dchiMinus2v,fti_dkappa_S,fti_dxi0v
fti_dchi0v,processed,-9061.164981260017,427,,,331580.8733918744,3.3383923403635527,0.40729217676048446,0.19425030098564017,8.048375049909104,4697.950444668773,1.2153273761751597,-1.4363207781687244,2.1893795279295047,0.4353776129107883,2.416644069567504,0.005782151263855457,,,,,,,,,,,
fti_dchi1v,processed,-9066.315394727566,458,,,332673.9777418142,3.334666649717929,0.4071360928738704,0.21067209647110458,7.533406124466099,4720.656259993431,1.2176870779691005,-1.3810029282488392,2.1742205538480346,0.43772838743477893,2.4134882470968457,,0.0014070114418546092,,,,,,,,,,
fti_dchi2v,processed,-9059.947383694986,17352,,,332674.50147422176,3.3346120104783528,0.4077069409076716,0.20891437085619774,7.622295342879111,4743.279125233747,1.216013591959003,-1.3781758726460458,2.17421085695314,0.43915844035822404,2.4132472327428385,,,0.00203368153564343,,,,,,,,,
fti_dchi3v,processed,-9049.086772449724,428,,,332681.5113999421,3.3256080667470136,0.4076395016209836,0.20805376066906514,7.89529090487426,4637.2647714633995,1.222749100612931,-1.4024966634240172,2.17230632846571,0.4300580189061957,2.411346055975171,,,,-0.0028070216572303698,,,,,,,,
fti_dchi4v,processed,-9020.08184958914,428,,,332696.3183672507,3.3204895491459725,0.408569339624031,0.2044811699098112,8.171448378644259,4695.345226018122,1.2185894654659697,-1.4127615087085585,2.175699997388711,0.4347446954077335,2.4121689041663466,,,,,0.039151489289545385,,,,,,,
fti_dchi5lv,processed,-8982.97633740991,9082,,,332713.50948258914,3.3181060354306706,0.4091514812118057,0.20424382373041397,8.35638687877967,4613.47712483436,1.2237874608836388,-1.4130822671208216,2.173799815970696,0.42793410671456866,2.4103356698714857,,,,,,-0.05988335818918581,,,,,,
fti_dchi6lv,processed,-9008.214799465368,479,,,332707.94811556657,3.3190909429061506,0.40868259060905376,0.2046007509044847,8.231369853621485,4674.82862119855,1.2199399032341314,-1.4150981153122126,2.176141354380687,0.4330477737645123,2.412313027428259,,,,,,,-0.11504557353920412,,,,,
fti_dchi6v,processed,-8944.930561928382,213,,,332726.0618395608,3.3155523788555623,0.4094888962786387,0.20519241330802598,8.488309176769327,4645.244845600927,1.2224558934001253,-1.4124087392696838,2.1721827479946154,0.43076553222887226,2.4108072283087045,,,,,,,,-0.21313907946684826,,,,
fti_dchi7v,processed,-8910.153870221355,722,,,332747.45594560483,3.309027394557961,0.4099195956058784,0.20632091296619853,8.811916971347117,4621.8066937779795,1.2238841841387265,-1.423236793749628,2.1712328197986226,0.42866127435741996,2.4101001436629677,,,,,,,,,0.06738322859850261,,,
fti_dchiMinus2v,processed,-9046.106850544882,406,,,332597.37138150603,3.346401319181004,0.40600962991686207,0.22018550837496437,7.20096554045277,4840.593662563041,1.2110830151499248,-1.350506176703611,2.1710044871779193,0.44832278267651815,2.4148554569420893,,,,,,,,,,9.663055972547676e-06,,
fti_dkappa_S,processed,-8984.776119859665,337,,,332711.92977870203,3.3165998709874764,0.4093969553061917,0.2027214674969824,8.426797710097333,4675.099568448056,1.2200783829697548,-1.4165978341478844,2.17573672718883,0.43279641893197984,2.412068864978909,,,,,,,,,,,-0.1233871667799409,
fti_dxi0v,processed,-9018.623191312789,410,,,331774.7086984122,3.3407077176141504,0.40622174618325557,0.20619863914260053,7.917777162409307,4727.224905129167,1.2159498996265055,-1.4132295418936387,2.1756776317506654,0.43888609545279045,2.413782407203591,,,,,,,,,,,,-0.001530577618670088
