active_fti_run,parameter,CV_bias_over_sigma,median_PE_bias_over_sigma,median_PE_minus_CV,absolute_difference,CV_delta_theta,median_PE_delta_theta,sigma_CV,sigma_PE,sigma_PE_over_sigma_CV,same_sign
fti_dchi0v,fti_dchi0v,-2.6033530433210383e-16,0.0153049166053923,0.01530491660539256,0.01530491660539256,-1.1951763545155122e-19,7.155144004800985e-06,0.0004590911546099,0.0004675062392878,1.0183298776145022,False
fti_dchi1v,fti_dchi1v,-5.553612412417956e-16,0.0022274370128544,0.0022274370128549555,0.0022274370128549555,-3.803531348690573e-19,1.5198308304805149e-06,0.0006848751886584,0.0006823226972119,0.9962730560417876,False
fti_dchi2v,fti_dchi2v,-5.8410858223382265e-16,-0.0432936514068913,-0.04329365140689072,0.04329365140689072,-2.6922892395457427e-19,-2.0138809477060823e-05,0.0004609227327647,0.0004651677283532,1.0092097770119468,True
fti_dchi3v,fti_dchi3v,5.926581642272258e-16,0.034877927189505,0.03487792718950441,0.03487792718950441,2.5760865298476965e-19,1.5077767110752448e-05,0.0004346665051356,0.0004323011235395,0.9945581691523203,True
fti_dchi4v,fti_dchi4v,-5.869339559359423e-16,-0.0387387681089444,-0.03873876810894381,0.03873876810894381,-2.371580160691898e-18,-0.0001561642596112,0.0040406252470264,0.0040312138778418,0.9976708136465943,True
fti_dchi5lv,fti_dchi5lv,5.72015033953191e-16,-0.0067693769175211,-0.006769376917521671,0.006769376917521671,4.187755827749021e-18,-4.9873693625451104e-05,0.0073210590267313,0.0073675456741614,1.006349716244653,False
fti_dchi6lv,fti_dchi6lv,5.559566526933945e-16,0.0272478226454074,0.027247822645406844,0.027247822645406844,5.6179587569829515e-18,0.0002758489533076,0.0101050301849363,0.0101237062827898,1.0018481981262501,True
fti_dchi6v,fti_dchi6v,5.552245544168636e-16,0.0543404642639882,0.05434046426398764,0.05434046426398764,3.485047464870736e-18,0.0003438745109478,0.006276825182076,0.0063281481968448,1.0081765882082165,True
fti_dchi7v,fti_dchi7v,-5.4254003019861085e-16,-0.0508109297133435,-0.05081092971334296,0.05081092971334296,-1.464968549786855e-18,-0.0001361588766493,0.0027002036130874,0.002679716301542,0.9924126790120191,True
fti_dchiMinus2v,fti_dchiMinus2v,5.19408689015984e-16,0.0023188259861635,0.0023188259861629803,0.0023188259861629803,5.731073314188082e-22,2.6278666962540474e-09,1.1033841819330284e-06,1.1332746449861026e-06,1.0270898056565474,True
fti_dkappa_S,fti_dkappa_S,5.819212052103998e-16,-0.0216194259953996,-0.021619425995400184,0.021619425995400184,3.821495144417846e-18,-0.0001444666625123,0.006567031945564,0.0066822617095903,1.017546703744016,False
fti_dxi0v,fti_dxi0v,-1.7178788693358249e-15,-0.0071419795883649,-0.007141979588363182,0.007141979588363182,-3.8034435576709785e-20,-1.60590148606075e-07,2.214034776003436e-05,2.2485383305728543e-05,1.0155840165400205,True
