fti_case,json_file,out_dir,out_name,post_found,post_path_kind,postfile,raw_found,raw_path_kind,rawfile,sampler,n_walkers,n_temps,n_iter_config,burn_in_config,thin_samples_config,raw_nsteps,raw_burnin_used_by_notebook,raw_burnin_reason,minf,maxf,approximant,TDI,Mchirp_inj_FTI_block,dxi0v_inj_FTI_block,infer_params,warnings
fti_dchi0v,/pbs/home/a/amahdi/PE_for_my_work/config_files/M1e6_SEOBv5_id_2/M1e6_SEOBv5_id_2_fti_dchi0v_IMR.json,/pbs/home/a/amahdi/PE_for_my_work/run_data/M1e6_SEOBv5_id_2,M1e6_SEOBv5_id_2_fti_dchi0v_IMR,True,configured_string_concat,/pbs/home/a/amahdi/PE_for_my_work/run_data/M1e6_SEOBv5_id_2M1e6_SEOBv5_id_2_fti_dchi0v_IMR.h5,True,configured_string_concat,/pbs/home/a/amahdi/PE_for_my_work/run_data/M1e6_SEOBv5_id_2M1e6_SEOBv5_id_2_fti_dchi0v_IMR_raw.h5,ptemcee,64,10,10000,5000,True,10000,5000,applying burn-in because raw nsteps=10000 equals config n_iter=10000,1e-05,0.2,SEOBNRv5HMROM,TDIAET,333021.2829607493,0.0,"Mchirp, q, chiPN, chim, Deltat, dist, inc, phi, lambda, beta, psi, fti_dchi0v",
fti_dchi1v,/pbs/home/a/amahdi/PE_for_my_work/config_files/M1e6_SEOBv5_id_2/M1e6_SEOBv5_id_2_fti_dchi1v_IMR.json,/pbs/home/a/amahdi/PE_for_my_work/run_data/M1e6_SEOBv5_id_2,M1e6_SEOBv5_id_2_fti_dchi1v_IMR,True,configured_string_concat,/pbs/home/a/amahdi/PE_for_my_work/run_data/M1e6_SEOBv5_id_2M1e6_SEOBv5_id_2_fti_dchi1v_IMR.h5,True,configured_string_concat,/pbs/home/a/amahdi/PE_for_my_work/run_data/M1e6_SEOBv5_id_2M1e6_SEOBv5_id_2_fti_dchi1v_IMR_raw.h5,ptemcee,64,10,10000,5000,True,10000,5000,applying burn-in because raw nsteps=10000 equals config n_iter=10000,1e-05,0.2,SEOBNRv5HMROM,TDIAET,333021.2829607493,0.0,"Mchirp, q, chiPN, chim, Deltat, dist, inc, phi, lambda, beta, psi, fti_dchi1v",
fti_dchi2v,/pbs/home/a/amahdi/PE_for_my_work/config_files/M1e6_SEOBv5_id_2/M1e6_SEOBv5_id_2_fti_dchi2v_IMR.json,/pbs/home/a/amahdi/PE_for_my_work/run_data/M1e6_SEOBv5_id_2,M1e6_SEOBv5_id_2_fti_dchi2v_IMR,True,configured_string_concat,/pbs/home/a/amahdi/PE_for_my_work/run_data/M1e6_SEOBv5_id_2M1e6_SEOBv5_id_2_fti_dchi2v_IMR.h5,True,configured_string_concat,/pbs/home/a/amahdi/PE_for_my_work/run_data/M1e6_SEOBv5_id_2M1e6_SEOBv5_id_2_fti_dchi2v_IMR_raw.h5,ptemcee,64,10,10000,5000,True,10000,5000,applying burn-in because raw nsteps=10000 equals config n_iter=10000,1e-05,0.2,SEOBNRv5HMROM,TDIAET,333021.2829607493,0.0,"Mchirp, q, chiPN, chim, Deltat, dist, inc, phi, lambda, beta, psi, fti_dchi2v",
fti_dchi3v,/pbs/home/a/amahdi/PE_for_my_work/config_files/M1e6_SEOBv5_id_2/M1e6_SEOBv5_id_2_fti_dchi3v_IMR.json,/pbs/home/a/amahdi/PE_for_my_work/run_data/M1e6_SEOBv5_id_2,M1e6_SEOBv5_id_2_fti_dchi3v_IMR,True,configured_string_concat,/pbs/home/a/amahdi/PE_for_my_work/run_data/M1e6_SEOBv5_id_2M1e6_SEOBv5_id_2_fti_dchi3v_IMR.h5,True,configured_string_concat,/pbs/home/a/amahdi/PE_for_my_work/run_data/M1e6_SEOBv5_id_2M1e6_SEOBv5_id_2_fti_dchi3v_IMR_raw.h5,ptemcee,64,10,10000,5000,True,10000,5000,applying burn-in because raw nsteps=10000 equals config n_iter=10000,1e-05,0.2,SEOBNRv5HMROM,TDIAET,333021.2829607493,0.0,"Mchirp, q, chiPN, chim, Deltat, dist, inc, phi, lambda, beta, psi, fti_dchi3v",
fti_dchi4v,/pbs/home/a/amahdi/PE_for_my_work/config_files/M1e6_SEOBv5_id_2/M1e6_SEOBv5_id_2_fti_dchi4v_IMR.json,/pbs/home/a/amahdi/PE_for_my_work/run_data/M1e6_SEOBv5_id_2,M1e6_SEOBv5_id_2_fti_dchi4v_IMR,True,configured_string_concat,/pbs/home/a/amahdi/PE_for_my_work/run_data/M1e6_SEOBv5_id_2M1e6_SEOBv5_id_2_fti_dchi4v_IMR.h5,True,configured_string_concat,/pbs/home/a/amahdi/PE_for_my_work/run_data/M1e6_SEOBv5_id_2M1e6_SEOBv5_id_2_fti_dchi4v_IMR_raw.h5,ptemcee,64,10,10000,5000,True,10000,5000,applying burn-in because raw nsteps=10000 equals config n_iter=10000,1e-05,0.2,SEOBNRv5HMROM,TDIAET,333021.2829607493,0.0,"Mchirp, q, chiPN, chim, Deltat, dist, inc, phi, lambda, beta, psi, fti_dchi4v",
fti_dchi5lv,/pbs/home/a/amahdi/PE_for_my_work/config_files/M1e6_SEOBv5_id_2/M1e6_SEOBv5_id_2_fti_dchi5lv_IMR.json,/pbs/home/a/amahdi/PE_for_my_work/run_data/M1e6_SEOBv5_id_2,M1e6_SEOBv5_id_2_fti_dchi5lv_IMR,True,configured_string_concat,/pbs/home/a/amahdi/PE_for_my_work/run_data/M1e6_SEOBv5_id_2M1e6_SEOBv5_id_2_fti_dchi5lv_IMR.h5,True,configured_string_concat,/pbs/home/a/amahdi/PE_for_my_work/run_data/M1e6_SEOBv5_id_2M1e6_SEOBv5_id_2_fti_dchi5lv_IMR_raw.h5,ptemcee,64,10,10000,5000,True,10000,5000,applying burn-in because raw nsteps=10000 equals config n_iter=10000,1e-05,0.2,SEOBNRv5HMROM,TDIAET,333021.2829607493,0.0,"Mchirp, q, chiPN, chim, Deltat, dist, inc, phi, lambda, beta, psi, fti_dchi5lv",
fti_dchi6lv,/pbs/home/a/amahdi/PE_for_my_work/config_files/M1e6_SEOBv5_id_2/M1e6_SEOBv5_id_2_fti_dchi6lv_IMR.json,/pbs/home/a/amahdi/PE_for_my_work/run_data/M1e6_SEOBv5_id_2,M1e6_SEOBv5_id_2_fti_dchi6lv_IMR,True,configured_string_concat,/pbs/home/a/amahdi/PE_for_my_work/run_data/M1e6_SEOBv5_id_2M1e6_SEOBv5_id_2_fti_dchi6lv_IMR.h5,True,configured_string_concat,/pbs/home/a/amahdi/PE_for_my_work/run_data/M1e6_SEOBv5_id_2M1e6_SEOBv5_id_2_fti_dchi6lv_IMR_raw.h5,ptemcee,64,10,10000,5000,True,10000,5000,applying burn-in because raw nsteps=10000 equals config n_iter=10000,1e-05,0.2,SEOBNRv5HMROM,TDIAET,333021.2829607493,0.0,"Mchirp, q, chiPN, chim, Deltat, dist, inc, phi, lambda, beta, psi, fti_dchi6lv",
fti_dchi6v,/pbs/home/a/amahdi/PE_for_my_work/config_files/M1e6_SEOBv5_id_2/M1e6_SEOBv5_id_2_fti_dchi6v_IMR.json,/pbs/home/a/amahdi/PE_for_my_work/run_data/M1e6_SEOBv5_id_2,M1e6_SEOBv5_id_2_fti_dchi6v_IMR,True,configured_string_concat,/pbs/home/a/amahdi/PE_for_my_work/run_data/M1e6_SEOBv5_id_2M1e6_SEOBv5_id_2_fti_dchi6v_IMR.h5,True,configured_string_concat,/pbs/home/a/amahdi/PE_for_my_work/run_data/M1e6_SEOBv5_id_2M1e6_SEOBv5_id_2_fti_dchi6v_IMR_raw.h5,ptemcee,64,10,10000,5000,True,10000,5000,applying burn-in because raw nsteps=10000 equals config n_iter=10000,1e-05,0.2,SEOBNRv5HMROM,TDIAET,333021.2829607493,0.0,"Mchirp, q, chiPN, chim, Deltat, dist, inc, phi, lambda, beta, psi, fti_dchi6v",
fti_dchi7v,/pbs/home/a/amahdi/PE_for_my_work/config_files/M1e6_SEOBv5_id_2/M1e6_SEOBv5_id_2_fti_dchi7v_IMR.json,/pbs/home/a/amahdi/PE_for_my_work/run_data/M1e6_SEOBv5_id_2,M1e6_SEOBv5_id_2_fti_dchi7v_IMR,True,configured_string_concat,/pbs/home/a/amahdi/PE_for_my_work/run_data/M1e6_SEOBv5_id_2M1e6_SEOBv5_id_2_fti_dchi7v_IMR.h5,True,configured_string_concat,/pbs/home/a/amahdi/PE_for_my_work/run_data/M1e6_SEOBv5_id_2M1e6_SEOBv5_id_2_fti_dchi7v_IMR_raw.h5,ptemcee,64,10,10000,5000,True,10000,5000,applying burn-in because raw nsteps=10000 equals config n_iter=10000,1e-05,0.2,SEOBNRv5HMROM,TDIAET,333021.2829607493,0.0,"Mchirp, q, chiPN, chim, Deltat, dist, inc, phi, lambda, beta, psi, fti_dchi7v",
fti_dchiMinus2v,/pbs/home/a/amahdi/PE_for_my_work/config_files/M1e6_SEOBv5_id_2/M1e6_SEOBv5_id_2_fti_dchiMinus2v_IMR.json,/pbs/home/a/amahdi/PE_for_my_work/run_data/M1e6_SEOBv5_id_2,M1e6_SEOBv5_id_2_fti_dchiMinus2v_IMR,True,configured_string_concat,/pbs/home/a/amahdi/PE_for_my_work/run_data/M1e6_SEOBv5_id_2M1e6_SEOBv5_id_2_fti_dchiMinus2v_IMR.h5,True,configured_string_concat,/pbs/home/a/amahdi/PE_for_my_work/run_data/M1e6_SEOBv5_id_2M1e6_SEOBv5_id_2_fti_dchiMinus2v_IMR_raw.h5,ptemcee,64,10,10000,5000,True,10000,5000,applying burn-in because raw nsteps=10000 equals config n_iter=10000,1e-05,0.2,SEOBNRv5HMROM,TDIAET,333021.2829607493,0.0,"Mchirp, q, chiPN, chim, Deltat, dist, inc, phi, lambda, beta, psi, fti_dchiMinus2v",
fti_dkappa_S,/pbs/home/a/amahdi/PE_for_my_work/config_files/M1e6_SEOBv5_id_2/M1e6_SEOBv5_id_2_fti_dkappa_S_IMR.json,/pbs/home/a/amahdi/PE_for_my_work/run_data/M1e6_SEOBv5_id_2,M1e6_SEOBv5_id_2_fti_dkappa_S_IMR,True,configured_string_concat,/pbs/home/a/amahdi/PE_for_my_work/run_data/M1e6_SEOBv5_id_2M1e6_SEOBv5_id_2_fti_dkappa_S_IMR.h5,True,configured_string_concat,/pbs/home/a/amahdi/PE_for_my_work/run_data/M1e6_SEOBv5_id_2M1e6_SEOBv5_id_2_fti_dkappa_S_IMR_raw.h5,ptemcee,64,10,10000,5000,True,10000,5000,applying burn-in because raw nsteps=10000 equals config n_iter=10000,1e-05,0.2,SEOBNRv5HMROM,TDIAET,333021.2829607493,0.0,"Mchirp, q, chiPN, chim, Deltat, dist, inc, phi, lambda, beta, psi, fti_dkappa_S",
fti_dxi0v,/pbs/home/a/amahdi/PE_for_my_work/config_files/M1e6_SEOBv5_id_2/M1e6_SEOBv5_id_2_fti_dxi0v_IMR.json,/pbs/home/a/amahdi/PE_for_my_work/run_data/M1e6_SEOBv5_id_2,M1e6_SEOBv5_id_2_fti_dxi0v_IMR,True,configured_string_concat,/pbs/home/a/amahdi/PE_for_my_work/run_data/M1e6_SEOBv5_id_2M1e6_SEOBv5_id_2_fti_dxi0v_IMR.h5,True,configured_string_concat,/pbs/home/a/amahdi/PE_for_my_work/run_data/M1e6_SEOBv5_id_2M1e6_SEOBv5_id_2_fti_dxi0v_IMR_raw.h5,ptemcee,64,10,10000,5000,True,10000,5000,applying burn-in because raw nsteps=10000 equals config n_iter=10000,1e-05,0.2,SEOBNRv5HMROM,TDIAET,333021.2829607493,0.0,"Mchirp, q, chiPN, chim, Deltat, dist, inc, phi, lambda, beta, psi, fti_dxi0v",
