inj_id,active_fti_run,parameter,posterior_source,reference_mode,reference_value,sigma_CV,CV_delta_theta,CV_bias_over_sigma,number_of_posterior_samples,PE_mean_over_sigma_CV,PE_median_over_sigma_CV,PE_q05_over_sigma_CV,PE_q16_over_sigma_CV,PE_q84_over_sigma_CV,PE_q95_over_sigma_CV,PE_median_minus_CV,raw_burnin_used,raw_burnin_reason
4,fti_dchi0v,Mchirp,processed,truth,333021.2829607493,90.01781188761116,1.629491187166139e-14,1.810187509557095e-16,40000,-0.009313384724681604,-0.013962716510532706,-1.6784804298264226,-1.023060213437132,1.0079754451574694,1.6815604974257858,-0.013962716510532887,0,processed posterior
4,fti_dchi0v,q,processed,truth,4.0,0.0046710177848325,-1.1398019225879685e-17,-2.4401575311682125e-15,40000,0.031795853324643554,0.0482412417561964,-1.6428110778010871,-0.9669135810670413,1.0182085179751477,1.6638152624103872,0.048241241756198844,0,processed posterior
4,fti_dchi0v,chiPN,processed,truth,0.44619469026548675,0.0003026590934667,-9.937309298419405e-19,-3.2833341250699137e-15,40000,0.013791108221181745,0.02018907364204546,-1.6411176268135657,-0.9803471700472602,1.0065503228817305,1.6646377325914572,0.020189073642048742,0,processed posterior
4,fti_dchi0v,chim,processed,truth,0.30000000000000004,0.0026292981265548,3.651633007468307e-18,1.3888242533580947e-15,40000,0.0057252785770583615,-0.007788105600755848,-1.6096488967515545,-0.9902632526332219,1.0056817746094617,1.6917035296614102,-0.0077881056007572365,0,processed posterior
4,fti_dchi0v,Deltat,processed,truth,0.0,0.0954887703526909,3.3389884065870554e-16,3.496734112560453e-15,40000,0.049386484252304005,0.04436369837738753,-1.61730533770797,-0.960559780791943,1.0660248316731114,1.7256383364332486,0.044363698377384034,0,processed posterior
4,fti_dchi0v,dist,processed,truth,6791.810623950696,28.14567402677272,3.848650153742964e-15,1.367403797145541e-16,40000,0.011624752177683993,0.012116164571166321,-1.6150230329211859,-0.9777588653235593,1.0074884206037622,1.6492723446397557,0.012116164571166184,0,processed posterior
4,fti_dchi0v,inc,processed,truth,1.0471975511965976,0.0028544198654446,-2.303984335647889e-18,-8.071637825744406e-16,40000,-0.018398861239293737,-0.008378815460244816,-1.650288577561516,-1.0190684017673217,0.9596273184326711,1.617011831470338,-0.008378815460244009,0,processed posterior
4,fti_dchi0v,phi,processed,truth,0.7,0.015802145109868,-3.690184581575227e-17,-2.335242814135917e-15,40000,0.02534706990462014,0.03153372535874369,-1.645856218229859,-0.9815777875023527,1.026553931630928,1.6673379299263857,0.03153372535874603,0,processed posterior
4,fti_dchi0v,lambda,processed,truth,1.0,0.0033940607991012,6.0078555473658715e-18,1.7701084049398422e-15,40000,0.011188573254337137,0.01219185613804051,-1.6531286349045966,-0.9750246745405511,0.9982021747885521,1.6501178092896442,0.012191856138038741,0,processed posterior
4,fti_dchi0v,beta,processed,truth,0.5235987755982988,0.0017048653391167,-2.016912607846504e-18,-1.183033381915945e-15,40000,0.0006789118523986932,0.0020871416438692243,-1.6487802441662198,-1.0097583832494197,1.0102524411458167,1.6738434308215853,0.0020871416438704073,0,processed posterior
4,fti_dchi0v,psi,processed,truth,1.2,0.0038947217840362,4.4508097889516724e-18,1.1427799046378056e-15,40000,0.022433187379727867,0.028095436140582963,-1.5960627727031367,-0.9637060970758333,1.009724668363568,1.6696895327953594,0.028095436140581822,0,processed posterior
4,fti_dchi0v,fti_dchi0v,processed,truth,0.0,0.0004590911546099,-1.1951763545155122e-19,-2.6033530433211684e-16,40000,0.008927632564702564,0.015585453853670675,-1.6755430888870033,-1.0093715555630964,1.0228812204190778,1.6786643157012737,0.015585453853670935,0,processed posterior
4,fti_dchi1v,Mchirp,processed,truth,333021.2829607493,15.602324502785828,1.2547499392415396e-15,8.042070519796593e-17,40000,1.9484226803814053e-05,-0.00389890057146565,-1.6193251854241417,-0.9907629180423904,0.9954378761572654,1.6385363017917987,-0.00389890057146573,0,processed posterior
4,fti_dchi1v,q,processed,truth,4.0,0.0049560728897673,-1.0481034326366389e-17,-2.114786154175892e-15,40000,-0.009701416305801838,-0.01345896373273326,-1.6379500253238148,-0.9901093910953626,0.9817043960797285,1.6045984639788566,-0.013458963732731146,0,processed posterior
4,fti_dchi1v,chiPN,processed,truth,0.44619469026548675,0.0003626714353853,-1.1053565323712685e-18,-3.0478180097005554e-15,40000,-0.019110334611078042,-0.017468229148601876,-1.677266676061685,-1.0007489377800913,0.9730481405275824,1.6040915804032947,-0.01746822914859883,0,processed posterior
4,fti_dchi1v,chim,processed,truth,0.30000000000000004,0.0029410395875522,4.348953193622458e-18,1.4787129054736907e-15,40000,0.007080023669546662,-0.005856633119230502,-1.6510564021991812,-0.9956064843058575,1.0021607294170998,1.6709777534796784,-0.005856633119231981,0,processed posterior
4,fti_dchi1v,Deltat,processed,truth,0.0,0.0927240512303411,3.2982386866756783e-16,3.55704765151205e-15,40000,0.11974695382787215,0.10935654571058054,-1.4819303094905265,-0.8767512689891553,1.1160000180372605,1.7752402634900089,0.10935654571057699,0,processed posterior
4,fti_dchi1v,dist,processed,truth,6791.810623950696,28.39417831544612,5.7408148286710425e-15,2.0218281243757995e-16,40000,-0.029660488456173858,-0.012112117567330924,-1.6991835412237373,-1.032816319712162,0.9556605335134298,1.5944363860226602,-0.012112117567331127,0,processed posterior
4,fti_dchi1v,inc,processed,truth,1.0471975511965976,0.0028418537319665,-2.3864077563350202e-18,-8.397363064437798e-16,40000,0.011059358556778715,0.011997186282182559,-1.6147095908348785,-0.984471176076682,1.0018533586657012,1.6506744888867901,0.011997186282183398,0,processed posterior
4,fti_dchi1v,phi,processed,truth,0.7,0.0157468507151241,-3.5363828527332316e-17,-2.24577149851094e-15,40000,-0.01949405770741995,-0.023158899976106637,-1.6485885886151879,-0.9957939392782951,0.969658347245446,1.5936421591482475,-0.023158899976104392,0,processed posterior
4,fti_dchi1v,lambda,processed,truth,1.0,0.0033749148979448,6.0748521231442914e-18,1.800001572437769e-15,40000,-0.009573120315732552,-0.0002235122653912073,-1.6712430161391953,-0.9980525544560996,0.9812145851804982,1.6065616231805964,-0.0002235122653930073,0,processed posterior
4,fti_dchi1v,beta,processed,truth,0.5235987755982988,0.001746492295681,-1.814333001849276e-18,-1.038843976773355e-15,40000,-0.035687612085580495,-0.0468163230935789,-1.6977459049358605,-1.0487241841472106,0.9825371223056834,1.6473586921921333,-0.04681632309357786,0,processed posterior
4,fti_dchi1v,psi,processed,truth,1.2,0.0039477149298509,4.7781077350230456e-18,1.2103477125192291e-15,40000,-0.027315257843454465,-0.028827726963933306,-1.6698568947269437,-1.0254116399036197,0.966361870528046,1.5862668418238302,-0.028827726963934517,0,processed posterior
4,fti_dchi1v,fti_dchi1v,processed,truth,0.0,0.0006848751886584,-3.803531348690573e-19,-5.553612412418238e-16,40000,-0.006089073628946558,0.0022191354799371643,-1.65649634602319,-1.0083803320516636,0.9884186739985343,1.625673892446378,0.00221913547993772,0,processed posterior
4,fti_dchi2v,Mchirp,processed,truth,333021.2829607493,7.040411521284663,-3.7436347854492906e-15,-5.3173522231356585e-16,40000,0.02924380550253946,0.03311889523687325,-1.637766621584465,-0.9662647670685363,1.0277366986253926,1.6746971849458758,0.03311889523687379,0,processed posterior
4,fti_dchi2v,q,processed,truth,4.0,0.005083214399659,-1.0229806227558318e-17,-2.0124679825121225e-15,40000,0.004265060374833131,0.0064729821250008425,-1.6269675881982977,-0.9776768473849806,0.9941253093979296,1.6286957919241878,0.006472982125002855,0,processed posterior
4,fti_dchi2v,chiPN,processed,truth,0.44619469026548675,0.0003770354300902,-1.1257148632599545e-18,-2.985700476452954e-15,40000,-0.042059225802983144,-0.04625007200400001,-1.6973102028208076,-1.0391469613283473,0.9653012047201865,1.6137707629627442,-0.04625007200399703,0,processed posterior
4,fti_dchi2v,chim,processed,truth,0.30000000000000004,0.0029399545444165,4.402360099992115e-18,1.4974245463600739e-15,40000,0.03061998360879352,0.02403325810379007,-1.609129727661728,-0.9726449272749942,1.0382516341547015,1.6946791041338936,0.02403325810378857,0,processed posterior
4,fti_dchi2v,Deltat,processed,truth,0.0,0.0946172277945305,3.25157868907751e-16,3.4365609359625233e-15,40000,0.11393458111275374,0.1167040836356378,-1.5483146186543753,-0.8886302681967713,1.1156140387889601,1.7580772915456155,0.11670408363563436,0,processed posterior
4,fti_dchi2v,dist,processed,truth,6791.810623950696,28.482574472713143,6.168362577848103e-15,2.165661879953132e-16,40000,-0.01998004184227234,-0.018716421292051463,-1.6616549558676619,-1.0031694506121451,0.9789543421383679,1.5785408209422542,-0.01871642129205168,0,processed posterior
4,fti_dchi2v,inc,processed,truth,1.0471975511965976,0.002844241315311,-2.4432040029028643e-18,-8.590002506997953e-16,40000,0.027108749319984374,0.027383737635626286,-1.5882497725787985,-0.9527520957385612,1.0112883552743541,1.6502867168346014,0.027383737635627146,0,processed posterior
4,fti_dchi2v,phi,processed,truth,0.7,0.0158357221881577,-3.5060381542549556e-17,-2.2140058486734805e-15,40000,-0.0033702238686911952,-0.002238328331009055,-1.6432931843911704,-0.9840576863592048,0.9862202431241569,1.6245463016812198,-0.0022383283310068412,0,processed posterior
4,fti_dchi2v,lambda,processed,truth,1.0,0.0033750842022982,6.137584626367807e-18,1.8184982235964766e-15,40000,-0.02838392703264136,-0.014687151241232136,-1.6690338812623808,-1.0217040795742738,0.9599440229651753,1.5788912324203745,-0.014687151241233954,0,processed posterior
4,fti_dchi2v,beta,processed,truth,0.5235987755982988,0.0017459633798453,-1.7993676845081103e-18,-1.030587299412627e-15,40000,0.006505235588561149,0.023875127627758955,-1.6473300565700149,-0.9906586509815967,0.9879003052259815,1.6446538706179459,0.023875127627759986,0,processed posterior
4,fti_dchi2v,psi,processed,truth,1.2,0.0039674088692527,4.860573921701186e-18,1.2251255370653852e-15,40000,-0.015291411406484622,-0.0017180073164064706,-1.6646841033592368,-1.0028673016392904,0.9709694131026656,1.582556579805442,-0.0017180073164076957,0,processed posterior
4,fti_dchi2v,fti_dchi2v,processed,truth,0.0,0.0004609227327647,-2.6922892395457427e-19,-5.841085822339229e-16,40000,-0.045617040118991946,-0.04369237628238579,-1.715573812543593,-1.0418433038153168,0.9453505431265015,1.6339533027641548,-0.04369237628238521,0,processed posterior
4,fti_dchi3v,Mchirp,processed,truth,333021.2829607493,4.524166405124454,-5.895675559004503e-15,-1.3031517921901727e-15,40000,0.009277539526590516,0.0035915005695171904,-1.6629763705515976,-0.9816694956780777,1.0068612911416108,1.6635795760931844,0.0035915005695184936,0,processed posterior
4,fti_dchi3v,q,processed,truth,4.0,0.0051713319693557,-1.0085888937535629e-17,-1.9503464479369395e-15,40000,0.03220343924599376,0.032506860041848204,-1.6020675595115565,-0.9604304027041758,1.012941314558716,1.6701936678649998,0.032506860041850154,0,processed posterior
4,fti_dchi3v,chiPN,processed,truth,0.44619469026548675,0.0003809517907999,-1.1314936468512737e-18,-2.9701754242326317e-15,40000,-0.03210375683401677,-0.024042452538413098,-1.7353993917597634,-1.0463982362167885,0.9946171073981684,1.6383220936112854,-0.024042452538410128,0,processed posterior
4,fti_dchi3v,chim,processed,truth,0.30000000000000004,0.0028774203775682,4.3599668638941255e-18,1.5152345822958524e-15,40000,0.04827803923609969,0.037474433559677105,-1.6152400303818666,-0.9653411280939082,1.0814889753436345,1.7349146728608793,0.03747443355967559,0,processed posterior
4,fti_dchi3v,Deltat,processed,truth,0.0,0.0978446207690902,3.194588612486233e-16,3.2649609016578925e-15,40000,0.09404156229231306,0.08572209317247356,-1.5486250146320428,-0.9075201467763868,1.092791840288748,1.7799503342101366,0.0857220931724703,0,processed posterior
4,fti_dchi3v,dist,processed,truth,6791.810623950696,28.540607405893297,6.3925554827921005e-15,2.23981059403526e-16,40000,0.006216195284080659,0.02320777934681157,-1.6359374023620843,-0.9876960057408763,0.9938935350920806,1.6358064061991804,0.023207779346811345,0,processed posterior
4,fti_dchi3v,inc,processed,truth,1.0471975511965976,0.0028491779212912,-2.4956170789073842e-18,-8.759077698371368e-16,40000,0.005742131230520794,0.006294514257483587,-1.631111853981403,-0.9859660737981277,1.004129341188801,1.633032067704886,0.006294514257484463,0,processed posterior
4,fti_dchi3v,phi,processed,truth,0.7,0.0159041669560069,-3.4899589996398465e-17,-2.1943676831949453e-15,40000,0.025978203325297967,0.02369313758176554,-1.6196504045565234,-0.9729260846058271,1.0123979780067331,1.66094894380248,0.023693137581767734,0,processed posterior
4,fti_dchi3v,lambda,processed,truth,1.0,0.0033784745892809,6.198965146443395e-18,1.834841429949257e-15,40000,-0.01343397936779384,-0.016607195666902306,-1.634451337910895,-1.0034170543954446,0.9837434754283871,1.6187760281973465,-0.01660719566690414,0,processed posterior
4,fti_dchi3v,beta,processed,truth,0.5235987755982988,0.0017363232122866,-1.813159591570396e-18,-1.0442523481458319e-15,40000,0.023853818633356127,0.01802705427401765,-1.5757366306354845,-0.9518400778577107,0.995696049247786,1.6554209789006344,0.018027054274018694,0,processed posterior
4,fti_dchi3v,psi,processed,truth,1.2,0.0039802565869914,4.904797924369168e-18,1.232281843436785e-15,40000,0.0009311008423923013,-0.0014446631395193849,-1.6285436669176427,-0.9975201987605147,0.9998721166959513,1.6437594068327883,-0.0014446631395206172,0,processed posterior
4,fti_dchi3v,fti_dchi3v,processed,truth,0.0,0.0004346665051356,2.5760865298476965e-19,5.9265816422732e-16,40000,0.04048655809522905,0.034688127409423314,-1.5836673254090228,-0.9445550309106566,1.0291820108788337,1.6892289534621259,0.034688127409422724,0,processed posterior
4,fti_dchi4v,Mchirp,processed,truth,333021.2829607493,4.028502792964115,-7.081705365741408e-15,-1.7579000759562065e-15,35584,-0.0014031700315576023,0.005793933392638063,-1.653701859218106,-1.0111006959649498,0.9950825431921728,1.6598473272012109,0.005793933392639821,0,processed posterior
4,fti_dchi4v,q,processed,truth,4.0,0.0052128834404755,-1.004272811817257e-17,-1.9265207505304418e-15,35584,0.03423064009757005,0.03236223016293227,-1.5794142981084314,-0.9584993344797134,1.0171278768909333,1.6625701934671826,0.0323622301629342,0,processed posterior
4,fti_dchi4v,chiPN,processed,truth,0.44619469026548675,0.0003771071468005,-1.1264207292337196e-18,-2.9870044595830135e-15,35584,-0.015354285014318856,-0.009387224207375889,-1.6702810082507167,-1.0243075083622812,0.9948047186936685,1.623201660105426,-0.009387224207372901,0,processed posterior
4,fti_dchi4v,chim,processed,truth,0.30000000000000004,0.0027584155062403,4.2334202236789994e-18,1.5347289826720559e-15,35584,0.02711881398268377,0.013029286976765312,-1.596909259247779,-0.9582088393191204,1.0213059246263616,1.6706014758673167,0.013029286976763777,0,processed posterior
4,fti_dchi4v,Deltat,processed,truth,0.0,0.1017589956790084,3.143367333134596e-16,3.089031404211307e-15,35584,0.05165601951013639,0.054093218885782,-1.582420923974872,-0.9454281392886816,1.0450214240204192,1.6895241773434277,0.054093218885778914,0,processed posterior
4,fti_dchi4v,dist,processed,truth,6791.810623950696,28.54823698240561,6.382821095372612e-15,2.2358021965792036e-16,35584,-0.017012775594687893,-0.012217767000015946,-1.7071926924408505,-1.0262548906883,0.9963287510511064,1.6598323500159584,-0.01221776700001617,0,processed posterior
4,fti_dchi4v,inc,processed,truth,1.0471975511965976,0.0028560069028091,-2.541083088136841e-18,-8.897328243981108e-16,35584,0.021756649444389074,0.017170156838343564,-1.648446030221901,-1.0084474022915055,1.0457572584058747,1.6977508016123781,0.017170156838344452,0,processed posterior
4,fti_dchi4v,phi,processed,truth,0.7,0.0158855549418046,-3.496286096986835e-17,-2.2009215981406923e-15,35584,0.027801801986603435,0.02189834599005585,-1.5890830131123372,-0.9554867760296173,1.0112824049819733,1.6459455439067932,0.02189834599005805,0,processed posterior
4,fti_dchi4v,lambda,processed,truth,1.0,0.0033846322391376,6.255695492674945e-18,1.8482644644042295e-15,35584,-0.02902507360022456,-0.030144564832265325,-1.7194214726980535,-1.0418669563566394,1.0015453472066036,1.6367326747979904,-0.030144564832267174,0,processed posterior
4,fti_dchi4v,beta,processed,truth,0.5235987755982988,0.0017187883127267,-1.852378761180965e-18,-1.0777236192875527e-15,35584,0.0035031999890485417,-0.007806869408814059,-1.6253591967389318,-0.9815419939107638,1.0019755380069615,1.6658878079322523,-0.007806869408812981,0,processed posterior
4,fti_dchi4v,psi,processed,truth,1.2,0.0039844399349128,4.9115711576913694e-18,1.2326879656673403e-15,35584,-0.01772651050903469,-0.01750257895061645,-1.6928686312157883,-1.02795824626062,1.0001689640082114,1.6442919926412345,-0.017502578950617683,0,processed posterior
4,fti_dchi4v,fti_dchi4v,processed,truth,0.0,0.0040406252470264,-2.371580160691898e-18,-5.869339559359544e-16,35584,-0.038994214900217435,-0.038648538298917734,-1.6916847402120565,-1.0385913752138045,0.9566288444026102,1.6013059342349034,-0.038648538298917144,0,processed posterior
4,fti_dchi5lv,Mchirp,processed,truth,333021.2829607493,4.172422373681311,-7.738788805754713e-15,-1.8547472217983557e-15,35584,-0.012987217231743833,-0.00488508377752893,-1.6610970953911577,-1.0089925956663999,0.9793609465097998,1.608569049804026,-0.004885083777527076,0,processed posterior
4,fti_dchi5lv,q,processed,truth,4.0,0.0052047433309358,-1.008777645813549e-17,-1.938189035792805e-15,35584,-0.015959901080218962,-0.005181342743897902,-1.6579639800556136,-1.0039122631803905,0.9624354141899957,1.6289743468444506,-0.005181342743895963,0,processed posterior
4,fti_dchi5lv,chiPN,processed,truth,0.44619469026548675,0.000367809054112,-1.1139352099026224e-18,-3.0285693009705588e-15,35584,-0.01469134475882311,-0.008279171365586936,-1.6839634734341402,-1.0249500288500057,1.0025778234926253,1.619966988123596,-0.008279171365583907,0,processed posterior
4,fti_dchi5lv,chim,processed,truth,0.30000000000000004,0.0026125155051332,4.0560564986555214e-18,1.5525482971052154e-15,35584,0.00015668763023898556,0.004991496725578295,-1.637134915450802,-0.9810763161415961,0.9757553164060765,1.631517770498759,0.0049914967255767426,0,processed posterior
4,fti_dchi5lv,Deltat,processed,truth,0.0,0.1054921627200248,3.107271804205626e-16,2.9455001434109334e-15,35584,0.09101468035471326,0.09245044391479837,-1.5819203858654105,-0.9135611321780686,1.0944613656707898,1.7696419513228654,0.09245044391479543,0,processed posterior
4,fti_dchi5lv,dist,processed,truth,6791.810623950696,28.505378163332107,6.1725469350423045e-15,2.1653973154379548e-16,35584,-0.016913073371052505,-0.02639384246111024,-1.6496584382589654,-1.0113365977397322,0.9838095263813045,1.6606726727523438,-0.026393842461110456,0,processed posterior
4,fti_dchi5lv,inc,processed,truth,1.0471975511965976,0.0028632601191578,-2.5741978320407565e-18,-8.990443497665632e-16,35584,0.013165476900639728,0.034684362058714224,-1.6845497253393011,-0.979981312831678,0.9993946885879272,1.6547005522325045,0.034684362058715126,0,processed posterior
4,fti_dchi5lv,phi,processed,truth,0.7,0.0157767229000197,-3.5224760922473366e-17,-2.2327045448981917e-15,35584,-0.020231548736195617,-0.011005484720963356,-1.6583867696149797,-1.0107802155368921,0.9545952295027491,1.6326717245167586,-0.011005484720961124,0,processed posterior
4,fti_dchi5lv,lambda,processed,truth,1.0,0.0033922306526047,6.300328229407e-18,1.8572817931968566e-15,35584,-0.016591075952482933,-0.03255196219882972,-1.669415479377181,-1.0051011741123927,0.9856973930499127,1.64321483411115,-0.03255196219883158,0,processed posterior
4,fti_dchi5lv,beta,processed,truth,0.5235987755982988,0.0016984264141273,-1.906821168111233e-18,-1.1226987240957462e-15,35584,-0.013501343718706229,-0.017197980198798778,-1.6469194506110514,-0.995520931232377,0.978274701711717,1.6178308017322875,-0.017197980198797654,0,processed posterior
4,fti_dchi5lv,psi,processed,truth,1.2,0.0039798689957048,4.8864821810343815e-18,1.227799755797999e-15,35584,-0.016182762811535835,-0.03503673253624656,-1.6504278295676762,-1.0222808664565053,0.9907145303864159,1.6698184168548598,-0.03503673253624779,0,processed posterior
4,fti_dchi5lv,fti_dchi5lv,processed,truth,0.0,0.0073210590267313,4.187755827749021e-18,5.720150339531912e-16,35584,-0.011824731524610934,-0.006812360540100531,-1.6617990415848378,-1.0268543329123208,0.9820377332673301,1.638984603598557,-0.006812360540101103,0,processed posterior
4,fti_dchi6lv,Mchirp,processed,truth,333021.2829607493,4.116291575340156,-7.587688918815032e-15,-1.843331255801045e-15,35584,-0.02797732148331704,-0.02253738951969761,-1.6602368878413638,-1.0072597841935171,0.9439544252944044,1.6105351430127235,-0.022537389519695767,0,processed posterior
4,fti_dchi6lv,q,processed,truth,4.0,0.0052147096948477,-1.01121328468662e-17,-1.939155473382787e-15,35584,0.04221702936195604,0.05708435851313765,-1.6271293534108582,-0.9618944619520214,1.0484486278024165,1.6612492371600198,0.05708435851313959,0,processed posterior
4,fti_dchi6lv,chiPN,processed,truth,0.44619469026548675,0.0003727729029164,-1.1153691025570676e-18,-2.9920873910923887e-15,35584,-0.020611162609635563,-0.025919873969604032,-1.6661434479018329,-1.031053192398176,0.9835416148720951,1.6243114370658298,-0.02591987396960104,0,processed posterior
4,fti_dchi6lv,chim,processed,truth,0.30000000000000004,0.0027032664451413,4.1298555523414064e-18,1.527727893698447e-15,35584,0.045775298466476946,0.03701588289508992,-1.5671018127858225,-0.933614198189661,1.0391142336746244,1.6902968782499173,0.03701588289508839,0,processed posterior
4,fti_dchi6lv,Deltat,processed,truth,0.0,0.1028866095154607,3.14489129306149e-16,3.0566575260592184e-15,35584,0.052543375261100145,0.04217266688816142,-1.6051322505584502,-0.939676373115097,1.0615218704402725,1.726539400285922,0.04217266688815836,0,processed posterior
4,fti_dchi6lv,dist,processed,truth,6791.810623950696,28.535075935631404,6.169831821875402e-15,2.1621921861337006e-16,35584,0.008513880353152188,0.021774271881692564,-1.6727410439915562,-0.9800341648318049,1.0129596544162864,1.6474993130455104,0.02177427188169235,0,processed posterior
4,fti_dchi6lv,inc,processed,truth,1.0471975511965976,0.002858617645396,-2.5462030987412666e-18,-8.907113208519165e-16,35584,-7.120106885601996e-05,-0.008211405060711054,-1.637454790188401,-1.0036809110716023,0.9960643021350198,1.672521015976738,-0.008211405060710164,0,processed posterior
4,fti_dchi6lv,phi,processed,truth,0.7,0.0158559601342261,-3.5186718665908645e-17,-2.2191477758547002e-15,35584,0.03856096822478674,0.053916091450626105,-1.631280952796911,-0.9667471990236924,1.043218964169043,1.6693799684561315,0.053916091450628326,0,processed posterior
4,fti_dchi6lv,lambda,processed,truth,1.0,0.0033872927772446,6.265668568451655e-18,1.8497570126041707e-15,35584,-0.004308210221225641,0.006841316893984574,-1.6779979943049528,-0.9998166772891217,0.9882891629844498,1.640075319815281,0.006841316893982724,0,processed posterior
4,fti_dchi6lv,beta,processed,truth,0.5235987755982988,0.0017112087949789,-1.8828545996855786e-18,-1.100306756960535e-15,35584,0.01292672331397315,-0.0013639673823060605,-1.659932683353723,-0.9857633810162728,1.0233487514921293,1.714125306123223,-0.0013639673823049603,0,processed posterior
4,fti_dchi6lv,psi,processed,truth,1.2,0.003983430200321,4.882441209662494e-18,1.2256876521318357e-15,35584,0.013364379226099402,0.010127259252587112,-1.6444782175559258,-0.9806908178429317,1.0116273070163269,1.6614410296781712,0.010127259252585886,0,processed posterior
4,fti_dchi6lv,fti_dchi6lv,processed,truth,0.0,0.0101050301849363,5.6179587569829515e-18,5.559566526933998e-16,35584,0.03269173516068979,0.0272981820201651,-1.603495288357527,-0.9693763529437509,1.0328339435788156,1.6960885363516771,0.027298182020164544,0,processed posterior
4,fti_dchi6v,Mchirp,processed,truth,333021.2829607493,4.380801691320808,-8.072655047105441e-15,-1.8427346444599145e-15,40000,-0.036912342890303707,-0.038735885051003616,-1.6778544179477688,-1.021301666228894,0.9654509007023546,1.603081516918562,-0.03873588505100177,0,processed posterior
4,fti_dchi6v,q,processed,truth,4.0,0.0051606021664515,-1.018290547689962e-17,-1.9732010235351125e-15,40000,0.02321215333304619,0.02215306434172788,-1.6359873219740715,-0.9817791134418679,1.0303261206488146,1.6813723072098516,0.022153064341729853,0,processed posterior
4,fti_dchi6v,chiPN,processed,truth,0.44619469026548675,0.0003563254834659,-1.0987984638635552e-18,-3.083693181794866e-15,40000,-0.04086900129927999,-0.027950863119723286,-1.7262388536942141,-1.0309581109636339,0.9396278686907698,1.6003473487029864,-0.027950863119720202,0,processed posterior
4,fti_dchi6v,chim,processed,truth,0.30000000000000004,0.0024764909732331,3.870683125659915e-18,1.5629708193955877e-15,40000,0.03202931604600167,0.02267325537696428,-1.6024671498514542,-0.9796285841674882,1.0316434223323359,1.73000863959693,0.022673255376962718,0,processed posterior
4,fti_dchi6v,Deltat,processed,truth,0.0,0.1084282202343722,3.08631386180981e-16,2.8464119904749997e-15,40000,0.04495081136036349,0.05078922116433271,-1.6126298644387127,-0.9637069851178409,1.0526586667663407,1.6926326604921995,0.050789221164329865,0,processed posterior
4,fti_dchi6v,dist,processed,truth,6791.810623950696,28.43212006707447,5.8608782707550805e-15,2.0613581600417519e-16,40000,0.0111717437898747,0.018553459032516872,-1.6317087072200018,-0.9778587077623836,0.999112456971472,1.6404330967140819,0.018553459032516668,0,processed posterior
4,fti_dchi6v,inc,processed,truth,1.0471975511965976,0.0028695075076893,-2.5948936765224904e-18,-9.042993160216731e-16,40000,-0.0029372002075057912,-0.021346453312315196,-1.6092615850195213,-0.9743964224651661,0.9953888400135217,1.636885150316054,-0.02134645331231429,0,processed posterior
4,fti_dchi6v,phi,processed,truth,0.7,0.0156158965986705,-3.5585712583262183e-17,-2.278813282248031e-15,40000,0.012611361245786976,0.011102543273821692,-1.6399951656604337,-0.9880487635346503,1.015449006125609,1.6604833037469615,0.011102543273823972,0,processed posterior
4,fti_dchi6v,lambda,processed,truth,1.0,0.0033995830200847,6.331111496598134e-18,1.8623200137175637e-15,40000,-0.006488764625009726,0.0012144335928852491,-1.642445179975562,-0.9946058736221369,0.9764766820984653,1.6013127454019858,0.001214433592883387,0,processed posterior
4,fti_dchi6v,beta,processed,truth,0.5235987755982988,0.0016806496525572,-1.963476894481752e-18,-1.1682844735035734e-15,40000,0.019091531724344267,0.010884280250970022,-1.6107181885967041,-0.9710634691517033,1.005164852156649,1.6507086409306966,0.01088428025097119,0,processed posterior
4,fti_dchi6v,psi,processed,truth,1.2,0.0039696222378828,4.8445248410333295e-18,1.2203994613898473e-15,40000,0.0026037699391923985,-0.001948993397859083,-1.6312495968523513,-0.99175638285622,0.9986572730781715,1.633654133825139,-0.0019489933978603033,0,processed posterior
4,fti_dchi6v,fti_dchi6v,processed,truth,0.0,0.006276825182076,3.485047464870736e-18,5.5522455441687e-16,40000,0.06227993485720914,0.05478478386331827,-1.5784840899379593,-0.9341421032665682,1.0708649596871174,1.7300717777300139,0.05478478386331771,0,processed posterior
4,fti_dchi7v,Mchirp,processed,truth,333021.2829607493,4.517195968339698,-8.225617822956742e-15,-1.820956602416361e-15,40000,-0.02572670154459025,-0.029735137595211715,-1.6894605917120897,-1.0276951205278926,0.9728827078879899,1.6372549751557874,-0.029735137595209894,0,processed posterior
4,fti_dchi7v,q,processed,truth,4.0,0.005099935892578,-1.0290362259835489e-17,-2.0177434533659887e-15,40000,0.03652348138155015,0.044449068352245796,-1.6158873288856919,-0.9472354513340768,1.020716133265028,1.6657119626877925,0.044449068352247816,0,processed posterior
4,fti_dchi7v,chiPN,processed,truth,0.44619469026548675,0.0003453034887524,-1.08457143047578e-18,-3.1409223069086116e-15,40000,-0.021628309938202847,-0.020249591691831846,-1.6902997848576296,-1.0234274817923033,0.9957421055956911,1.63355475296269,-0.020249591691828706,0,processed posterior
4,fti_dchi7v,chim,processed,truth,0.30000000000000004,0.002372844382388,3.7043994492435095e-18,1.5611640934983902e-15,40000,0.03732698464680813,0.02418270336985462,-1.578251073879743,-0.9506128965209153,1.0348742432792788,1.6842684362613043,0.024182703369853058,0,processed posterior
4,fti_dchi7v,Deltat,processed,truth,0.0,0.1104254319885911,3.0749258701492403e-16,2.7846174697029342e-15,40000,0.030540809813270987,0.0177678252476857,-1.588710196235885,-0.9525742764852154,1.0200906865224217,1.6936657677930345,0.017767825247682913,0,processed posterior
4,fti_dchi7v,dist,processed,truth,6791.810623950696,28.35142341766615,5.539227252754759e-15,1.9537739503065628e-16,40000,0.05358988607490683,0.051457167136644784,-1.5908581857041044,-0.9506672807885447,1.0590805936666867,1.6804545911368662,0.05145716713664459,0,processed posterior
4,fti_dchi7v,inc,processed,truth,1.0471975511965976,0.0028741207395838,-2.607203929595382e-18,-9.07130968329789e-16,40000,-0.041522184506715215,-0.04889542689380581,-1.7080954074552497,-1.0608008239758158,0.9705948030110667,1.6147566695651205,-0.048895426893804904,0,processed posterior
4,fti_dchi7v,phi,processed,truth,0.7,0.0154463897664206,-3.5954110869564504e-17,-2.3276708287995096e-15,40000,0.03291957485026971,0.042123257499238155,-1.6085394077044566,-0.9456488150790415,1.0185011680449612,1.6597631451165724,0.04212325749924048,0,processed posterior
4,fti_dchi7v,lambda,processed,truth,1.0,0.0034056432400534,6.3515776856298005e-18,1.8650155750107893e-15,40000,0.02515888563272836,0.034951310311712926,-1.6414439483770655,-0.9940486932646411,1.0479602467632136,1.6837705238073486,0.03495131031171106,0,processed posterior
4,fti_dchi7v,beta,processed,truth,0.5235987755982988,0.0016680761477674,-2.0141845060195144e-18,-1.2074895433972576e-15,40000,0.044997737358505256,0.051345476142289244,-1.5703411511221743,-0.9316975279996955,1.0259181867670668,1.6758108412410262,0.05134547614229045,0,processed posterior
4,fti_dchi7v,psi,processed,truth,1.2,0.0039574591557635,4.7997925593424185e-18,1.2128470239173978e-15,40000,0.04263269871700589,0.03666949139910723,-1.6068518299225572,-0.9569901004787487,1.053664699429409,1.6693896604327707,0.03666949139910602,0,processed posterior
4,fti_dchi7v,fti_dchi7v,processed,truth,0.0,0.0027002036130874,-1.464968549786855e-18,-5.425400301986179e-16,40000,-0.037859026778209494,-0.050425410879912175,-1.6457645833820702,-1.0346705309093407,0.9637736882611906,1.6097108234233128,-0.050425410879911634,0,processed posterior
4,fti_dchiMinus2v,Mchirp,processed,truth,333021.2829607493,14.84524099265963,-1.4537901790091048e-14,-9.792971227128917e-16,35584,-0.007921894401701693,-0.004617157946007457,-1.7010736913480786,-1.0041107402816378,1.0027099543470817,1.6514243391513888,-0.004617157946006477,0,processed posterior
4,fti_dchiMinus2v,q,processed,truth,4.0,0.0048490583180513,-1.0724807990394225e-17,-2.2117300487951693e-15,35584,0.005574544363386899,0.005980659444994486,-1.6653718027353417,-1.0104835228168978,1.0226638744121577,1.673008985583424,0.005980659444996698,0,processed posterior
4,fti_dchiMinus2v,chiPN,processed,truth,0.44619469026548675,0.0003610867818136,-1.0966705729914673e-18,-3.0371385169053067e-15,35584,-0.012595402506701237,-0.0034604178145744287,-1.692862574521588,-1.0248958534960282,0.9819577369221337,1.6558918007623973,-0.0034604178145713916,0,processed posterior
4,fti_dchiMinus2v,chim,processed,truth,0.30000000000000004,0.0027060957657351,4.077833558118008e-18,1.5069065957502362e-15,35584,0.018222762813508014,0.0022547326482609932,-1.6120234214018287,-0.9751342006587282,1.032470529760255,1.6885055874011756,0.002254732648259486,0,processed posterior
4,fti_dchiMinus2v,Deltat,processed,truth,0.0,0.0900663084903823,3.4391730602291196e-16,3.818490085664353e-15,35584,0.10570808767630845,0.08720676954798813,-1.5560639985653208,-0.9187160455723091,1.1377851214106232,1.8296583301608391,0.08720676954798431,0,processed posterior
4,fti_dchiMinus2v,dist,processed,truth,6791.810623950696,28.150241206971675,4.667246866934126e-15,1.6579775756160263e-16,35584,0.019714850330731715,0.028053730058837614,-1.6569465729139046,-0.9874370133347536,1.0212027504902967,1.654720761928039,0.028053730058837448,0,processed posterior
4,fti_dchiMinus2v,inc,processed,truth,1.0471975511965976,0.0028417643414219,-2.373488030279724e-18,-8.352163462970789e-16,35584,-0.01627952478041271,-0.018715564914515863,-1.667648679564163,-1.0152625611896626,0.9789533086837755,1.6403456181444491,-0.018715564914515027,0,processed posterior
4,fti_dchiMinus2v,phi,processed,truth,0.7,0.0150628423055289,-3.690579700448186e-17,-2.4501217138106385e-15,35584,0.002397841541188911,0.004511228352773702,-1.669314208612979,-1.0136360886827933,1.0180468153768014,1.6637907633201203,0.004511228352776152,0,processed posterior
4,fti_dchiMinus2v,lambda,processed,truth,1.0,0.0033750648191671,6.071806297335069e-18,1.7990191663440324e-15,35584,0.02336575547276127,0.03702333134448711,-1.640329757458284,-0.9760811542881427,1.0253738499703011,1.6427170082518234,0.037023331344485315,0,processed posterior
4,fti_dchiMinus2v,beta,processed,truth,0.5235987755982988,0.0017117663968623,-1.8974452636611564e-18,-1.1084720830711535e-15,35584,0.008920638991988623,0.00989354259398112,-1.6319221251576215,-0.9586903984054145,0.9801162779651909,1.609206539774307,0.009893542593982228,0,processed posterior
4,fti_dchiMinus2v,psi,processed,truth,1.2,0.0039227961177992,4.666336561554036e-18,1.1895434841441577e-15,35584,0.028024770856137034,0.03197387753216552,-1.6509412433121635,-0.9655259832712805,1.0287827371065497,1.6727231235335493,0.03197387753216433,0,processed posterior
4,fti_dchiMinus2v,fti_dchiMinus2v,processed,truth,0.0,1.1033841819330284e-06,5.731073314188082e-22,5.19408689015984e-16,35584,0.010725517934035993,0.0023816425314800733,-1.6513144057302889,-0.997426668868031,1.0155821419169564,1.7196328565527472,0.0023816425314795537,0,processed posterior
4,fti_dkappa_S,Mchirp,processed,truth,333021.2829607493,4.117291231573932,-7.612515125785487e-15,-1.848913447610414e-15,35584,0.01746827783648071,0.028905803908364284,-1.6193367499311646,-0.9630818242589765,1.0030364460620333,1.6342277714621607,0.028905803908366133,0,processed posterior
4,fti_dkappa_S,q,processed,truth,4.0,0.0052052184640307,-1.0064406359217132e-17,-1.9335223735112324e-15,35584,0.019096874907056048,0.009088974605513812,-1.6314307083613449,-0.9871399760946059,1.0342477240719299,1.6945075496908635,0.009088974605515747,0,processed posterior
4,fti_dkappa_S,chiPN,processed,truth,0.44619469026548675,0.0003685837016688,-1.1167972617046146e-18,-3.029969194644804e-15,35584,0.02877152960325924,0.021037079977157053,-1.6056244694551678,-0.9454079047602437,1.0252458093423047,1.657344278320867,0.021037079977160082,0,processed posterior
4,fti_dkappa_S,chim,processed,truth,0.30000000000000004,0.0026180590402155,4.0755231366596e-18,1.5566964205376102e-15,35584,-0.010104277663485296,-0.01645336017486637,-1.636158783463541,-0.9925439968367024,0.9751599347766089,1.6543032362774512,-0.01645336017486793,0,processed posterior
4,fti_dkappa_S,Deltat,processed,truth,0.0,0.1055001969270001,3.101731469242821e-16,2.9400243407972362e-15,35584,0.056443202013412776,0.047084765531673456,-1.5877497761801227,-0.948252154812518,1.0521663184085468,1.7228601939456647,0.047084765531670514,0,processed posterior
4,fti_dkappa_S,dist,processed,truth,6791.810623950696,28.50783538645009,6.23411554673502e-15,2.1868077538072655e-16,35584,0.01784355482006159,0.02858654946822547,-1.6418872864525569,-0.9756135138963472,1.0079264519591233,1.6465081082902966,0.028586549468225253,0,processed posterior
4,fti_dkappa_S,inc,processed,truth,1.0471975511965976,0.0028630320088365,-2.576578698459153e-18,-8.999475697466066e-16,35584,-0.03533963914740696,-0.04738394782286193,-1.6361756115383619,-0.9973244179043212,0.9385270946292062,1.6218926158533338,-0.047383947822861025,0,processed posterior
4,fti_dkappa_S,phi,processed,truth,0.7,0.015780680898235,-3.516418053304204e-17,-2.2283056580261376e-15,35584,0.015661292467693627,0.0070385188005524825,-1.6355513913078878,-0.9838086875752858,1.0290141776796795,1.6959640184417055,0.007038518800554711,0,processed posterior
4,fti_dkappa_S,lambda,processed,truth,1.0,0.0033919666590599,6.302242646467954e-18,1.8579907410453885e-15,35584,0.03116074939928581,0.045761839445933566,-1.6325830191276198,-0.9414854547203756,1.0024925734699615,1.6331902304324584,0.04576183944593171,0,processed posterior
4,fti_dkappa_S,beta,processed,truth,0.5235987755982988,0.001699075616643,-1.901392734753347e-18,-1.1190748169937728e-15,35584,-0.022962558357062,-0.021932341320737382,-1.6488760003243517,-1.0250321534511935,0.9721269237474353,1.627230416128921,-0.02193234132073626,0,processed posterior
4,fti_dkappa_S,psi,processed,truth,1.2,0.003980099001666,4.895384298969631e-18,1.2299654598844173e-15,35584,0.019019366825010053,0.025532920740193872,-1.6305691100988968,-0.9650373987272688,1.0055266932437317,1.6420777859337992,0.02553292074019264,0,processed posterior
4,fti_dkappa_S,fti_dkappa_S,processed,truth,0.0,0.006567031945564,3.821495144417846e-18,5.819212052104069e-16,35584,-0.006298105169638233,-0.021998775658456936,-1.6535257073383427,-1.0320363692887418,1.0168309935417106,1.6933574822517383,-0.02199877565845752,0,processed posterior
4,fti_dxi0v,Mchirp,processed,truth,333021.2829607493,91.233163863242,1.6992879045980447e-14,1.8625769760054226e-16,40000,-0.008449164405514034,-0.018961379504010223,-1.6087730474792437,-0.9909843767950068,0.9811742553602176,1.611208283310696,-0.01896137950401041,0,processed posterior
4,fti_dxi0v,q,processed,truth,4.0,0.0046710650754349,-1.1396617526901602e-17,-2.4398327453916962e-15,40000,0.023429422733283838,0.03628133338267603,-1.6322331494043503,-0.9602136208684567,1.0090980000769318,1.6678736686345033,0.03628133338267847,0,processed posterior
4,fti_dxi0v,chiPN,processed,truth,0.44619469026548675,0.0003026628998557,-9.936460773371573e-19,-3.2830124795965943e-15,40000,-0.007579150581607001,-0.00911246350933739,-1.685826944884893,-1.0246266892699325,1.0110651769943981,1.6580278990534167,-0.009112463509334106,0,processed posterior
4,fti_dxi0v,chim,processed,truth,0.30000000000000004,0.0026396811349439,3.662312634508852e-18,1.3874072084038612e-15,40000,0.02656932518201347,0.008502038417958291,-1.5974457009368725,-0.9642222256401863,1.0206183419545105,1.703564394840104,0.008502038417956903,0,processed posterior
4,fti_dxi0v,Deltat,processed,truth,0.0,0.0956553527818469,3.3363491611960954e-16,3.4878854807059524e-15,40000,0.09426594555229871,0.09110613782602958,-1.577036751074557,-0.9226225675994985,1.1179803581741095,1.768482542709713,0.0911061378260261,0,processed posterior
4,fti_dxi0v,dist,processed,truth,6791.810623950696,28.163067292534308,3.8942817891002666e-15,1.3827619515480098e-16,40000,-0.005922552023239865,-0.0017487226103009546,-1.6497304816530367,-1.0044743227355166,0.9862384725286137,1.6447121378729348,-0.001748722610301093,0,processed posterior
4,fti_dxi0v,inc,processed,truth,1.0471975511965976,0.0028543725006617,-2.302752940692429e-18,-8.067457699226732e-16,40000,0.00940725660866791,0.010282757403013511,-1.654294399106177,-0.9890035443140458,1.0020311196188354,1.6462583823640409,0.010282757403014318,0,processed posterior
4,fti_dxi0v,phi,processed,truth,0.7,0.0158379563548314,-3.685370630958762e-17,-2.32692308805014e-15,40000,0.015576269537906359,0.028289703116768622,-1.631341347821085,-0.9660442145412924,0.996167144281463,1.6530650377499916,0.02828970311677095,0,processed posterior
4,fti_dxi0v,lambda,processed,truth,1.0,0.0033941319514875,6.005916637383983e-18,1.7695000439661318e-15,40000,-0.0026038537887414803,-0.006753879164717728,-1.6487654424442508,-1.0061565501581464,0.9975777915396719,1.657633417339559,-0.0067538791647194975,0,processed posterior
4,fti_dxi0v,beta,processed,truth,0.5235987755982988,0.0017082178690419,-2.0121542744150404e-18,-1.177926019204805e-15,40000,0.0017513672286223873,-0.003774093772968715,-1.6162066377569466,-0.97847088285802,0.982349772072379,1.6664070239122548,-0.0037740937729675373,0,processed posterior
4,fti_dxi0v,psi,processed,truth,1.2,0.0038953228326174,4.4543573850484545e-18,1.1435143058618892e-15,40000,0.005747122520591072,0.0010813897548559127,-1.6549274995187053,-0.9886780063012036,1.0018484839253727,1.660591711643816,0.001081389754854769,0,processed posterior
4,fti_dxi0v,fti_dxi0v,processed,truth,0.0,2.214034776003436e-05,-3.8034435576709785e-20,-1.7178788693358247e-15,40000,-0.010411966881102148,-0.007253280316398506,-1.6844647270172133,-1.0249496210464089,1.0015175042568591,1.6577466278415125,-0.007253280316396788,0,processed posterior
