active_fti_run,parameter,CV_bias_over_sigma,median_PE_bias_over_sigma,median_PE_minus_CV,absolute_difference,CV_delta_theta,median_PE_delta_theta,sigma_CV,sigma_PE,sigma_PE_over_sigma_CV
fti_dchi1v,Deltat,0.5453184007537077,0.6597983184286518,0.11447991767494403,0.11447991767494403,0.0505641313283344,0.0621671069753335,0.0927240512303411,0.094221378319648,1.0161482060958198
fti_dchi6lv,Deltat,0.5462707485367125,0.6449656611539469,0.0986949126172344,0.0986949126172344,0.0562039451944151,0.0667823747475216,0.1028866095154607,0.1035440780336077,1.0063902243571181
fti_dchi6v,Deltat,0.5625060478381753,0.6529242161031045,0.09041816826492921,0.09041816826492921,0.060991529638164,0.0720273977799696,0.1084282202343722,0.1103150963060553,1.0174020754708002
fti_dchi2v,Deltat,0.5403944944760716,0.6247321191976852,0.08433762472161366,0.08433762472161366,0.0511306289827526,0.060147390275563,0.0946172277945305,0.0962770896953523,1.017542914113129
fti_dchi3v,Deltat,0.5382804093572452,0.6223147400066159,0.08403433064937071,0.08403433064937071,0.0526678425209903,0.0604207806572075,0.0978446207690902,0.0970903897544917,0.992291543381026
fti_dchi0v,Deltat,0.55024176060022,0.6330287652869547,0.08278700468673472,0.08278700468673472,0.0525419091164147,0.0609855592072904,0.0954887703526909,0.0963393175026499,1.0089073002701519
fti_dchi4v,Deltat,0.5422505330624138,0.6233968093096004,0.08114627624718662,0.08114627624718662,0.0551788696508381,0.0640745581262789,0.1017589956790084,0.1027829420513721,1.0100624653921868
fti_dchi1v,chiPN,-1.0154527522058023,-1.091659356593361,-0.07620660438755866,0.07620660438755866,-0.0003682757072084,-0.0003902768681577,0.0003626714353853,0.000357507922046,0.9857625585157698
fti_dxi0v,Deltat,0.550204867415864,0.6257023292497189,0.07549746183385486,0.07549746183385486,0.0526300406949538,0.0607905744921857,0.0956553527818469,0.0971557426757222,1.0156853730632003
fti_dchiMinus2v,Deltat,0.5758855407286491,0.6476803400840904,0.07179479935544131,0.07179479935544131,0.0518678847664171,0.0588578669393993,0.0900663084903823,0.090874870359285,1.008977406562511
fti_dchi1v,chim,-0.2696434696394842,-0.1996442055129337,0.06999926412655053,0.06999926412655053,-0.0007930321187346,-0.0005854708982783,0.0029410395875522,0.0029325714551752,0.9971207009885754
fti_dchi1v,fti_dchi1v,-0.0399999984959115,-0.1061171440448072,-0.0661171455488957,0.0661171455488957,-2.7395006516224563e-05,-7.269116729082849e-05,0.0006848751886584,0.0006850087037786,1.0001949481050139
fti_dxi0v,chim,-0.3479699202630745,-0.286091913685243,0.06187800657783149,0.06187800657783149,-0.0009185296340464,-0.0007543489790828,0.0026396811349439,0.0026367364577553,0.9988844572362857
fti_dchi1v,Mchirp,-0.1027341254299774,-0.0458148159721391,0.056919309457838296,0.056919309457838296,-1.60289116246841,-0.7192429659189656,15.602324502785828,15.69891640198558,1.0061908659304262
fti_dxi0v,Mchirp,-0.0603119648654565,-0.0093570957900992,0.050954869075357304,0.050954869075357304,-5.502451373484291,-0.8496500283363275,91.233163863242,90.80274984844615,0.9952822636356113
fti_dchi5lv,Deltat,0.551381914251393,0.598810263176015,0.047428348924622,0.047428348924622,0.0581664706190867,0.0641892515089792,0.1054921627200248,0.1071946415355799,1.0161384388342996
fti_dxi0v,dist,-0.4325646143731736,-0.3869175427431416,0.04564707163003201,0.04564707163003201,-12.18234634296084,-11.053927988194118,28.163067292534308,28.5692085962935,1.014421060729662
fti_dchi7v,q,-1.4376720244008143,-1.3954217706473293,0.04225025375348501,0.04225025375348501,-0.007332035158997,-0.0071649865769014,0.005099935892578,0.0051346386645362,1.0068045506236074
fti_dchi3v,fti_dchi3v,-0.0315898126176309,0.0095398933597442,0.0411297059773751,0.0411297059773751,-1.3731033448396296e-05,4.1581580006979776e-06,0.0004346665051356,0.0004358704907797,1.0027699066522837
fti_dchi6v,inc,0.4911199747489049,0.5321551707260415,0.04103519597713656,0.04103519597713656,0.0014092724547181,0.0015131046764549,0.0028695075076893,0.00284335238985,0.9908851544144026
