active_fti_run,n_parameters,mean_absolute_difference,RMSE,Pearson_correlation,sign_agreement_fraction,maximum_absolute_difference,parameter_with_maximum_difference
fti_dchi0v,12,0.27891586950045905,0.33254611112211496,0.9989417918938586,1.0,0.6166928140978429,Deltat
fti_dchi1v,12,0.2799546748347193,0.31365797205893803,0.9989737936088289,1.0,0.5954449780150779,chim
fti_dchi2v,12,0.27766911266453376,0.3262261097432214,0.9986730768787114,0.9166666666666666,0.5024218027079099,Deltat
fti_dchi3v,12,0.2891796616401457,0.31514903309853526,0.9988385652744717,1.0,0.4827302043545916,chim
fti_dchi4v,12,0.2719226193143935,0.30233292861038574,0.9988643470964914,1.0,0.46612731361568205,Deltat
fti_dchi5lv,12,0.27338959864894213,0.29957443619931773,0.9988571659773381,1.0,0.5543362341401874,Deltat
fti_dchi6lv,12,0.2679079750242092,0.3125311849925029,0.9987426537636798,1.0,0.46636437726063873,chim
fti_dchi6v,12,0.30708027912775987,0.3293639466612713,0.9986440756836812,1.0,0.595272444436203,Deltat
fti_dchi7v,12,0.2829212904603905,0.33982565343886206,0.9988169648052507,1.0,0.6484269282134525,Deltat
fti_dchiMinus2v,12,0.29789623237892277,0.3434853281458668,0.9988186915716052,1.0,0.6394953953904339,chim
fti_dkappa_S,12,0.2776312870359125,0.30737738448529467,0.9987299872749598,1.0,0.46747678223875067,Mchirp
fti_dxi0v,12,0.3124037616582515,0.36831402313232087,0.9986667647929564,1.0,0.7016187986797915,Deltat
